{"textures":{"0":"asurvival:mobs/miskull","1":"asurvival:mobs/decaying_zombie"},"elements":[{"from":[0,9,6],"to":[4,21,10],"faces":{"north":{"uv":[13,9,14,12],"texture":"#1"},"east":{"uv":[12,9,13,12],"texture":"#1"},"south":{"uv":[11,9,12,12],"texture":"#1"},"west":{"uv":[10,9,11,12],"texture":"#1"},"up":{"uv":[11,8,12,9],"rotation":180,"texture":"#1"},"down":{"uv":[13,8,12,9],"rotation":180,"texture":"#1"}}},{"from":[1,9.1,7],"to":[3,20.9,9],"faces":{"north":{"uv":[4.5,9,5.5,15],"texture":"#0"},"east":{"uv":[5,9,6,15],"texture":"#0"},"south":{"uv":[6,9,7,15],"texture":"#0"},"west":{"uv":[5,9,6,15],"texture":"#0"},"up":{"uv":[5,8,6,9],"texture":"#0"},"down":{"uv":[1,8,2,9],"texture":"#0"}}}],"display":{"thirdperson_lefthand":{"rotation":[90,0,0],"translation":[-6,-2,-1]}}}