{
	"textures": {
		"0": "asurvival:mobs/miskull",
		"1": "asurvival:mobs/decaying_zombie"
	},
	"elements": [
		{
			"from": [12, 9, 6],
			"to": [16, 21, 10],
			"faces": {
				"north": {"uv": [11, 5, 12, 8], "texture": "#1"},
				"east": {"uv": [10, 5, 11, 8], "texture": "#1"},
				"south": {"uv": [13, 5, 14, 8], "texture": "#1"},
				"west": {"uv": [12, 5, 13, 8], "texture": "#1"},
				"up": {"uv": [11, 4, 12, 5], "rotation": 180, "texture": "#1"},
				"down": {"uv": [12, 4, 13, 5], "rotation": 180, "texture": "#1"}
			}
		},
		{
			"from": [13, 9.1, 7],
			"to": [15, 20.9, 9],
			"faces": {
				"north": {"uv": [4.5, 9, 5.5, 15], "texture": "#0"},
				"east": {"uv": [5.5, 9, 6.5, 15], "texture": "#0"},
				"south": {"uv": [5.5, 9, 6.5, 15], "texture": "#0"},
				"west": {"uv": [5.5, 9, 6.5, 15], "texture": "#0"},
				"up": {"uv": [6, 8, 7, 9], "texture": "#0"},
				"down": {"uv": [1, 8, 2, 9], "texture": "#0"}
			}
		}
	],
	"display": {
		"thirdperson_righthand": {
			"rotation": [90, 0, 0],
			"translation": [-6, -2, -1]
		}
	}
}