{
	"textures": {
		"0": "asurvival:mobs/infested_zombie",
		"1": "asurvival:mobs/overgrowth"
	},
	"elements": [
		{
			"from": [3.9, 9, 5.9],
			"to": [12.1, 21, 10.1],
			"faces": {
				"north": {"uv": [9.25, 11.75, 7.25, 8.75], "texture": "#1"},
				"east": {"uv": [9.5, 8.25, 10.5, 11.25], "texture": "#1"},
				"south": {"uv": [10, 9, 12, 12], "texture": "#1"},
				"west": {"uv": [10, 8.25, 11, 11.25], "texture": "#1"},
				"up": {"uv": [11.25, 8.75, 13.25, 9.75], "rotation": 180, "texture": "#1"},
				"down": {"uv": [12, 0, 16, 2], "rotation": 180, "texture": "#1"}
			}
		},
		{
			"from": [4, 9, 6],
			"to": [12, 21, 10],
			"faces": {
				"north": {"uv": [5, 5, 7, 8], "texture": "#0"},
				"east": {"uv": [4, 5, 5, 8], "texture": "#0"},
				"south": {"uv": [8, 5, 10, 8], "texture": "#0"},
				"west": {"uv": [7, 5, 8, 8], "texture": "#0"},
				"up": {"uv": [5, 4, 7, 5], "rotation": 180, "texture": "#0"},
				"down": {"uv": [7, 4, 9, 5], "rotation": 180, "texture": "#0"}
			}
		},
		{
			"from": [4, -3, 6],
			"to": [8, 9, 10],
			"faces": {
				"north": {"uv": [2, 9, 1, 12], "texture": "#0"},
				"east": {"uv": [3, 9, 2, 12], "texture": "#0"},
				"south": {"uv": [1, 9, 0, 12], "texture": "#0"},
				"west": {"uv": [3, 9, 4, 12], "texture": "#0"},
				"up": {"uv": [1, 8, 2, 9], "rotation": 180, "texture": "#0"},
				"down": {"uv": [2, 8, 3, 9], "rotation": 180, "texture": "#0"}
			}
		},
		{
			"from": [8, -3, 6],
			"to": [12, 9, 10],
			"faces": {
				"north": {"uv": [1, 5, 2, 8], "texture": "#0"},
				"east": {"uv": [3, 5, 4, 8], "texture": "#0"},
				"south": {"uv": [0, 5, 1, 8], "texture": "#0"},
				"west": {"uv": [2, 5, 3, 8], "texture": "#0"},
				"up": {"uv": [1, 4, 2, 5], "rotation": 180, "texture": "#0"},
				"down": {"uv": [2, 4, 3, 5], "rotation": 180, "texture": "#0"}
			}
		}
	],
	"display": {
		"head": {
			"translation": [0, -63, 0],
			"scale": [1.6, 1.6, 1.6]
		}
	}
}