{"textures":{"0":"asurvival:mobs/animations/infested_zombie"},"elements":[{"from":[3.9,9,5.9],"to":[12.1,21,10.1],"faces":{"north":{"uv":[6.3125,2.9375,5.8125,2.1875],"texture":"#0"},"east":{"uv":[6.375,2.0625,6.625,2.8125],"texture":"#0"},"south":{"uv":[6.5,2.25,7,3],"texture":"#0"},"west":{"uv":[6.5,2.0625,6.75,2.8125],"texture":"#0"},"up":{"uv":[6.8125,2.1875,7.3125,2.4375],"rotation":180,"texture":"#0"},"down":{"uv":[7,0,8,0.5],"rotation":180,"texture":"#0"}}},{"from":[4,9,6],"to":[12,21,10],"faces":{"north":{"uv":[1.25,1.25,1.75,2],"texture":"#0"},"east":{"uv":[1,1.25,1.25,2],"texture":"#0"},"south":{"uv":[2,1.25,2.5,2],"texture":"#0"},"west":{"uv":[1.75,1.25,2,2],"texture":"#0"},"up":{"uv":[1.25,1,1.75,1.25],"rotation":180,"texture":"#0"},"down":{"uv":[1.75,1,2.25,1.25],"rotation":180,"texture":"#0"}}},{"from":[4.00087,-3,5.99913],"to":[8.00087,9,9.99913],"rotation":{"angle":22.5,"axis":"x","origin":[8,7.5,8]},"faces":{"north":{"uv":[0.5,2.25,0.25,3],"texture":"#0"},"east":{"uv":[0.75,2.25,0.5,3],"texture":"#0"},"south":{"uv":[0.25,2.25,0,3],"texture":"#0"},"west":{"uv":[0.75,2.25,1,3],"texture":"#0"},"up":{"uv":[0.25,2,0.5,2.25],"rotation":180,"texture":"#0"},"down":{"uv":[0.5,2,0.75,2.25],"rotation":180,"texture":"#0"}}},{"from":[7.99213,-3.00348,6.01134],"to":[11.99213,8.99652,10.01134],"rotation":{"angle":-22.5,"axis":"x","origin":[8,7.5,8]},"faces":{"north":{"uv":[0.25,1.25,0.5,2],"texture":"#0"},"east":{"uv":[0.75,1.25,1,2],"texture":"#0"},"south":{"uv":[0,1.25,0.25,2],"texture":"#0"},"west":{"uv":[0.5,1.25,0.75,2],"texture":"#0"},"up":{"uv":[0.25,1,0.5,1.25],"rotation":180,"texture":"#0"},"down":{"uv":[0.5,1,0.75,1.25],"rotation":180,"texture":"#0"}}},{"from":[3.9,9,5.9],"to":[12.1,21,10.1],"faces":{"north":{"uv":[14.3125,2.9375,13.8125,2.1875],"texture":"#0"},"east":{"uv":[14.375,2.0625,14.625,2.8125],"texture":"#0"},"south":{"uv":[14.5,2.25,15,3],"texture":"#0"},"west":{"uv":[14.5,2.0625,14.75,2.8125],"texture":"#0"},"up":{"uv":[14.8125,2.1875,15.3125,2.4375],"rotation":180,"texture":"#0"},"down":{"uv":[15,0,16,0.5],"rotation":180,"texture":"#0"}}},{"from":[4,9,6],"to":[12,21,10],"faces":{"north":{"uv":[9.25,1.25,9.75,2],"texture":"#0"},"east":{"uv":[9,1.25,9.25,2],"texture":"#0"},"south":{"uv":[10,1.25,10.5,2],"texture":"#0"},"west":{"uv":[9.75,1.25,10,2],"texture":"#0"},"up":{"uv":[9.25,1,9.75,1.25],"rotation":180,"texture":"#0"},"down":{"uv":[9.75,1,10.25,1.25],"rotation":180,"texture":"#0"}}},{"from":[4,-3,6],"to":[8,9,10],"faces":{"north":{"uv":[8.5,2.25,8.25,3],"texture":"#0"},"east":{"uv":[8.75,2.25,8.5,3],"texture":"#0"},"south":{"uv":[8.25,2.25,8,3],"texture":"#0"},"west":{"uv":[8.75,2.25,9,3],"texture":"#0"},"up":{"uv":[8.25,2,8.5,2.25],"rotation":180,"texture":"#0"},"down":{"uv":[8.5,2,8.75,2.25],"rotation":180,"texture":"#0"}}},{"from":[8,-3,6],"to":[12,9,10],"faces":{"north":{"uv":[8.25,1.25,8.5,2],"texture":"#0"},"east":{"uv":[8.75,1.25,9,2],"texture":"#0"},"south":{"uv":[8,1.25,8.25,2],"texture":"#0"},"west":{"uv":[8.5,1.25,8.75,2],"texture":"#0"},"up":{"uv":[8.25,1,8.5,1.25],"rotation":180,"texture":"#0"},"down":{"uv":[8.5,1,8.75,1.25],"rotation":180,"texture":"#0"}}},{"from":[3.9,9,5.9],"to":[12.1,21,10.1],"faces":{"north":{"uv":[6.3125,10.9375,5.8125,10.1875],"texture":"#0"},"east":{"uv":[6.375,10.0625,6.625,10.8125],"texture":"#0"},"south":{"uv":[6.5,10.25,7,11],"texture":"#0"},"west":{"uv":[6.5,10.0625,6.75,10.8125],"texture":"#0"},"up":{"uv":[6.8125,10.1875,7.3125,10.4375],"rotation":180,"texture":"#0"},"down":{"uv":[7,8,8,8.5],"rotation":180,"texture":"#0"}}},{"from":[4,9,6],"to":[12,21,10],"faces":{"north":{"uv":[1.25,9.25,1.75,10],"texture":"#0"},"east":{"uv":[1,9.25,1.25,10],"texture":"#0"},"south":{"uv":[2,9.25,2.5,10],"texture":"#0"},"west":{"uv":[1.75,9.25,2,10],"texture":"#0"},"up":{"uv":[1.25,9,1.75,9.25],"rotation":180,"texture":"#0"},"down":{"uv":[1.75,9,2.25,9.25],"rotation":180,"texture":"#0"}}},{"from":[4.00087,-3,5.99913],"to":[8.00087,9,9.99913],"rotation":{"angle":-22.5,"axis":"x","origin":[8,7.5,8]},"faces":{"north":{"uv":[0.5,10.25,0.25,11],"texture":"#0"},"east":{"uv":[0.75,10.25,0.5,11],"texture":"#0"},"south":{"uv":[0.25,10.25,0,11],"texture":"#0"},"west":{"uv":[0.75,10.25,1,11],"texture":"#0"},"up":{"uv":[0.25,10,0.5,10.25],"rotation":180,"texture":"#0"},"down":{"uv":[0.5,10,0.75,10.25],"rotation":180,"texture":"#0"}}},{"from":[7.99213,-3.00348,6.01134],"to":[11.99213,8.99652,10.01134],"rotation":{"angle":22.5,"axis":"x","origin":[8,7.5,8]},"faces":{"north":{"uv":[0.25,9.25,0.5,10],"texture":"#0"},"east":{"uv":[0.75,9.25,1,10],"texture":"#0"},"south":{"uv":[0,9.25,0.25,10],"texture":"#0"},"west":{"uv":[0.5,9.25,0.75,10],"texture":"#0"},"up":{"uv":[0.25,9,0.5,9.25],"rotation":180,"texture":"#0"},"down":{"uv":[0.5,9,0.75,9.25],"rotation":180,"texture":"#0"}}}],"display":{"head":{"translation":[0,-63,0],"scale":[1.6,1.6,1.6]}}}