{
    "textures": {
        "main": "asurvival:mob/brazen",
		"head": "asurvival:mob/brazen_head",
		"fang": "block/coal_block"
    }, 
    "elements": [
        {
            "name": "Cube", 
            "from": [ 5, 7, 0 ], 
            "to":   [ 11, 12, 9 ], 
            "rotation": { "origin": [8, 8, 8], "axis": "x", "angle": -22.5 }, 
            "faces": {
                "north": { "texture": "#main", "uv": [ 0, 0, 1.5, 1.25 ] }, 
                "east":  { "texture": "#main", "uv": [ 0, 0, 2.25, 1.25 ] }, 
                "south": { "texture": "#main", "uv": [ 0, 0, 1.5, 1.25 ] }, 
                "west":  { "texture": "#main", "uv": [ 0, 0, 2.25, 1.25 ] }, 
                "up":    { "texture": "#main", "uv": [ 0, 0, 1.5, 2.25 ] }, 
                "down":  { "texture": "#main", "uv": [ 0, 0, 1.5, 2.25 ] }
            }
        }, 
        {
            "name": "Cube", 
            "from": [ 4, 8, 6 ], 
            "to":   [ 12, 13, 15 ], 
            "rotation": { "origin": [8, 8, 8], "axis": "x", "angle": -45 }, 
            "faces": {
                "north": { "texture": "#main", "uv": [ 0, 0, 2, 1.25 ] }, 
                "east":  { "texture": "#main", "uv": [ 0, 0, 2.25, 1.25 ] }, 
                "south": { "texture": "#main", "uv": [ 0, 0, 2, 1.25 ] }, 
                "west":  { "texture": "#main", "uv": [ 0, 0, 2.25, 1.25 ] }, 
                "up":    { "texture": "#main", "uv": [ 0, 0, 2, 2.25 ] }, 
                "down":  { "texture": "#main", "uv": [ 0, 0, 2, 2.25 ] }
            }
        }, 
        {
            "name": "Cube", 
            "from": [ 3.4999999925494194, 12, 8 ], 
            "to":   [ 12.49999999254942, 21, 16 ], 
            "faces": {
                "north": { "texture": "#main", "uv": [ 0, 0, 2.25, 2.25 ] }, 
                "east":  { "texture": "#main", "uv": [ 0, 0, 2, 2.25 ] }, 
                "south": { "texture": "#main", "uv": [ 0, 0, 2.25, 2.25 ] }, 
                "west":  { "texture": "#main", "uv": [ 0, 0, 2, 2.25 ] }, 
                "up":    { "texture": "#main", "uv": [ 0, 0, 2.25, 2 ] }, 
                "down":  { "texture": "#main", "uv": [ 0, 0, 2.25, 2 ] }
            }
        }, 
        {
            "name": "Cube", 
            "from": [ 6, 4, -7 ], 
            "to":   [ 10, 8, 2 ], 
            "faces": {
                "north": { "texture": "#main", "uv": [ 0, 0, 1, 1 ] }, 
                "east":  { "texture": "#main", "uv": [ 0, 0, 2.25, 1 ] }, 
                "south": { "texture": "#main", "uv": [ 0, 0, 1, 1 ] }, 
                "west":  { "texture": "#main", "uv": [ 0, 0, 2.25, 1 ] }, 
                "up":    { "texture": "#main", "uv": [ 0, 0, 1, 2.25 ] }, 
                "down":  { "texture": "#main", "uv": [ 0, 0, 1, 2.25 ] }
            }
        }, 
        {
            "name": "Cube", 
            "from": [ 5.499999992549419, 16, 11 ], 
            "to":   [ 10.49999999254942, 20, 19 ], 
            "faces": {
                "north": { "texture": "#head", "uv": [ 0, 0, 1.25, 2.25 ] }, 
                "east":  { "texture": "#head", "uv": [ 0, 0, 2, 2.25 ] }, 
                "south": { "texture": "#head", "uv": [ 0, 0, 16, 16 ] }, 
                "west":  { "texture": "#head", "uv": [ 0, 0, 2, 2.25 ] }, 
                "up":    { "texture": "#head", "uv": [ 0, 0, 1.25, 2 ] }, 
                "down":  { "texture": "#head", "uv": [ 0, 0, 1.25, 2 ] }
            }
        },
        {
            "name": "fang1", 
            "from": [ 9, 14, 19 ], 
            "to":   [ 9.5, 16.5, 20 ], 
            "faces": {
                "north": { "texture": "#fang", "uv": [ 0, 0, 1.25, 2.25 ] }, 
                "east":  { "texture": "#fang", "uv": [ 0, 0, 2, 2.25 ] }, 
                "south": { "texture": "#fang", "uv": [ 0, 0, 1.25, 2.25 ] }, 
                "west":  { "texture": "#fang", "uv": [ 0, 0, 2, 2.25 ] }, 
                "up":    { "texture": "#fang", "uv": [ 0, 0, 1.25, 2 ] }, 
                "down":  { "texture": "#fang", "uv": [ 0, 0, 1.25, 2 ] }
            }
        }, 
        {
            "name": "fang1", 
            "from": [ 6.5, 14, 19 ], 
            "to":   [ 7, 16.5, 20 ], 
            "faces": {
                "north": { "texture": "#fang", "uv": [ 0, 0, 1.25, 2.25 ] }, 
                "east":  { "texture": "#fang", "uv": [ 0, 0, 2, 2.25 ] }, 
                "south": { "texture": "#fang", "uv": [ 0, 0, 1.25, 2.25 ] }, 
                "west":  { "texture": "#fang", "uv": [ 0, 0, 2, 2.25 ] }, 
                "up":    { "texture": "#fang", "uv": [ 0, 0, 1.25, 2 ] }, 
                "down":  { "texture": "#fang", "uv": [ 0, 0, 1.25, 2 ] }
            }
        }, 	
        {
            "name": "leg", 
            "from": [ 5, 1, 0 ], 
            "to":   [ 6, 7, 1 ], 
            "rotation": { "origin": [8, 8, 8], "axis": "z", "angle": -45 }, 
            "faces": {
                "north": { "texture": "#main", "uv": [ 4, 0, 4.25, 1.5 ] }, 
                "east":  { "texture": "#main", "uv": [ 4, 0, 4.25, 1.5 ] }, 
                "south": { "texture": "#main", "uv": [ 4, 0, 4.25, 1.5 ] }, 
                "west":  { "texture": "#main", "uv": [ 4, 0, 4.25, 1.5 ] }, 
                "up":    { "texture": "#main", "uv": [ 4, 0, 4.25, 0.25 ] }, 
                "down":  { "texture": "#main", "uv": [ 4, 0, 4.25, 0.25 ] }
            }
        }, 
        {
            "name": "leg", 
            "from": [ 2.2000000029802322, -3, 0.10000000149011612 ], 
            "to":   [ 3.2000000029802322, 3, 0.8999999985098839 ], 
            "rotation": { "origin": [8, 8, 8], "axis": "z", "angle": -22.5 }, 
            "faces": {
                "north": { "texture": "#main", "uv": [ 4, 0, 4.25, 1.5 ] }, 
                "east":  { "texture": "#main", "uv": [ 4, 0, 4.199999999254942, 1.5 ] }, 
                "south": { "texture": "#main", "uv": [ 4, 0, 4.25, 1.5 ] }, 
                "west":  { "texture": "#main", "uv": [ 4, 0, 4.199999999254942, 1.5 ] }, 
                "up":    { "texture": "#main", "uv": [ 4, 0, 4.25, 0.19999999925494194 ] }, 
                "down":  { "texture": "#main", "uv": [ 4, 0, 4.25, 0.19999999925494194 ] }
            }
        }, 
        {
            "name": "leg", 
            "from": [ 3, 0, 9 ], 
            "to":   [ 4, 8, 10 ], 
            "rotation": { "origin": [8, 8, 8], "axis": "z", "angle": -45 }, 
            "faces": {
                "north": { "texture": "#main", "uv": [ 4, 0, 4.25, 2 ] }, 
                "east":  { "texture": "#main", "uv": [ 4, 0, 4.25, 2 ] }, 
                "south": { "texture": "#main", "uv": [ 4, 0, 4.25, 2 ] }, 
                "west":  { "texture": "#main", "uv": [ 4, 0, 4.25, 2 ] }, 
                "up":    { "texture": "#main", "uv": [ 4, 0, 4.25, 0.25 ] }, 
                "down":  { "texture": "#main", "uv": [ 4, 0, 4.25, 0.25 ] }
            }
        }, 
        {
            "name": "leg", 
            "from": [ 1, -4, 9.100000001490116 ], 
            "to":   [ 2, 4, 9.899999998509884 ], 
            "rotation": { "origin": [8, 8, 8], "axis": "z", "angle": -22.5 }, 
            "faces": {
                "north": { "texture": "#main", "uv": [ 4, 0, 4.25, 2 ] }, 
                "east":  { "texture": "#main", "uv": [ 4, 0, 4.199999999254942, 2 ] }, 
                "south": { "texture": "#main", "uv": [ 4, 0, 4.25, 2 ] }, 
                "west":  { "texture": "#main", "uv": [ 4, 0, 4.199999999254942, 2 ] }, 
                "up":    { "texture": "#main", "uv": [ 4, 0, 4.25, 0.19999999925494194 ] }, 
                "down":  { "texture": "#main", "uv": [ 4, 0, 4.25, 0.19999999925494194 ] }
            }
        }, 
        {
            "name": "leg2", 
            "from": [ 10, -2, 5 ], 
            "to":   [ 11, 6, 6 ], 
            "rotation": { "origin": [8, 8, 8], "axis": "z", "angle": 45 }, 
            "faces": {
                "north": { "texture": "#main", "uv": [ 4, 0, 4.25, 2 ] }, 
                "east":  { "texture": "#main", "uv": [ 4, 0, 4.25, 2 ] }, 
                "south": { "texture": "#main", "uv": [ 4, 0, 4.25, 2 ] }, 
                "west":  { "texture": "#main", "uv": [ 4, 0, 4.25, 2 ] }, 
                "up":    { "texture": "#main", "uv": [ 4, 0, 4.25, 0.25 ] }, 
                "down":  { "texture": "#main", "uv": [ 4, 0, 4.25, 0.25 ] }
            }
        }, 
        {
            "name": "leg2", 
            "from": [ 13.200000002980232, -3, 5.100000001490116 ], 
            "to":   [ 14.200000002980232, 3, 5.899999998509884 ], 
            "rotation": { "origin": [8, 8, 8], "axis": "z", "angle": 22.5 }, 
            "faces": {
                "north": { "texture": "#main", "uv": [ 4, 0, 4.25, 1.5 ] }, 
                "east":  { "texture": "#main", "uv": [ 4, 0, 4.199999999254942, 1.5 ] }, 
                "south": { "texture": "#main", "uv": [ 4, 0, 4.25, 1.5 ] }, 
                "west":  { "texture": "#main", "uv": [ 4, 0, 4.199999999254942, 1.5 ] }, 
                "up":    { "texture": "#main", "uv": [ 4, 0, 4.25, 0.19999999925494194 ] }, 
                "down":  { "texture": "#main", "uv": [ 4, 0, 4.25, 0.19999999925494194 ] }
            }
        }, 
        {
            "name": "arm", 
            "from": [ 1, 7, 13 ], 
            "to":   [ 4, 16, 17 ], 
            "rotation": { "origin": [8, 8, 8], "axis": "x", "angle": -22.5 }, 
            "faces": {
                "north": { "texture": "#main", "uv": [ 0, 0, 0.75, 2.25 ] }, 
                "east":  { "texture": "#main", "uv": [ 0, 0, 1, 2.25 ] }, 
                "south": { "texture": "#main", "uv": [ 0, 0, 0.75, 2.25 ] }, 
                "west":  { "texture": "#main", "uv": [ 0, 0, 1, 2.25 ] }, 
                "up":    { "texture": "#main", "uv": [ 0, 0, 0.75, 1 ] }, 
                "down":  { "texture": "#main", "uv": [ 0, 0, 0.75, 1 ] }
            }
        }, 
        {
            "name": "arm", 
            "from": [ 12, 7, 13 ], 
            "to":   [ 15, 16, 17 ], 
            "rotation": { "origin": [8, 8, 8], "axis": "x", "angle": -22.5 }, 
            "faces": {
                "north": { "texture": "#main", "uv": [ 0, 0, 0.75, 2.25 ] }, 
                "east":  { "texture": "#main", "uv": [ 0, 0, 1, 2.25 ] }, 
                "south": { "texture": "#main", "uv": [ 0, 0, 0.75, 2.25 ] }, 
                "west":  { "texture": "#main", "uv": [ 0, 0, 1, 2.25 ] }, 
                "up":    { "texture": "#main", "uv": [ 0, 0, 0.75, 1 ] }, 
                "down":  { "texture": "#main", "uv": [ 0, 0, 0.75, 1 ] }
            }
        }, 
        {
            "name": "arm", 
            "from": [ 11.49999999254942, -4, 13 ], 
            "to":   [ 15.49999999254942, 6, 17 ], 
            "rotation": { "origin": [8, 8, 8], "axis": "x", "angle": -45 }, 
            "faces": {
                "north": { "texture": "#main", "uv": [ 0, 0, 1, 2.5 ] }, 
                "east":  { "texture": "#main", "uv": [ 0, 0, 1, 2.5 ] }, 
                "south": { "texture": "#main", "uv": [ 0, 0, 1, 2.5 ] }, 
                "west":  { "texture": "#main", "uv": [ 0, 0, 1, 2.5 ] }, 
                "up":    { "texture": "#main", "uv": [ 0, 0, 1, 1 ] }, 
                "down":  { "texture": "#main", "uv": [ 0, 0, 1, 1 ] }
            }
        }, 
        {
            "name": "arm", 
            "from": [ 0.4999999925494194, -4, 13 ], 
            "to":   [ 4.499999992549419, 6, 17 ], 
            "rotation": { "origin": [8, 8, 8], "axis": "x", "angle": -45 }, 
            "faces": {
                "north": { "texture": "#main", "uv": [ 0, 0, 1, 2.5 ] }, 
                "east":  { "texture": "#main", "uv": [ 0, 0, 1, 2.5 ] }, 
                "south": { "texture": "#main", "uv": [ 0, 0, 1, 2.5 ] }, 
                "west":  { "texture": "#main", "uv": [ 0, 0, 1, 2.5 ] }, 
                "up":    { "texture": "#main", "uv": [ 0, 0, 1, 1 ] }, 
                "down":  { "texture": "#main", "uv": [ 0, 0, 1, 1 ] }
            }
        }, 
        {
            "name": "Cube", 
            "from": [ 5, 7, 0 ], 
            "to":   [ 11, 12, 9 ], 
            "rotation": { "origin": [8, 8, 8], "axis": "x", "angle": -22.5 }, 
            "faces": {
                "north": { "texture": "#main", "uv": [ 8, 0, 9.5, 1.25 ] }, 
                "east":  { "texture": "#main", "uv": [ 8, 0, 10.25, 1.25 ] }, 
                "south": { "texture": "#main", "uv": [ 8, 0, 9.5, 1.25 ] }, 
                "west":  { "texture": "#main", "uv": [ 8, 0, 10.25, 1.25 ] }, 
                "up":    { "texture": "#main", "uv": [ 8, 0, 9.5, 2.25 ] }, 
                "down":  { "texture": "#main", "uv": [ 8, 0, 9.5, 2.25 ] }
            }
        }, 
        {
            "name": "Cube", 
            "from": [ 4, 8, 6 ], 
            "to":   [ 12, 13, 15 ], 
            "rotation": { "origin": [8, 8, 8], "axis": "x", "angle": -45 }, 
            "faces": {
                "north": { "texture": "#main", "uv": [ 8, 0, 10, 1.25 ] }, 
                "east":  { "texture": "#main", "uv": [ 8, 0, 10.25, 1.25 ] }, 
                "south": { "texture": "#main", "uv": [ 8, 0, 10, 1.25 ] }, 
                "west":  { "texture": "#main", "uv": [ 8, 0, 10.25, 1.25 ] }, 
                "up":    { "texture": "#main", "uv": [ 8, 0, 10, 2.25 ] }, 
                "down":  { "texture": "#main", "uv": [ 8, 0, 10, 2.25 ] }
            }
        }, 
        {
            "name": "Cube", 
            "from": [ 3.4999999925494194, 12, 8 ], 
            "to":   [ 12.49999999254942, 21, 16 ], 
            "faces": {
                "north": { "texture": "#main", "uv": [ 8, 0, 10.25, 2.25 ] }, 
                "east":  { "texture": "#main", "uv": [ 8, 0, 10, 2.25 ] }, 
                "south": { "texture": "#main", "uv": [ 8, 0, 10.25, 2.25 ] }, 
                "west":  { "texture": "#main", "uv": [ 8, 0, 10, 2.25 ] }, 
                "up":    { "texture": "#main", "uv": [ 8, 0, 10.25, 2 ] }, 
                "down":  { "texture": "#main", "uv": [ 8, 0, 10.25, 2 ] }
            }
        }, 
        {
            "name": "Cube", 
            "from": [ 6, 4, -7 ], 
            "to":   [ 10, 8, 2 ], 
            "faces": {
                "north": { "texture": "#main", "uv": [ 8, 0, 9, 1 ] }, 
                "east":  { "texture": "#main", "uv": [ 8, 0, 10.25, 1 ] }, 
                "south": { "texture": "#main", "uv": [ 8, 0, 9, 1 ] }, 
                "west":  { "texture": "#main", "uv": [ 8, 0, 10.25, 1 ] }, 
                "up":    { "texture": "#main", "uv": [ 8, 0, 9, 2.25 ] }, 
                "down":  { "texture": "#main", "uv": [ 8, 0, 9, 2.25 ] }
            }
        }, 
        {
            "name": "Cube", 
            "from": [ 5.499999992549419, 16, 11 ], 
            "to":   [ 10.49999999254942, 20, 19 ], 
            "faces": {
                "north": { "texture": "#head", "uv": [ 8, 0, 9.25, 2.25 ] }, 
                "east":  { "texture": "#head", "uv": [ 8, 0, 10, 2.25 ] }, 
                "south": { "texture": "#head", "uv": [ 8, 0, 16, 16 ] }, 
                "west":  { "texture": "#head", "uv": [ 8, 0, 10, 2.25 ] }, 
                "up":    { "texture": "#head", "uv": [ 8, 0, 9.25, 2 ] }, 
                "down":  { "texture": "#head", "uv": [ 8, 0, 9.25, 2 ] }
            }
        }, 
        {
            "name": "leg", 
            "from": [ 4, -1, 5 ], 
            "to":   [ 5, 7, 6 ], 
            "rotation": { "origin": [8, 8, 8], "axis": "z", "angle": -45 }, 
            "faces": {
                "north": { "texture": "#main", "uv": [ 12, 0, 12.25, 2 ] }, 
                "east":  { "texture": "#main", "uv": [ 12, 0, 12.25, 2 ] }, 
                "south": { "texture": "#main", "uv": [ 12, 0, 12.25, 2 ] }, 
                "west":  { "texture": "#main", "uv": [ 12, 0, 12.25, 2 ] }, 
                "up":    { "texture": "#main", "uv": [ 12, 0, 12.25, 0.25 ] }, 
                "down":  { "texture": "#main", "uv": [ 12, 0, 12.25, 0.25 ] }
            }
        }, 
        {
            "name": "leg", 
            "from": [ 0.20000000298023224, -4, 5.100000001490116 ], 
            "to":   [ 1.2000000029802322, 2, 5.899999998509884 ], 
            "rotation": { "origin": [8, 8, 8], "axis": "z", "angle": -22.5 }, 
            "faces": {
                "north": { "texture": "#main", "uv": [ 12, 0, 12.25, 1.5 ] }, 
                "east":  { "texture": "#main", "uv": [ 12, 0, 12.199999999254942, 1.5 ] }, 
                "south": { "texture": "#main", "uv": [ 12, 0, 12.25, 1.5 ] }, 
                "west":  { "texture": "#main", "uv": [ 12, 0, 12.199999999254942, 1.5 ] }, 
                "up":    { "texture": "#main", "uv": [ 12, 0, 12.25, 0.19999999925494194 ] }, 
                "down":  { "texture": "#main", "uv": [ 12, 0, 12.25, 0.19999999925494194 ] }
            }
        }, 
        {
            "name": "leg2", 
            "from": [ 10, 1, 0 ], 
            "to":   [ 11, 7, 1 ], 
            "rotation": { "origin": [8, 8, 8], "axis": "z", "angle": 45 }, 
            "faces": {
                "north": { "texture": "#main", "uv": [ 12, 0, 12.25, 1.5 ] }, 
                "east":  { "texture": "#main", "uv": [ 12, 0, 12.25, 1.5 ] }, 
                "south": { "texture": "#main", "uv": [ 12, 0, 12.25, 1.5 ] }, 
                "west":  { "texture": "#main", "uv": [ 12, 0, 12.25, 1.5 ] }, 
                "up":    { "texture": "#main", "uv": [ 12, 0, 12.25, 0.25 ] }, 
                "down":  { "texture": "#main", "uv": [ 12, 0, 12.25, 0.25 ] }
            }
        }, 
        {
            "name": "leg2", 
            "from": [ 12.200000002980232, -3, 0.10000000149011612 ], 
            "to":   [ 13.200000002980232, 3, 0.8999999985098839 ], 
            "rotation": { "origin": [8, 8, 8], "axis": "z", "angle": 22.5 }, 
            "faces": {
                "north": { "texture": "#main", "uv": [ 12, 0, 12.25, 1.5 ] }, 
                "east":  { "texture": "#main", "uv": [ 12, 0, 12.199999999254942, 1.5 ] }, 
                "south": { "texture": "#main", "uv": [ 12, 0, 12.25, 1.5 ] }, 
                "west":  { "texture": "#main", "uv": [ 12, 0, 12.199999999254942, 1.5 ] }, 
                "up":    { "texture": "#main", "uv": [ 12, 0, 12.25, 0.19999999925494194 ] }, 
                "down":  { "texture": "#main", "uv": [ 12, 0, 12.25, 0.19999999925494194 ] }
            }
        }, 
        {
            "name": "leg2", 
            "from": [ 11, 0, 9 ], 
            "to":   [ 12, 8, 10 ], 
            "rotation": { "origin": [8, 8, 8], "axis": "z", "angle": 45 }, 
            "faces": {
                "north": { "texture": "#main", "uv": [ 12, 0, 12.25, 2 ] }, 
                "east":  { "texture": "#main", "uv": [ 12, 0, 12.25, 2 ] }, 
                "south": { "texture": "#main", "uv": [ 12, 0, 12.25, 2 ] }, 
                "west":  { "texture": "#main", "uv": [ 12, 0, 12.25, 2 ] }, 
                "up":    { "texture": "#main", "uv": [ 12, 0, 12.25, 0.25 ] }, 
                "down":  { "texture": "#main", "uv": [ 12, 0, 12.25, 0.25 ] }
            }
        }, 
        {
            "name": "leg2", 
            "from": [ 13, -3, 9.100000001490116 ], 
            "to":   [ 14, 5, 9.899999998509884 ], 
            "rotation": { "origin": [8, 8, 8], "axis": "z", "angle": 22.5 }, 
            "faces": {
                "north": { "texture": "#main", "uv": [ 12, 0, 12.25, 2 ] }, 
                "east":  { "texture": "#main", "uv": [ 12, 0, 12.199999999254942, 2 ] }, 
                "south": { "texture": "#main", "uv": [ 12, 0, 12.25, 2 ] }, 
                "west":  { "texture": "#main", "uv": [ 12, 0, 12.199999999254942, 2 ] }, 
                "up":    { "texture": "#main", "uv": [ 12, 0, 12.25, 0.19999999925494194 ] }, 
                "down":  { "texture": "#main", "uv": [ 12, 0, 12.25, 0.19999999925494194 ] }
            }
        }, 
        {
            "name": "arm", 
            "from": [ 1, 7, 13 ], 
            "to":   [ 4, 16, 17 ], 
            "rotation": { "origin": [8, 8, 8], "axis": "x", "angle": -22.5 }, 
            "faces": {
                "north": { "texture": "#main", "uv": [ 8, 0, 8.75, 2.25 ] }, 
                "east":  { "texture": "#main", "uv": [ 8, 0, 9, 2.25 ] }, 
                "south": { "texture": "#main", "uv": [ 8, 0, 8.75, 2.25 ] }, 
                "west":  { "texture": "#main", "uv": [ 8, 0, 9, 2.25 ] }, 
                "up":    { "texture": "#main", "uv": [ 8, 0, 8.75, 1 ] }, 
                "down":  { "texture": "#main", "uv": [ 8, 0, 8.75, 1 ] }
            }
        }, 
        {
            "name": "arm", 
            "from": [ 12, 7, 13 ], 
            "to":   [ 15, 16, 17 ], 
            "rotation": { "origin": [8, 8, 8], "axis": "x", "angle": -22.5 }, 
            "faces": {
                "north": { "texture": "#main", "uv": [ 8, 0, 8.75, 2.25 ] }, 
                "east":  { "texture": "#main", "uv": [ 8, 0, 9, 2.25 ] }, 
                "south": { "texture": "#main", "uv": [ 8, 0, 8.75, 2.25 ] }, 
                "west":  { "texture": "#main", "uv": [ 8, 0, 9, 2.25 ] }, 
                "up":    { "texture": "#main", "uv": [ 8, 0, 8.75, 1 ] }, 
                "down":  { "texture": "#main", "uv": [ 8, 0, 8.75, 1 ] }
            }
        }, 
        {
            "name": "arm", 
            "from": [ 11.49999999254942, -4, 13 ], 
            "to":   [ 15.49999999254942, 6, 17 ], 
            "rotation": { "origin": [8, 8, 8], "axis": "x", "angle": -45 }, 
            "faces": {
                "north": { "texture": "#main", "uv": [ 8, 0, 9, 2.5 ] }, 
                "east":  { "texture": "#main", "uv": [ 8, 0, 9, 2.5 ] }, 
                "south": { "texture": "#main", "uv": [ 8, 0, 9, 2.5 ] }, 
                "west":  { "texture": "#main", "uv": [ 8, 0, 9, 2.5 ] }, 
                "up":    { "texture": "#main", "uv": [ 8, 0, 9, 1 ] }, 
                "down":  { "texture": "#main", "uv": [ 8, 0, 9, 1 ] }
            }
        }, 
        {
            "name": "arm", 
            "from": [ 0.4999999925494194, -4, 13 ], 
            "to":   [ 4.499999992549419, 6, 17 ], 
            "rotation": { "origin": [8, 8, 8], "axis": "x", "angle": -45 }, 
            "faces": {
                "north": { "texture": "#main", "uv": [ 8, 0, 9, 2.5 ] }, 
                "east":  { "texture": "#main", "uv": [ 8, 0, 9, 2.5 ] }, 
                "south": { "texture": "#main", "uv": [ 8, 0, 9, 2.5 ] }, 
                "west":  { "texture": "#main", "uv": [ 8, 0, 9, 2.5 ] }, 
                "up":    { "texture": "#main", "uv": [ 8, 0, 9, 1 ] }, 
                "down":  { "texture": "#main", "uv": [ 8, 0, 9, 1 ] }
            }
        }, 
        {
            "name": "Cube", 
            "from": [ 5, 7, 0 ], 
            "to":   [ 11, 12, 9 ], 
            "rotation": { "origin": [8, 8, 8], "axis": "x", "angle": -22.5 }, 
            "faces": {
                "north": { "texture": "#main", "uv": [ 0, 8, 1.5, 9.25 ] }, 
                "east":  { "texture": "#main", "uv": [ 0, 8, 2.25, 9.25 ] }, 
                "south": { "texture": "#main", "uv": [ 0, 8, 1.5, 9.25 ] }, 
                "west":  { "texture": "#main", "uv": [ 0, 8, 2.25, 9.25 ] }, 
                "up":    { "texture": "#main", "uv": [ 0, 8, 1.5, 10.25 ] }, 
                "down":  { "texture": "#main", "uv": [ 0, 8, 1.5, 10.25 ] }
            }
        }, 
        {
            "name": "Cube", 
            "from": [ 4, 8, 6 ], 
            "to":   [ 12, 13, 15 ], 
            "rotation": { "origin": [8, 8, 8], "axis": "x", "angle": -45 }, 
            "faces": {
                "north": { "texture": "#main", "uv": [ 0, 8, 2, 9.25 ] }, 
                "east":  { "texture": "#main", "uv": [ 0, 8, 2.25, 9.25 ] }, 
                "south": { "texture": "#main", "uv": [ 0, 8, 2, 9.25 ] }, 
                "west":  { "texture": "#main", "uv": [ 0, 8, 2.25, 9.25 ] }, 
                "up":    { "texture": "#main", "uv": [ 0, 8, 2, 10.25 ] }, 
                "down":  { "texture": "#main", "uv": [ 0, 8, 2, 10.25 ] }
            }
        }, 
        {
            "name": "Cube", 
            "from": [ 3.4999999925494194, 12, 8 ], 
            "to":   [ 12.49999999254942, 21, 16 ], 
            "faces": {
                "north": { "texture": "#main", "uv": [ 0, 8, 2.25, 10.25 ] }, 
                "east":  { "texture": "#main", "uv": [ 0, 8, 2, 10.25 ] }, 
                "south": { "texture": "#main", "uv": [ 0, 8, 2.25, 10.25 ] }, 
                "west":  { "texture": "#main", "uv": [ 0, 8, 2, 10.25 ] }, 
                "up":    { "texture": "#main", "uv": [ 0, 8, 2.25, 10 ] }, 
                "down":  { "texture": "#main", "uv": [ 0, 8, 2.25, 10 ] }
            }
        }, 
        {
            "name": "Cube", 
            "from": [ 6, 4, -7 ], 
            "to":   [ 10, 8, 2 ], 
            "faces": {
                "north": { "texture": "#main", "uv": [ 0, 8, 1, 9 ] }, 
                "east":  { "texture": "#main", "uv": [ 0, 8, 2.25, 9 ] }, 
                "south": { "texture": "#main", "uv": [ 0, 8, 1, 9 ] }, 
                "west":  { "texture": "#main", "uv": [ 0, 8, 2.25, 9 ] }, 
                "up":    { "texture": "#main", "uv": [ 0, 8, 1, 10.25 ] }, 
                "down":  { "texture": "#main", "uv": [ 0, 8, 1, 10.25 ] }
            }
        }, 
        {
            "name": "Cube", 
            "from": [ 5.499999992549419, 16, 11 ], 
            "to":   [ 10.49999999254942, 20, 19 ], 
            "faces": {
                "north": { "texture": "#head", "uv": [ 0, 8, 1.25, 10.25 ] }, 
                "east":  { "texture": "#head", "uv": [ 0, 8, 2, 10.25 ] }, 
                "south": { "texture": "#head", "uv": [ 0, 8, 16, 16 ] }, 
                "west":  { "texture": "#head", "uv": [ 0, 8, 2, 10.25 ] }, 
                "up":    { "texture": "#head", "uv": [ 0, 8, 1.25, 10 ] }, 
                "down":  { "texture": "#head", "uv": [ 0, 8, 1.25, 10 ] }
            }
        }, 
        {
            "name": "leg", 
            "from": [ 5, 1, 0 ], 
            "to":   [ 6, 7, 1 ], 
            "rotation": { "origin": [8, 8, 8], "axis": "z", "angle": -45 }, 
            "faces": {
                "north": { "texture": "#main", "uv": [ 4, 8, 4.25, 9.5 ] }, 
                "east":  { "texture": "#main", "uv": [ 4, 8, 4.25, 9.5 ] }, 
                "south": { "texture": "#main", "uv": [ 4, 8, 4.25, 9.5 ] }, 
                "west":  { "texture": "#main", "uv": [ 4, 8, 4.25, 9.5 ] }, 
                "up":    { "texture": "#main", "uv": [ 4, 8, 4.25, 8.25 ] }, 
                "down":  { "texture": "#main", "uv": [ 4, 8, 4.25, 8.25 ] }
            }
        }, 
        {
            "name": "leg", 
            "from": [ 2.2000000029802322, -3, 0.10000000149011612 ], 
            "to":   [ 3.2000000029802322, 3, 0.8999999985098839 ], 
            "rotation": { "origin": [8, 8, 8], "axis": "z", "angle": -22.5 }, 
            "faces": {
                "north": { "texture": "#main", "uv": [ 4, 8, 4.25, 9.5 ] }, 
                "east":  { "texture": "#main", "uv": [ 4, 8, 4.199999999254942, 9.5 ] }, 
                "south": { "texture": "#main", "uv": [ 4, 8, 4.25, 9.5 ] }, 
                "west":  { "texture": "#main", "uv": [ 4, 8, 4.199999999254942, 9.5 ] }, 
                "up":    { "texture": "#main", "uv": [ 4, 8, 4.25, 8.199999999254942 ] }, 
                "down":  { "texture": "#main", "uv": [ 4, 8, 4.25, 8.199999999254942 ] }
            }
        }, 
        {
            "name": "leg", 
            "from": [ 4, -1, 5 ], 
            "to":   [ 5, 7, 6 ], 
            "rotation": { "origin": [8, 8, 8], "axis": "z", "angle": -22.5 }, 
            "faces": {
                "north": { "texture": "#main", "uv": [ 4, 8, 4.25, 10 ] }, 
                "east":  { "texture": "#main", "uv": [ 4, 8, 4.25, 10 ] }, 
                "south": { "texture": "#main", "uv": [ 4, 8, 4.25, 10 ] }, 
                "west":  { "texture": "#main", "uv": [ 4, 8, 4.25, 10 ] }, 
                "up":    { "texture": "#main", "uv": [ 4, 8, 4.25, 8.25 ] }, 
                "down":  { "texture": "#main", "uv": [ 4, 8, 4.25, 8.25 ] }
            }
        }, 
        {
            "name": "leg", 
            "from": [ 0.20000000298023224, -4, 5.100000001490116 ], 
            "to":   [ 1.2000000029802322, 2, 5.899999998509884 ], 
            "faces": {
                "north": { "texture": "#main", "uv": [ 4, 8, 4.25, 9.5 ] }, 
                "east":  { "texture": "#main", "uv": [ 4, 8, 4.199999999254942, 9.5 ] }, 
                "south": { "texture": "#main", "uv": [ 4, 8, 4.25, 9.5 ] }, 
                "west":  { "texture": "#main", "uv": [ 4, 8, 4.199999999254942, 9.5 ] }, 
                "up":    { "texture": "#main", "uv": [ 4, 8, 4.25, 8.199999999254942 ] }, 
                "down":  { "texture": "#main", "uv": [ 4, 8, 4.25, 8.199999999254942 ] }
            }
        }, 
        {
            "name": "leg", 
            "from": [ 3, 0, 9 ], 
            "to":   [ 4, 8, 10 ], 
            "rotation": { "origin": [8, 8, 8], "axis": "z", "angle": -45 }, 
            "faces": {
                "north": { "texture": "#main", "uv": [ 4, 8, 4.25, 10 ] }, 
                "east":  { "texture": "#main", "uv": [ 4, 8, 4.25, 10 ] }, 
                "south": { "texture": "#main", "uv": [ 4, 8, 4.25, 10 ] }, 
                "west":  { "texture": "#main", "uv": [ 4, 8, 4.25, 10 ] }, 
                "up":    { "texture": "#main", "uv": [ 4, 8, 4.25, 8.25 ] }, 
                "down":  { "texture": "#main", "uv": [ 4, 8, 4.25, 8.25 ] }
            }
        }, 
        {
            "name": "leg", 
            "from": [ 1, -4, 9.100000001490116 ], 
            "to":   [ 2, 4, 9.899999998509884 ], 
            "rotation": { "origin": [8, 8, 8], "axis": "z", "angle": -22.5 }, 
            "faces": {
                "north": { "texture": "#main", "uv": [ 4, 8, 4.25, 10 ] }, 
                "east":  { "texture": "#main", "uv": [ 4, 8, 4.199999999254942, 10 ] }, 
                "south": { "texture": "#main", "uv": [ 4, 8, 4.25, 10 ] }, 
                "west":  { "texture": "#main", "uv": [ 4, 8, 4.199999999254942, 10 ] }, 
                "up":    { "texture": "#main", "uv": [ 4, 8, 4.25, 8.199999999254942 ] }, 
                "down":  { "texture": "#main", "uv": [ 4, 8, 4.25, 8.199999999254942 ] }
            }
        }, 
        {
            "name": "leg2", 
            "from": [ 10, 1, 0 ], 
            "to":   [ 11, 7, 1 ], 
            "rotation": { "origin": [8, 8, 8], "axis": "z", "angle": 22.5 }, 
            "faces": {
                "north": { "texture": "#main", "uv": [ 4, 8, 4.25, 9.5 ] }, 
                "east":  { "texture": "#main", "uv": [ 4, 8, 4.25, 9.5 ] }, 
                "south": { "texture": "#main", "uv": [ 4, 8, 4.25, 9.5 ] }, 
                "west":  { "texture": "#main", "uv": [ 4, 8, 4.25, 9.5 ] }, 
                "up":    { "texture": "#main", "uv": [ 4, 8, 4.25, 8.25 ] }, 
                "down":  { "texture": "#main", "uv": [ 4, 8, 4.25, 8.25 ] }
            }
        }, 
        {
            "name": "leg2", 
            "from": [ 12.200000002980232, -3, 0.10000000149011612 ], 
            "to":   [ 13.200000002980232, 3, 0.8999999985098839 ], 
            "faces": {
                "north": { "texture": "#main", "uv": [ 4, 8, 4.25, 9.5 ] }, 
                "east":  { "texture": "#main", "uv": [ 4, 8, 4.199999999254942, 9.5 ] }, 
                "south": { "texture": "#main", "uv": [ 4, 8, 4.25, 9.5 ] }, 
                "west":  { "texture": "#main", "uv": [ 4, 8, 4.199999999254942, 9.5 ] }, 
                "up":    { "texture": "#main", "uv": [ 4, 8, 4.25, 8.199999999254942 ] }, 
                "down":  { "texture": "#main", "uv": [ 4, 8, 4.25, 8.199999999254942 ] }
            }
        }, 
        {
            "name": "leg2", 
            "from": [ 10, -2, 5 ], 
            "to":   [ 11, 6, 6 ], 
            "rotation": { "origin": [8, 8, 8], "axis": "z", "angle": 45 }, 
            "faces": {
                "north": { "texture": "#main", "uv": [ 4, 8, 4.25, 10 ] }, 
                "east":  { "texture": "#main", "uv": [ 4, 8, 4.25, 10 ] }, 
                "south": { "texture": "#main", "uv": [ 4, 8, 4.25, 10 ] }, 
                "west":  { "texture": "#main", "uv": [ 4, 8, 4.25, 10 ] }, 
                "up":    { "texture": "#main", "uv": [ 4, 8, 4.25, 8.25 ] }, 
                "down":  { "texture": "#main", "uv": [ 4, 8, 4.25, 8.25 ] }
            }
        }, 
        {
            "name": "leg2", 
            "from": [ 13.200000002980232, -3, 5.100000001490116 ], 
            "to":   [ 14.200000002980232, 3, 5.899999998509884 ], 
            "rotation": { "origin": [8, 8, 8], "axis": "z", "angle": 22.5 }, 
            "faces": {
                "north": { "texture": "#main", "uv": [ 4, 8, 4.25, 9.5 ] }, 
                "east":  { "texture": "#main", "uv": [ 4, 8, 4.199999999254942, 9.5 ] }, 
                "south": { "texture": "#main", "uv": [ 4, 8, 4.25, 9.5 ] }, 
                "west":  { "texture": "#main", "uv": [ 4, 8, 4.199999999254942, 9.5 ] }, 
                "up":    { "texture": "#main", "uv": [ 4, 8, 4.25, 8.199999999254942 ] }, 
                "down":  { "texture": "#main", "uv": [ 4, 8, 4.25, 8.199999999254942 ] }
            }
        }, 
        {
            "name": "leg2", 
            "from": [ 11, 0, 9 ], 
            "to":   [ 12, 8, 10 ], 
            "rotation": { "origin": [8, 8, 8], "axis": "z", "angle": 22.5 }, 
            "faces": {
                "north": { "texture": "#main", "uv": [ 4, 8, 4.25, 10 ] }, 
                "east":  { "texture": "#main", "uv": [ 4, 8, 4.25, 10 ] }, 
                "south": { "texture": "#main", "uv": [ 4, 8, 4.25, 10 ] }, 
                "west":  { "texture": "#main", "uv": [ 4, 8, 4.25, 10 ] }, 
                "up":    { "texture": "#main", "uv": [ 4, 8, 4.25, 8.25 ] }, 
                "down":  { "texture": "#main", "uv": [ 4, 8, 4.25, 8.25 ] }
            }
        }, 
        {
            "name": "leg2", 
            "from": [ 13, -3, 9.100000001490116 ], 
            "to":   [ 14, 5, 9.899999998509884 ], 
            "faces": {
                "north": { "texture": "#main", "uv": [ 4, 8, 4.25, 10 ] }, 
                "east":  { "texture": "#main", "uv": [ 4, 8, 4.199999999254942, 10 ] }, 
                "south": { "texture": "#main", "uv": [ 4, 8, 4.25, 10 ] }, 
                "west":  { "texture": "#main", "uv": [ 4, 8, 4.199999999254942, 10 ] }, 
                "up":    { "texture": "#main", "uv": [ 4, 8, 4.25, 8.199999999254942 ] }, 
                "down":  { "texture": "#main", "uv": [ 4, 8, 4.25, 8.199999999254942 ] }
            }
        }, 
        {
            "name": "arm", 
            "from": [ 1, 7, 13 ], 
            "to":   [ 4, 16, 17 ], 
            "rotation": { "origin": [8, 8, 8], "axis": "x", "angle": -22.5 }, 
            "faces": {
                "north": { "texture": "#main", "uv": [ 0, 8, 0.75, 10.25 ] }, 
                "east":  { "texture": "#main", "uv": [ 0, 8, 1, 10.25 ] }, 
                "south": { "texture": "#main", "uv": [ 0, 8, 0.75, 10.25 ] }, 
                "west":  { "texture": "#main", "uv": [ 0, 8, 1, 10.25 ] }, 
                "up":    { "texture": "#main", "uv": [ 0, 8, 0.75, 9 ] }, 
                "down":  { "texture": "#main", "uv": [ 0, 8, 0.75, 9 ] }
            }
        }, 
        {
            "name": "arm", 
            "from": [ 12, 7, 13 ], 
            "to":   [ 15, 16, 17 ], 
            "rotation": { "origin": [8, 8, 8], "axis": "x", "angle": -22.5 }, 
            "faces": {
                "north": { "texture": "#main", "uv": [ 0, 8, 0.75, 10.25 ] }, 
                "east":  { "texture": "#main", "uv": [ 0, 8, 1, 10.25 ] }, 
                "south": { "texture": "#main", "uv": [ 0, 8, 0.75, 10.25 ] }, 
                "west":  { "texture": "#main", "uv": [ 0, 8, 1, 10.25 ] }, 
                "up":    { "texture": "#main", "uv": [ 0, 8, 0.75, 9 ] }, 
                "down":  { "texture": "#main", "uv": [ 0, 8, 0.75, 9 ] }
            }
        }, 
        {
            "name": "arm", 
            "from": [ 11.49999999254942, -4, 13 ], 
            "to":   [ 15.49999999254942, 6, 17 ], 
            "rotation": { "origin": [8, 8, 8], "axis": "x", "angle": -45 }, 
            "faces": {
                "north": { "texture": "#main", "uv": [ 0, 8, 1, 10.5 ] }, 
                "east":  { "texture": "#main", "uv": [ 0, 8, 1, 10.5 ] }, 
                "south": { "texture": "#main", "uv": [ 0, 8, 1, 10.5 ] }, 
                "west":  { "texture": "#main", "uv": [ 0, 8, 1, 10.5 ] }, 
                "up":    { "texture": "#main", "uv": [ 0, 8, 1, 9 ] }, 
                "down":  { "texture": "#main", "uv": [ 0, 8, 1, 9 ] }
            }
        }, 
        {
            "name": "arm", 
            "from": [ 0.4999999925494194, -4, 13 ], 
            "to":   [ 4.499999992549419, 6, 17 ], 
            "rotation": { "origin": [8, 8, 8], "axis": "x", "angle": -45 }, 
            "faces": {
                "north": { "texture": "#main", "uv": [ 0, 8, 1, 10.5 ] }, 
                "east":  { "texture": "#main", "uv": [ 0, 8, 1, 10.5 ] }, 
                "south": { "texture": "#main", "uv": [ 0, 8, 1, 10.5 ] }, 
                "west":  { "texture": "#main", "uv": [ 0, 8, 1, 10.5 ] }, 
                "up":    { "texture": "#main", "uv": [ 0, 8, 1, 9 ] }, 
                "down":  { "texture": "#main", "uv": [ 0, 8, 1, 9 ] }
            }
        }
    ],
"display": {
    "head": {
        "rotation": [ 0, 180, 0 ],
        "translation": [ 0, -25, -1.13 ],
        "scale": [ 2.5, 2.5, 2.5 ]
    }
}
}