{"textures":{"0":"asurvival:mob/bullant"},"elements":[{"from":[5,3,0],"to":[11,7,5],"faces":{"north":{"uv":[0,0,3,2],"texture":"#0"},"east":{"uv":[0,0,2.5,2],"texture":"#0"},"south":{"uv":[0,0,3,2],"texture":"#0"},"west":{"uv":[0,0,2.5,2],"texture":"#0"},"up":{"uv":[0,0,3,2.5],"texture":"#0"},"down":{"uv":[0,0,3,2.5],"texture":"#0"}}},{"from":[7,4,5],"to":[9,6,9],"faces":{"north":{"uv":[0,0,1,1],"texture":"#0"},"east":{"uv":[0,0,2,1],"texture":"#0"},"south":{"uv":[0,0,1,1],"texture":"#0"},"west":{"uv":[0,0,2,1],"texture":"#0"},"up":{"uv":[0,0,1,2],"texture":"#0"},"down":{"uv":[0,0,1,2],"texture":"#0"}}},{"from":[6,3.5,9],"to":[10,6.5,12],"faces":{"north":{"uv":[0,0,2,1.5],"texture":"#0"},"east":{"uv":[0,0,1.5,1.5],"texture":"#0"},"south":{"uv":[0,0,2,1.5],"texture":"#0"},"west":{"uv":[0,0,1.5,1.5],"texture":"#0"},"up":{"uv":[0,0,2,1.5],"texture":"#0"},"down":{"uv":[0,0,2,1.5],"texture":"#0"}}},{"from":[7,3,10],"to":[9,5,14],"rotation":{"angle":-22.5,"axis":"x","origin":[8,8,8]},"faces":{"north":{"uv":[0,0,1,1],"texture":"#0"},"east":{"uv":[0,0,2,1],"texture":"#0"},"south":{"uv":[0,0,1,1],"texture":"#0"},"west":{"uv":[0,0,2,1],"texture":"#0"},"up":{"uv":[0,0,1,2],"texture":"#0"},"down":{"uv":[0,0,1,2],"texture":"#0"}}},{"from":[5,5.5,14],"to":[11,9.5,18],"faces":{"north":{"uv":[0,0,3,2],"texture":"#0"},"east":{"uv":[0,0,2,2],"texture":"#0"},"south":{"uv":[0,0,3,2],"texture":"#0"},"west":{"uv":[0,0,2,2],"texture":"#0"},"up":{"uv":[0,0,3,2],"texture":"#0"},"down":{"uv":[0,0,3,2],"texture":"#0"}}},{"from":[5,5.5,17],"to":[6,6.5,20],"rotation":{"angle":-22.5,"axis":"x","origin":[8,8,8]},"faces":{"north":{"uv":[0,0,0.5,0.5],"texture":"#0"},"east":{"uv":[0,0,1.5,0.5],"texture":"#0"},"south":{"uv":[0,0,0.5,0.5],"texture":"#0"},"west":{"uv":[0,0,1.5,0.5],"texture":"#0"},"up":{"uv":[0,0,0.5,1.5],"texture":"#0"},"down":{"uv":[0,0,0.5,1.5],"texture":"#0"}}},{"from":[10,5.5,17],"to":[11,6.5,20],"rotation":{"angle":-22.5,"axis":"x","origin":[8,8,8]},"faces":{"north":{"uv":[0,0,0.5,0.5],"texture":"#0"},"east":{"uv":[0,0,1.5,0.5],"texture":"#0"},"south":{"uv":[0,0,0.5,0.5],"texture":"#0"},"west":{"uv":[0,0,1.5,0.5],"texture":"#0"},"up":{"uv":[0,0,0.5,1.5],"texture":"#0"},"down":{"uv":[0,0,0.5,1.5],"texture":"#0"}}},{"from":[14,5.5,16],"to":[15,6.5,20],"rotation":{"angle":-22.5,"axis":"y","origin":[8,8,8]},"faces":{"north":{"uv":[0,0,0.5,0.5],"texture":"#0"},"east":{"uv":[0,0,2,0.5],"texture":"#0"},"south":{"uv":[0,0,0.5,0.5],"texture":"#0"},"west":{"uv":[0,0,2,0.5],"texture":"#0"},"up":{"uv":[0,0,0.5,2],"texture":"#0"},"down":{"uv":[0,0,0.5,2],"texture":"#0"}}},{"from":[1,5.5,16],"to":[2,6.5,20],"rotation":{"angle":22.5,"axis":"y","origin":[8,8,8]},"faces":{"north":{"uv":[0,0,0.5,0.5],"texture":"#0"},"east":{"uv":[0,0,2,0.5],"texture":"#0"},"south":{"uv":[0,0,0.5,0.5],"texture":"#0"},"west":{"uv":[0,0,2,0.5],"texture":"#0"},"up":{"uv":[0,0,0.5,2],"texture":"#0"},"down":{"uv":[0,0,0.5,2],"texture":"#0"}}},{"from":[10.1,1.5,18],"to":[10.9,2.5,21],"rotation":{"angle":-45,"axis":"x","origin":[8,8,8]},"faces":{"north":{"uv":[0,0,0.4,0.5],"texture":"#0"},"east":{"uv":[0,0,1.5,0.5],"texture":"#0"},"south":{"uv":[0,0,0.4,0.5],"texture":"#0"},"west":{"uv":[0,0,1.5,0.5],"texture":"#0"},"up":{"uv":[0,0,0.4,1.5],"texture":"#0"},"down":{"uv":[0,0,0.4,1.5],"texture":"#0"}}},{"from":[5.1,1.5,18],"to":[5.9,2.5,21],"rotation":{"angle":-45,"axis":"x","origin":[8,8,8]},"faces":{"north":{"uv":[0,0,0.4,0.5],"texture":"#0"},"east":{"uv":[0,0,1.5,0.5],"texture":"#0"},"south":{"uv":[0,0,0.4,0.5],"texture":"#0"},"west":{"uv":[0,0,1.5,0.5],"texture":"#0"},"up":{"uv":[0,0,0.4,1.5],"texture":"#0"},"down":{"uv":[0,0,0.4,1.5],"texture":"#0"}}},{"from":[-4,8,2],"to":[5,9,3],"rotation":{"angle":45,"axis":"z","origin":[8,8,8]},"faces":{"north":{"uv":[0,0,4.5,0.5],"texture":"#0"},"east":{"uv":[0,0,0.5,0.5],"texture":"#0"},"south":{"uv":[0,0,4.5,0.5],"texture":"#0"},"west":{"uv":[0,0,0.5,0.5],"texture":"#0"},"up":{"uv":[0,0,4.5,0.5],"texture":"#0"},"down":{"uv":[0,0,4.5,0.5],"texture":"#0"}}},{"from":[11,8,2],"to":[20,9,3],"rotation":{"angle":-45,"axis":"z","origin":[8,8,8]},"faces":{"north":{"uv":[0,0,4.5,0.5],"texture":"#0"},"east":{"uv":[0,0,0.5,0.5],"texture":"#0"},"south":{"uv":[0,0,4.5,0.5],"texture":"#0"},"west":{"uv":[0,0,0.5,0.5],"texture":"#0"},"up":{"uv":[0,0,4.5,0.5],"texture":"#0"},"down":{"uv":[0,0,4.5,0.5],"texture":"#0"}}},{"from":[11,8,10],"to":[20,9,11],"rotation":{"angle":-45,"axis":"z","origin":[8,8,8]},"faces":{"north":{"uv":[0,0,4.5,0.5],"texture":"#0"},"east":{"uv":[0,0,0.5,0.5],"texture":"#0"},"south":{"uv":[0,0,4.5,0.5],"texture":"#0"},"west":{"uv":[0,0,0.5,0.5],"texture":"#0"},"up":{"uv":[0,0,4.5,0.5],"texture":"#0"},"down":{"uv":[0,0,4.5,0.5],"texture":"#0"}}},{"from":[-4,8,10],"to":[5,9,11],"rotation":{"angle":45,"axis":"z","origin":[8,8,8]},"faces":{"north":{"uv":[0,0,4.5,0.5],"texture":"#0"},"east":{"uv":[0,0,0.5,0.5],"texture":"#0"},"south":{"uv":[0,0,4.5,0.5],"texture":"#0"},"west":{"uv":[0,0,0.5,0.5],"texture":"#0"},"up":{"uv":[0,0,4.5,0.5],"texture":"#0"},"down":{"uv":[0,0,4.5,0.5],"texture":"#0"}}},{"from":[-4,8,6],"to":[5,9,7],"rotation":{"angle":45,"axis":"z","origin":[8,8,8]},"faces":{"north":{"uv":[0,0,4.5,0.5],"texture":"#0"},"east":{"uv":[0,0,0.5,0.5],"texture":"#0"},"south":{"uv":[0,0,4.5,0.5],"texture":"#0"},"west":{"uv":[0,0,0.5,0.5],"texture":"#0"},"up":{"uv":[0,0,4.5,0.5],"texture":"#0"},"down":{"uv":[0,0,4.5,0.5],"texture":"#0"}}},{"from":[11,8,6],"to":[20,9,7],"rotation":{"angle":-45,"axis":"z","origin":[8,8,8]},"faces":{"north":{"uv":[0,0,4.5,0.5],"texture":"#0"},"east":{"uv":[0,0,0.5,0.5],"texture":"#0"},"south":{"uv":[0,0,4.5,0.5],"texture":"#0"},"west":{"uv":[0,0,0.5,0.5],"texture":"#0"},"up":{"uv":[0,0,4.5,0.5],"texture":"#0"},"down":{"uv":[0,0,4.5,0.5],"texture":"#0"}}},{"from":[4,5,6.1],"to":[13,6,6.9],"faces":{"north":{"uv":[0,0,4.5,0.5],"texture":"#0"},"east":{"uv":[0,0,0.4,0.5],"texture":"#0"},"south":{"uv":[0,0,4.5,0.5],"texture":"#0"},"west":{"uv":[0,0,0.4,0.5],"texture":"#0"},"up":{"uv":[0,0,4.5,0.4],"texture":"#0"},"down":{"uv":[0,0,4.5,0.4],"texture":"#0"}}},{"from":[5,3,0],"to":[11,7,5],"faces":{"north":{"uv":[8,0,11,2],"texture":"#0"},"east":{"uv":[8,0,10.5,2],"texture":"#0"},"south":{"uv":[8,0,11,2],"texture":"#0"},"west":{"uv":[8,0,10.5,2],"texture":"#0"},"up":{"uv":[8,0,11,2.5],"texture":"#0"},"down":{"uv":[8,0,11,2.5],"texture":"#0"}}},{"from":[7,4,5],"to":[9,6,9],"faces":{"north":{"uv":[8,0,9,1],"texture":"#0"},"east":{"uv":[8,0,10,1],"texture":"#0"},"south":{"uv":[8,0,9,1],"texture":"#0"},"west":{"uv":[8,0,10,1],"texture":"#0"},"up":{"uv":[8,0,9,2],"texture":"#0"},"down":{"uv":[8,0,9,2],"texture":"#0"}}},{"from":[6,3.5,9],"to":[10,6.5,12],"faces":{"north":{"uv":[8,0,10,1.5],"texture":"#0"},"east":{"uv":[8,0,9.5,1.5],"texture":"#0"},"south":{"uv":[8,0,10,1.5],"texture":"#0"},"west":{"uv":[8,0,9.5,1.5],"texture":"#0"},"up":{"uv":[8,0,10,1.5],"texture":"#0"},"down":{"uv":[8,0,10,1.5],"texture":"#0"}}},{"from":[7,3,10],"to":[9,5,14],"rotation":{"angle":-22.5,"axis":"x","origin":[8,8,8]},"faces":{"north":{"uv":[8,0,9,1],"texture":"#0"},"east":{"uv":[8,0,10,1],"texture":"#0"},"south":{"uv":[8,0,9,1],"texture":"#0"},"west":{"uv":[8,0,10,1],"texture":"#0"},"up":{"uv":[8,0,9,2],"texture":"#0"},"down":{"uv":[8,0,9,2],"texture":"#0"}}},{"from":[5,5.5,14],"to":[11,9.5,18],"faces":{"north":{"uv":[8,0,11,2],"texture":"#0"},"east":{"uv":[8,0,10,2],"texture":"#0"},"south":{"uv":[8,0,11,2],"texture":"#0"},"west":{"uv":[8,0,10,2],"texture":"#0"},"up":{"uv":[8,0,11,2],"texture":"#0"},"down":{"uv":[8,0,11,2],"texture":"#0"}}},{"from":[5,5.5,17],"to":[6,6.5,20],"rotation":{"angle":-22.5,"axis":"x","origin":[8,8,8]},"faces":{"north":{"uv":[8,0,8.5,0.5],"texture":"#0"},"east":{"uv":[8,0,9.5,0.5],"texture":"#0"},"south":{"uv":[8,0,8.5,0.5],"texture":"#0"},"west":{"uv":[8,0,9.5,0.5],"texture":"#0"},"up":{"uv":[8,0,8.5,1.5],"texture":"#0"},"down":{"uv":[8,0,8.5,1.5],"texture":"#0"}}},{"from":[10,5.5,17],"to":[11,6.5,20],"rotation":{"angle":-22.5,"axis":"x","origin":[8,8,8]},"faces":{"north":{"uv":[8,0,8.5,0.5],"texture":"#0"},"east":{"uv":[8,0,9.5,0.5],"texture":"#0"},"south":{"uv":[8,0,8.5,0.5],"texture":"#0"},"west":{"uv":[8,0,9.5,0.5],"texture":"#0"},"up":{"uv":[8,0,8.5,1.5],"texture":"#0"},"down":{"uv":[8,0,8.5,1.5],"texture":"#0"}}},{"from":[17,5.5,13],"to":[18,6.5,17],"rotation":{"angle":-45,"axis":"y","origin":[8,8,8]},"faces":{"north":{"uv":[8,0,8.5,0.5],"texture":"#0"},"east":{"uv":[8,0,10,0.5],"texture":"#0"},"south":{"uv":[8,0,8.5,0.5],"texture":"#0"},"west":{"uv":[8,0,10,0.5],"texture":"#0"},"up":{"uv":[8,0,8.5,2],"texture":"#0"},"down":{"uv":[8,0,8.5,2],"texture":"#0"}}},{"from":[-2,5.5,13],"to":[-1,6.5,17],"rotation":{"angle":45,"axis":"y","origin":[8,8,8]},"faces":{"north":{"uv":[8,0,8.5,0.5],"texture":"#0"},"east":{"uv":[8,0,10,0.5],"texture":"#0"},"south":{"uv":[8,0,8.5,0.5],"texture":"#0"},"west":{"uv":[8,0,10,0.5],"texture":"#0"},"up":{"uv":[8,0,8.5,2],"texture":"#0"},"down":{"uv":[8,0,8.5,2],"texture":"#0"}}},{"from":[10.1,1.5,18],"to":[10.9,2.5,21],"rotation":{"angle":-45,"axis":"x","origin":[8,8,8]},"faces":{"north":{"uv":[8,0,8.4,0.5],"texture":"#0"},"east":{"uv":[8,0,9.5,0.5],"texture":"#0"},"south":{"uv":[8,0,8.4,0.5],"texture":"#0"},"west":{"uv":[8,0,9.5,0.5],"texture":"#0"},"up":{"uv":[8,0,8.4,1.5],"texture":"#0"},"down":{"uv":[8,0,8.4,1.5],"texture":"#0"}}},{"from":[5.1,1.5,18],"to":[5.9,2.5,21],"rotation":{"angle":-45,"axis":"x","origin":[8,8,8]},"faces":{"north":{"uv":[8,0,8.4,0.5],"texture":"#0"},"east":{"uv":[8,0,9.5,0.5],"texture":"#0"},"south":{"uv":[8,0,8.4,0.5],"texture":"#0"},"west":{"uv":[8,0,9.5,0.5],"texture":"#0"},"up":{"uv":[8,0,8.4,1.5],"texture":"#0"},"down":{"uv":[8,0,8.4,1.5],"texture":"#0"}}},{"from":[-4,8,2],"to":[5,9,3],"rotation":{"angle":45,"axis":"z","origin":[8,8,8]},"faces":{"north":{"uv":[8,0,12.5,0.5],"texture":"#0"},"east":{"uv":[8,0,8.5,0.5],"texture":"#0"},"south":{"uv":[8,0,12.5,0.5],"texture":"#0"},"west":{"uv":[8,0,8.5,0.5],"texture":"#0"},"up":{"uv":[8,0,12.5,0.5],"texture":"#0"},"down":{"uv":[8,0,12.5,0.5],"texture":"#0"}}},{"from":[11,8,2],"to":[20,9,3],"rotation":{"angle":-45,"axis":"z","origin":[8,8,8]},"faces":{"north":{"uv":[8,0,12.5,0.5],"texture":"#0"},"east":{"uv":[8,0,8.5,0.5],"texture":"#0"},"south":{"uv":[8,0,12.5,0.5],"texture":"#0"},"west":{"uv":[8,0,8.5,0.5],"texture":"#0"},"up":{"uv":[8,0,12.5,0.5],"texture":"#0"},"down":{"uv":[8,0,12.5,0.5],"texture":"#0"}}},{"from":[11,8,10],"to":[20,9,11],"rotation":{"angle":-45,"axis":"z","origin":[8,8,8]},"faces":{"north":{"uv":[8,0,12.5,0.5],"texture":"#0"},"east":{"uv":[8,0,8.5,0.5],"texture":"#0"},"south":{"uv":[8,0,12.5,0.5],"texture":"#0"},"west":{"uv":[8,0,8.5,0.5],"texture":"#0"},"up":{"uv":[8,0,12.5,0.5],"texture":"#0"},"down":{"uv":[8,0,12.5,0.5],"texture":"#0"}}},{"from":[-4,8,10],"to":[5,9,11],"rotation":{"angle":45,"axis":"z","origin":[8,8,8]},"faces":{"north":{"uv":[8,0,12.5,0.5],"texture":"#0"},"east":{"uv":[8,0,8.5,0.5],"texture":"#0"},"south":{"uv":[8,0,12.5,0.5],"texture":"#0"},"west":{"uv":[8,0,8.5,0.5],"texture":"#0"},"up":{"uv":[8,0,12.5,0.5],"texture":"#0"},"down":{"uv":[8,0,12.5,0.5],"texture":"#0"}}},{"from":[-4,8,6],"to":[5,9,7],"rotation":{"angle":45,"axis":"z","origin":[8,8,8]},"faces":{"north":{"uv":[8,0,12.5,0.5],"texture":"#0"},"east":{"uv":[8,0,8.5,0.5],"texture":"#0"},"south":{"uv":[8,0,12.5,0.5],"texture":"#0"},"west":{"uv":[8,0,8.5,0.5],"texture":"#0"},"up":{"uv":[8,0,12.5,0.5],"texture":"#0"},"down":{"uv":[8,0,12.5,0.5],"texture":"#0"}}},{"from":[11,8,6],"to":[20,9,7],"rotation":{"angle":-45,"axis":"z","origin":[8,8,8]},"faces":{"north":{"uv":[8,0,12.5,0.5],"texture":"#0"},"east":{"uv":[8,0,8.5,0.5],"texture":"#0"},"south":{"uv":[8,0,12.5,0.5],"texture":"#0"},"west":{"uv":[8,0,8.5,0.5],"texture":"#0"},"up":{"uv":[8,0,12.5,0.5],"texture":"#0"},"down":{"uv":[8,0,12.5,0.5],"texture":"#0"}}},{"from":[4,5,6.1],"to":[13,6,6.9],"faces":{"north":{"uv":[8,0,12.5,0.5],"texture":"#0"},"east":{"uv":[8,0,8.4,0.5],"texture":"#0"},"south":{"uv":[8,0,12.5,0.5],"texture":"#0"},"west":{"uv":[8,0,8.4,0.5],"texture":"#0"},"up":{"uv":[8,0,12.5,0.4],"texture":"#0"},"down":{"uv":[8,0,12.5,0.4],"texture":"#0"}}}],"display":{"head":{"rotation":[0,180,0],"translation":[0,-16,-1.13],"scale":[2.5,2.5,2.5]}}}