{
"textures": {
    "texture": "asurvival:mob/duskbloodskin",
    "vampirecape": "asurvival:mob/vampirecape",
    "bone": "asurvival:mob/bone",
    "anvil_base": "block/anvil_top",
    "brown": "asurvival:mob/brown"
},
"elements": [ 
{
    "from": [ 6, -1, 4 ],
    "to": [ 9.5, 0, 6 ],
    "faces": {
        "down":  { "uv": [ 10, 6, 6.5, 4 ], "texture": "#texture" },
        "up":    { "uv": [ 6, 4, 9.5, 6 ], "texture": "#texture" },
        "north": { "uv": [ 6.5, 16, 10, 16 ], "texture": "#texture" },
        "south": { "uv": [ 6, 16, 9.5, 16 ], "texture": "#texture" },
        "west":  { "uv": [ 4, 16, 6, 16 ], "texture": "#texture" },
        "east":  { "uv": [ 10, 16, 12, 16 ], "texture": "#texture" }
    }
},
{
    "from": [ 6, -1, 10 ],
    "to": [ 9.5, 0, 12 ],
    "faces": {
        "down":  { "uv": [ 10, 12, 6.5, 10 ], "texture": "#texture" },
        "up":    { "uv": [ 6, 10, 9.5, 12 ], "texture": "#texture" },
        "north": { "uv": [ 6.5, 16, 10, 16 ], "texture": "#texture" },
        "south": { "uv": [ 6, 16, 9.5, 16 ], "texture": "#texture" },
        "west":  { "uv": [ 10, 16, 12, 16 ], "texture": "#texture" },
        "east":  { "uv": [ 4, 16, 6, 16 ], "texture": "#texture" }
    }
},
{
    "from": [ 5.5625, -1.1875, 4 ],
    "to": [ 7.5625, 4.3125, 6 ],
    "rotation": { "origin": [ 5.5625, 4.3125, 4 ], "axis": "z", "angle": 22.5 },
    "faces": {
        "down":  { "uv": [ 8.5, 6, 6.5, 4 ], "texture": "#texture" },
        "up":    { "uv": [ 7.5, 4, 9.5, 6 ], "texture": "#texture" },
        "north": { "uv": [ 6.5, 9.5, 8.5, 15 ], "texture": "#texture" },
        "south": { "uv": [ 7.5, 9.5, 9.5, 15 ], "texture": "#texture" },
        "west":  { "uv": [ 4, 9.5, 6, 15 ], "texture": "#texture" },
        "east":  { "uv": [ 10, 9.5, 12, 15 ], "texture": "#texture" }
    }
},
{
    "from": [ 5.5625, -1.1875, 10 ],
    "to": [ 7.5625, 4.3125, 12 ],
    "rotation": { "origin": [ 5.5625, 4.3125, 10 ], "axis": "z", "angle": 22.5 },
    "faces": {
        "down":  { "uv": [ 8.5, 12, 6.5, 10 ], "texture": "#texture" },
        "up":    { "uv": [ 7.5, 10, 9.5, 12 ], "texture": "#texture" },
        "north": { "uv": [ 6.5, 9.5, 8.5, 15 ], "texture": "#texture" },
        "south": { "uv": [ 7.5, 9.5, 9.5, 15 ], "texture": "#texture" },
        "west":  { "uv": [ 10, 9.5, 12, 15 ], "texture": "#texture" },
        "east":  { "uv": [ 4, 9.5, 6, 15 ], "texture": "#texture" }
    }
},
{
    "from": [ 9.0625, 2.875, 9.9375 ],
    "to": [ 11.0625, 7.875, 12.0625 ],
    "rotation": { "origin": [ 9.0625, 7.875, 9.9375 ], "axis": "z", "angle": -45 },
    "faces": {
        "down":  { "uv": [ 10.5, 5, 8.5, 4 ], "texture": "#texture" },
        "up":    { "uv": [ 5.5, 4, 7.5, 5 ], "texture": "#texture" },
        "north": { "uv": [ 8.5, 6, 10.5, 11 ], "texture": "#texture" },
        "south": { "uv": [ 5.5, 6, 7.5, 11 ], "texture": "#texture" },
        "west":  { "uv": [ 4, 6, 5, 11 ], "texture": "#texture" },
        "east":  { "uv": [ 11, 6, 12, 11 ], "texture": "#texture" }
    }
},
{
    "from": [ 9.0625, 2.875, 3.9375 ],
    "to": [ 11.0625, 7.875, 6.0625 ],
    "rotation": { "origin": [ 9.0625, 7.875, 3.9375 ], "axis": "z", "angle": -45 },
    "faces": {
        "down":  { "uv": [ 10.5, 5, 8.5, 4 ], "texture": "#texture" },
        "up":    { "uv": [ 5.5, 4, 7.5, 5 ], "texture": "#texture" },
        "north": { "uv": [ 8.5, 6, 10.5, 11 ], "texture": "#texture" },
        "south": { "uv": [ 5.5, 6, 7.5, 11 ], "texture": "#texture" },
        "west":  { "uv": [ 4, 6, 5, 11 ], "texture": "#texture" },
        "east":  { "uv": [ 11, 6, 12, 11 ], "texture": "#texture" }
    }
},
{
    "from": [ 5, 4, 5.5 ],
    "to": [ 7.5, 9.5, 10.5 ],
    "rotation": { "origin": [ 5, 9.5, 5.5 ], "axis": "z", "angle": 45 },
    "faces": {
        "down":  { "uv": [ 7.5, 10.5, 5.5, 5.5 ], "texture": "#texture" },
        "up":    { "uv": [ 8.5, 5.5, 10.5, 10.5 ], "texture": "#texture" },
        "north": { "uv": [ 5.5, 4, 7.5, 8.5 ], "texture": "#texture" },
        "south": { "uv": [ 8.5, 4, 10.5, 8.5 ], "texture": "#texture" },
        "west":  { "uv": [ 5.5, 4, 10.5, 8.5 ], "texture": "#texture" },
        "east":  { "uv": [ 5.5, 4, 10.5, 8.5 ], "texture": "#texture" }
    }
},
{
    "from": [ 2.625, 7.5625, 4.5 ],
    "to": [ 6.125, 11.0625, 11.5 ],
    "rotation": { "origin": [ 2.625, 11.0625, 4.5 ], "axis": "z", "angle": 45 },
    "faces": {
        "down":  { "uv": [ 2.5, 4, 6, 12 ], "texture": "#texture" },
        "up":    { "uv": [ 2.5, 4, 6, 12 ], "texture": "#texture" },
        "north": { "uv": [ 2.5, 4, 6, 7 ], "texture": "#texture" },
        "south": { "uv": [ 2.5, 4, 6, 7 ], "texture": "#texture" },
        "west":  { "uv": [ 4, 4, 12, 7 ], "texture": "#texture" },
        "east":  { "uv": [ 4, 4, 12, 7 ], "texture": "#texture" }
    }
},
{
    "from": [ 2.4375, 10.875, 6.75 ],
    "to": [ 4.4375, 12.375, 9.25 ],
    "rotation": { "origin": [ 2.4375, 12.375, 6.75 ], "axis": "z", "angle": 45 },
    "faces": {
        "down":  { "uv": [ 2.4375, 6.75, 4.4375, 9.25 ], "texture": "#texture" },
        "up":    { "uv": [ 2.4375, 6.75, 4.4375, 9.25 ], "texture": "#texture" },
        "north": { "uv": [ 2.4375, 2.625, 4.4375, 4.125 ], "texture": "#texture" },
        "south": { "uv": [ 2.4375, 2.625, 4.4375, 4.125 ], "texture": "#texture" },
        "west":  { "uv": [ 6.75, 2.625, 9.25, 4.125 ], "texture": "#texture" },
        "east":  { "uv": [ 6.75, 2.625, 9.25, 4.125 ], "texture": "#texture" }
    }
},
{
    "from": [ 0.5, 12, 6 ],
    "to": [ 4, 16, 10 ],
    "faces": {
        "down":  { "uv": [ 15.5, 10, 12, 6 ], "texture": "#texture" },
        "up":    { "uv": [ 0.5, 6, 4, 10 ], "texture": "#texture" },
        "north": { "uv": [ 12, 0, 15.5, 4 ], "texture": "#texture" },
        "south": { "uv": [ 0.5, 0, 4, 4 ], "texture": "#texture" },
        "west":  { "uv": [ 6, 0, 10, 4 ], "texture": "#texture" },
        "east":  { "uv": [ 6, 0, 10, 4 ], "texture": "#texture" }
    }
},
{
    "from": [ 4, 7.3125, 1.3125 ],
    "to": [ 6, 9.3125, 5.8125 ],
    "rotation": { "origin": [ 4, 9.3125, 1.3125 ], "axis": "x", "angle": -45 },
    "faces": {
        "down":  { "uv": [ 12, 13.5, 10, 11.5 ], "texture": "#texture" },
        "up":    { "uv": [ 4, 11.5, 6, 13.5 ], "texture": "#texture" },
        "north": { "uv": [ 10, 2.5, 12, 4.5 ], "texture": "#texture" },
        "south": { "uv": [ 4, 2.5, 6, 4.5 ], "texture": "#texture" },
        "west":  { "uv": [ 11.5, 2.5, 13.5, 4.5 ], "texture": "#texture" },
        "east":  { "uv": [ 2.5, 2.5, 4.5, 4.5 ], "texture": "#texture" }
    }
},
{
    "from": [ 4.0625, 3.75, 1.3125 ],
    "to": [ 6.0625, 9.75, 3.3125 ],
    "rotation": { "origin": [ 4.0625, 9.75, 1.3125 ], "axis": "z", "angle": -22.5 },
    "faces": {
        "down":  { "uv": [ 12, 5, 10, 4 ], "texture": "#texture" },
        "up":    { "uv": [ 4, 4, 6, 5 ], "texture": "#texture" },
        "north": { "uv": [ 10, 7, 12, 11 ], "texture": "#texture" },
        "south": { "uv": [ 4, 7, 6, 11 ], "texture": "#texture" },
        "west":  { "uv": [ 4, 7, 5, 11 ], "texture": "#texture" },
        "east":  { "uv": [ 11, 7, 12, 11 ], "texture": "#texture" }
    }
},
{
    "from": [ 4, 10.5, 11.5 ],
    "to": [ 6, 12.5, 16 ],
    "rotation": { "origin": [ 4, 12.5, 11.5 ], "axis": "x", "angle": 45 },
    "faces": {
        "down":  { "uv": [ 12, 13.5, 10, 11.5 ], "texture": "#texture" },
        "up":    { "uv": [ 4, 11.5, 6, 13.5 ], "texture": "#texture" },
        "north": { "uv": [ 10, 2.5, 12, 4.5 ], "texture": "#texture" },
        "south": { "uv": [ 4, 2.5, 6, 4.5 ], "texture": "#texture" },
        "west":  { "uv": [ 11.5, 2.5, 13.5, 4.5 ], "texture": "#texture" },
        "east":  { "uv": [ 2.5, 2.5, 4.5, 4.5 ], "texture": "#texture" }
    }
},
{
    "from": [ 4.0625, 3.75, 12.6875 ],
    "to": [ 6.0625, 9.75, 14.6875 ],
    "rotation": { "origin": [ 4.0625, 9.75, 12.6875 ], "axis": "z", "angle": -22.5 },
    "faces": {
        "down":  { "uv": [ 12, 5, 10, 4 ], "texture": "#texture" },
        "up":    { "uv": [ 4, 4, 6, 5 ], "texture": "#texture" },
        "north": { "uv": [ 10, 7, 12, 11 ], "texture": "#texture" },
        "south": { "uv": [ 4, 7, 6, 11 ], "texture": "#texture" },
        "west":  { "uv": [ 4, 7, 5, 11 ], "texture": "#texture" },
        "east":  { "uv": [ 11, 7, 12, 11 ], "texture": "#texture" }
    }
},
{
    "from": [ 0, 15, 6 ],
    "to": [ 0.5, 16, 10 ],
    "faces": {
        "down":  { "uv": [ 16, 10, 15.5, 6 ], "texture": "#texture" },
        "up":    { "uv": [ 0, 6, 0.5, 10 ], "texture": "#texture" },
        "north": { "uv": [ 15.5, 0, 16, 1 ], "texture": "#texture" },
        "south": { "uv": [ 0, 0, 0.5, 1 ], "texture": "#texture" },
        "west":  { "uv": [ 6, 0, 10, 1 ], "texture": "#texture" },
        "east":  { "uv": [ 6, 0, 10, 1 ], "texture": "#texture" }
    }
},
{
    "from": [ 0, 14, 6 ],
    "to": [ 0.5, 15, 6.5 ],
    "faces": {
        "down":  { "uv": [ 16, 6.5, 15.5, 6 ], "texture": "#texture" },
        "up":    { "uv": [ 0, 6, 0.5, 6.5 ], "texture": "#texture" },
        "north": { "uv": [ 15.5, 1, 16, 2 ], "texture": "#texture" },
        "south": { "uv": [ 0, 1, 0.5, 2 ], "texture": "#texture" },
        "west":  { "uv": [ 6, 1, 6.5, 2 ], "texture": "#texture" },
        "east":  { "uv": [ 9.5, 1, 10, 2 ], "texture": "#texture" }
    }
},
{
    "from": [ 0, 14, 9.5 ],
    "to": [ 0.5, 15, 10 ],
    "faces": {
        "down":  { "uv": [ 16, 10, 15.5, 9.5 ], "texture": "#texture" },
        "up":    { "uv": [ 0, 9.5, 0.5, 10 ], "texture": "#texture" },
        "north": { "uv": [ 15.5, 1, 16, 2 ], "texture": "#texture" },
        "south": { "uv": [ 0, 1, 0.5, 2 ], "texture": "#texture" },
        "west":  { "uv": [ 9.5, 1, 10, 2 ], "texture": "#texture" },
        "east":  { "uv": [ 6, 1, 6.5, 2 ], "texture": "#texture" }
    }
},
{
    "from": [ 0, 14, 7.5 ],
    "to": [ 0.5, 15, 8.5 ],
    "faces": {
        "down":  { "uv": [ 16, 8.5, 15.5, 7.5 ], "texture": "#texture" },
        "up":    { "uv": [ 0, 7.5, 0.5, 8.5 ], "texture": "#texture" },
        "north": { "uv": [ 15.5, 1, 16, 2 ], "texture": "#texture" },
        "south": { "uv": [ 0, 1, 0.5, 2 ], "texture": "#texture" },
        "west":  { "uv": [ 7.5, 1, 8.5, 2 ], "texture": "#texture" },
        "east":  { "uv": [ 7.5, 1, 8.5, 2 ], "texture": "#texture" }
    }
},
{
    "from": [ -0.25, 12, 6 ],
    "to": [ 0.25, 12.5, 10 ],
    "faces": {
        "down":  { "uv": [ 16, 10, 15.75, 6 ], "texture": "#texture" },
        "up":    { "uv": [ 0, 6, 0.25, 10 ], "texture": "#texture" },
        "north": { "uv": [ 15.75, 3.5, 16, 4 ], "texture": "#texture" },
        "south": { "uv": [ 0, 3.5, 0.25, 4 ], "texture": "#texture" },
        "west":  { "uv": [ 6, 3.5, 10, 4 ], "texture": "#texture" },
        "east":  { "uv": [ 6, 3.5, 10, 4 ], "texture": "#texture" }
    }
},
{
    "from": [ 0, 12, 6 ],
    "to": [ 0.5, 14, 10 ],
    "faces": {
        "down":  { "uv": [ 16, 10, 15.5, 6 ], "texture": "#texture" },
        "up":    { "uv": [ 0, 6, 0.5, 10 ], "texture": "#texture" },
        "north": { "uv": [ 15.5, 2, 16, 4 ], "texture": "#texture" },
        "south": { "uv": [ 0, 2, 0.5, 4 ], "texture": "#texture" },
        "west":  { "uv": [ 6, 2, 10, 4 ], "texture": "#texture" },
        "east":  { "uv": [ 6, 2, 10, 4 ], "texture": "#texture" }
    }
},
{
    "from": [ 0.1875, 14, 6.5 ],
    "to": [ 0.6875, 15, 9.5 ],
    "faces": {
        "down":  { "uv": [ 15.8125, 9.5, 15.3125, 6.5 ], "texture": "#vampirecape" },
        "up":    { "uv": [ 0.1875, 6.5, 0.6875, 9.5 ], "texture": "#vampirecape" },
        "north": { "uv": [ 15.3125, 1, 15.8125, 2 ], "texture": "#vampirecape" },
        "south": { "uv": [ 0.1875, 1, 0.6875, 2 ], "texture": "#vampirecape" },
        "west":  { "uv": [ 6.5, 1, 9.5, 2 ], "texture": "#vampirecape" },
        "east":  { "uv": [ 6.5, 1, 9.5, 2 ], "texture": "#vampirecape" }
    }
},
{
    "from": [ -0.1875, 12.25, 9 ],
    "to": [ 0.3125, 13.25, 9.5 ],
    "faces": {
        "down":  { "uv": [ 16, 9.5, 15.6875, 9 ], "texture": "#bone" },
        "up":    { "uv": [ 0, 9, 0.3125, 9.5 ], "texture": "#bone" },
        "north": { "uv": [ 15.6875, 2.75, 16, 3.75 ], "texture": "#bone" },
        "south": { "uv": [ 0, 2.75, 0.3125, 3.75 ], "texture": "#bone" },
        "west":  { "uv": [ 9, 2.75, 9.5, 3.75 ], "texture": "#bone" },
        "east":  { "uv": [ 6.5, 2.75, 7, 3.75 ], "texture": "#bone" }
    }
},
{
    "from": [ -0.1875, 12.1875, 6.5 ],
    "to": [ 0.3125, 13.1875, 7 ],
    "faces": {
        "down":  { "uv": [ 16, 7, 15.6875, 6.5 ], "texture": "#bone" },
        "up":    { "uv": [ 0, 6.5, 0.3125, 7 ], "texture": "#bone" },
        "north": { "uv": [ 15.6875, 2.8125, 16, 3.8125 ], "texture": "#bone" },
        "south": { "uv": [ 0, 2.8125, 0.3125, 3.8125 ], "texture": "#bone" },
        "west":  { "uv": [ 6.5, 2.8125, 7, 3.8125 ], "texture": "#bone" },
        "east":  { "uv": [ 9, 2.8125, 9.5, 3.8125 ], "texture": "#bone" }
    }
},
{
    "from": [ 0, 13.5625, 7.5 ],
    "to": [ 1, 14.5625, 8.5 ],
    "rotation": { "origin": [ 0, 14.5625, 7.5 ], "axis": "z", "angle": -22.5 },
    "faces": {
        "down":  { "uv": [ 16, 8.5, 16, 7.5 ], "texture": "#texture" },
        "up":    { "uv": [ 0, 7.5, 0, 8.5 ], "texture": "#texture" },
        "north": { "uv": [ 16, 0.5, 16, 1.5 ], "texture": "#texture" },
        "south": { "uv": [ 0, 0.5, 0, 1.5 ], "texture": "#texture" },
        "west":  { "uv": [ 7.5, 0.5, 8.5, 1.5 ], "texture": "#texture" },
        "east":  { "uv": [ 7.5, 0.5, 8.5, 1.5 ], "texture": "#texture" }
    }
},
{
    "from": [ 1.5, 13.4375, 9.625 ],
    "to": [ 2.5, 14.4375, 12.125 ],
    "rotation": { "origin": [ 1.5, 14.4375, 9.625 ], "axis": "x", "angle": -22.5 },
    "faces": {
        "down":  { "uv": [ 14.5, 12.5, 13.5, 10 ], "texture": "#texture" },
        "up":    { "uv": [ 1.5, 10, 2.5, 12.5 ], "texture": "#texture" },
        "north": { "uv": [ 13.5, 0, 14.5, 1 ], "texture": "#texture" },
        "south": { "uv": [ 1.5, 0, 2.5, 1 ], "texture": "#texture" },
        "west":  { "uv": [ 10, 0, 12.5, 1 ], "texture": "#texture" },
        "east":  { "uv": [ 3.5, 0, 6, 1 ], "texture": "#texture" }
    }
},
{
    "from": [ 1.5, 14.375, 4.0625 ],
    "to": [ 2.5, 15.375, 6.5625 ],
    "rotation": { "origin": [ 1.5, 15.375, 4.0625 ], "axis": "x", "angle": 22.5 },
    "faces": {
        "down":  { "uv": [ 16, 6, 16, 3.5 ], "texture": "#texture" },
        "up":    { "uv": [ 0, 3.5, 0, 6 ], "texture": "#texture" },
        "north": { "uv": [ 16, 0.5, 16, 1.5 ], "texture": "#texture" },
        "south": { "uv": [ 0, 0.5, 0, 1.5 ], "texture": "#texture" },
        "west":  { "uv": [ 3.5, 0.5, 6, 1.5 ], "texture": "#texture" },
        "east":  { "uv": [ 10, 0.5, 12.5, 1.5 ], "texture": "#texture" }
    }
},
{
    "from": [ 3.0625, 5, 1.0625 ],
    "to": [ 5.5625, 8, 3.5625 ],
    "rotation": { "origin": [ 3.0625, 8, 1.0625 ], "axis": "z", "angle": -22.5 },
    "faces": {
        "down":  { "uv": [ 3.0625, 1.0625, 5.5625, 3.5625 ], "texture": "#anvil_base" },
        "up":    { "uv": [ 3.0625, 1.0625, 5.5625, 3.5625 ], "texture": "#anvil_base" },
        "north": { "uv": [ 3.0625, 7, 5.5625, 10 ], "texture": "#anvil_base" },
        "south": { "uv": [ 3.0625, 7, 5.5625, 10 ], "texture": "#anvil_base" },
        "west":  { "uv": [ 1.0625, 7, 3.5625, 10 ], "texture": "#anvil_base" },
        "east":  { "uv": [ 1.0625, 7, 3.5625, 10 ], "texture": "#anvil_base" }
    }
},
{
    "from": [ 3.0625, 5, 12.4375 ],
    "to": [ 5.5625, 8, 14.9375 ],
    "rotation": { "origin": [ 3.0625, 8, 12.4375 ], "axis": "z", "angle": -22.5 },
    "faces": {
        "down":  { "uv": [ 3.0625, 12.4375, 5.5625, 14.9375 ], "texture": "#anvil_base" },
        "up":    { "uv": [ 3.0625, 12.4375, 5.5625, 14.9375 ], "texture": "#anvil_base" },
        "north": { "uv": [ 3.0625, 7, 5.5625, 10 ], "texture": "#anvil_base" },
        "south": { "uv": [ 3.0625, 7, 5.5625, 10 ], "texture": "#anvil_base" },
        "west":  { "uv": [ 12.4375, 7, 14.9375, 10 ], "texture": "#anvil_base" },
        "east":  { "uv": [ 12.4375, 7, 14.9375, 10 ], "texture": "#anvil_base" }
    }
},
{
    "from": [ 6.875, 4.75, 5.25 ],
    "to": [ 9.875, 7.25, 10.75 ],
    "rotation": { "origin": [ 6.875, 7.25, 5.25 ], "axis": "z", "angle": 45 },
    "faces": {
        "down":  { "uv": [ 6.9375, 5.25, 9.9375, 10.75 ], "texture": "#brown" },
        "up":    { "uv": [ 6.9375, 5.25, 9.9375, 10.75 ], "texture": "#brown" },
        "north": { "uv": [ 6.9375, 7.8125, 9.9375, 10.3125 ], "texture": "#brown" },
        "south": { "uv": [ 6.9375, 7.8125, 9.9375, 10.3125 ], "texture": "#brown" },
        "west":  { "uv": [ 5.25, 7.8125, 10.75, 10.3125 ], "texture": "#brown" },
        "east":  { "uv": [ 5.25, 7.8125, 10.75, 10.3125 ], "texture": "#brown" }
    }
},
{
    "from": [ 8.5, 4, 6.5 ],
    "to": [ 9, 6, 9.5 ],
    "faces": {
        "down":  { "uv": [ 7.5, 9.5, 7, 6.5 ], "texture": "#brown" },
        "up":    { "uv": [ 8.5, 6.5, 9, 9.5 ], "texture": "#brown" },
        "north": { "uv": [ 7, 10, 7.5, 12 ], "texture": "#brown" },
        "south": { "uv": [ 8.5, 10, 9, 12 ], "texture": "#brown" },
        "west":  { "uv": [ 6.5, 10, 9.5, 12 ], "texture": "#brown" },
        "east":  { "uv": [ 6.5, 10, 9.5, 12 ], "texture": "#brown" }
    }
},
{
    "from": [ 8.5, 2.5, 8 ],
    "to": [ 9, 4, 9 ],
    "faces": {
        "down":  { "uv": [ 7.5, 9, 7, 8 ], "texture": "#brown" },
        "up":    { "uv": [ 8.5, 8, 9, 9 ], "texture": "#brown" },
        "north": { "uv": [ 7, 12, 7.5, 13.5 ], "texture": "#brown" },
        "south": { "uv": [ 8.5, 12, 9, 13.5 ], "texture": "#brown" },
        "west":  { "uv": [ 8, 12, 9, 13.5 ], "texture": "#brown" },
        "east":  { "uv": [ 7, 12, 8, 13.5 ], "texture": "#brown" }
    }
},
{
    "from": [ 8.5, 3.5, 7 ],
    "to": [ 9, 4, 8 ],
    "faces": {
        "down":  { "uv": [ 7.5, 8, 7, 7 ], "texture": "#brown" },
        "up":    { "uv": [ 8.5, 7, 9, 8 ], "texture": "#brown" },
        "north": { "uv": [ 7, 12, 7.5, 12.5 ], "texture": "#brown" },
        "south": { "uv": [ 8.5, 12, 9, 12.5 ], "texture": "#brown" },
        "west":  { "uv": [ 7, 12, 8, 12.5 ], "texture": "#brown" },
        "east":  { "uv": [ 8, 12, 9, 12.5 ], "texture": "#brown" }
    }
},
{
    "from": [ 8.5, 2, 8.5 ],
    "to": [ 9, 2.5, 9 ],
    "faces": {
        "down":  { "uv": [ 7.5, 9, 7, 8.5 ], "texture": "#brown" },
        "up":    { "uv": [ 8.5, 8.5, 9, 9 ], "texture": "#brown" },
        "north": { "uv": [ 7, 13.5, 7.5, 14 ], "texture": "#brown" },
        "south": { "uv": [ 8.5, 13.5, 9, 14 ], "texture": "#brown" },
        "west":  { "uv": [ 8.5, 13.5, 9, 14 ], "texture": "#brown" },
        "east":  { "uv": [ 7, 13.5, 7.5, 14 ], "texture": "#brown" }
    }
},
{
    "from": [ 10.25, 4.5625, 6.5 ],
    "to": [ 10.75, 7.5625, 9.5 ],
    "faces": {
        "down":  { "uv": [ 5.75, 9.5, 5.25, 6.5 ], "texture": "#brown" },
        "up":    { "uv": [ 10.25, 6.5, 10.75, 9.5 ], "texture": "#brown" },
        "north": { "uv": [ 5.25, 8.4375, 5.75, 11.4375 ], "texture": "#brown" },
        "south": { "uv": [ 10.25, 8.4375, 10.75, 11.4375 ], "texture": "#brown" },
        "west":  { "uv": [ 6.5, 8.4375, 9.5, 11.4375 ], "texture": "#brown" },
        "east":  { "uv": [ 6.5, 8.4375, 9.5, 11.4375 ], "texture": "#brown" }
    }
},
{
    "from": [ 10.25, 3.5625, 7 ],
    "to": [ 10.75, 4.5625, 8 ],
    "faces": {
        "down":  { "uv": [ 5.75, 8, 5.25, 7 ], "texture": "#brown" },
        "up":    { "uv": [ 10.25, 7, 10.75, 8 ], "texture": "#brown" },
        "north": { "uv": [ 5.25, 11.4375, 5.75, 12.4375 ], "texture": "#brown" },
        "south": { "uv": [ 10.25, 11.4375, 10.75, 12.4375 ], "texture": "#brown" },
        "west":  { "uv": [ 7, 11.4375, 8, 12.4375 ], "texture": "#brown" },
        "east":  { "uv": [ 8, 11.4375, 9, 12.4375 ], "texture": "#brown" }
    }
},
{
    "from": [ 10.25, 4.0625, 8 ],
    "to": [ 10.75, 4.5625, 9 ],
    "faces": {
        "down":  { "uv": [ 5.75, 9, 5.25, 8 ], "texture": "#brown" },
        "up":    { "uv": [ 10.25, 8, 10.75, 9 ], "texture": "#brown" },
        "north": { "uv": [ 5.25, 11.4375, 5.75, 11.9375 ], "texture": "#brown" },
        "south": { "uv": [ 10.25, 11.4375, 10.75, 11.9375 ], "texture": "#brown" },
        "west":  { "uv": [ 8, 11.4375, 9, 11.9375 ], "texture": "#brown" },
        "east":  { "uv": [ 7, 11.4375, 8, 11.9375 ], "texture": "#brown" }
    }
},
{
    "from": [ 10.25, 3.0625, 7.5 ],
    "to": [ 10.75, 3.5625, 8 ],
    "faces": {
        "down":  { "uv": [ 5.75, 8, 5.25, 7.5 ], "texture": "#brown" },
        "up":    { "uv": [ 10.25, 7.5, 10.75, 8 ], "texture": "#brown" },
        "north": { "uv": [ 5.25, 12.4375, 5.75, 12.9375 ], "texture": "#brown" },
        "south": { "uv": [ 10.25, 12.4375, 10.75, 12.9375 ], "texture": "#brown" },
        "west":  { "uv": [ 7.5, 12.4375, 8, 12.9375 ], "texture": "#brown" },
        "east":  { "uv": [ 8, 12.4375, 8.5, 12.9375 ], "texture": "#brown" }
    }
}
],
"display": {
    "head": {
        "rotation": [ 0, -90, 0 ],
        "translation": [ 0, -24, 2.83 ],
        "scale": [ 2.29, 2.29, 2.29 ]
    }
}
}