{"textures":{"main":"asurvival:mob/dweller_still"},"elements":[{"name":"head","from":[5,6,5.000000014901161],"to":[11,12,11.000000014901161],"faces":{"north":{"texture":"#main","uv":[0,0,2,2]},"east":{"texture":"#main","uv":[0,0,2,2]},"south":{"texture":"#main","uv":[0,0,2,2]},"west":{"texture":"#main","uv":[0,0,2,2]},"up":{"texture":"#main","uv":[0,0,2,2]},"down":{"texture":"#main","uv":[0,0,2,2]}}},{"name":"Cube","from":[5,2,6.000000014901161],"to":[7,6,8.000000014901161],"faces":{"north":{"texture":"#main","uv":[2,0,4,2]},"east":{"texture":"#main","uv":[2,0,4,2]},"south":{"texture":"#main","uv":[2,0,4,2]},"west":{"texture":"#main","uv":[2,0,4,2]},"up":{"texture":"#main","uv":[2,0,4,2]},"down":{"texture":"#main","uv":[2,0,4,2]}}},{"name":"foot","from":[5,0,6.000000014901161],"to":[7,2,11.000000014901161],"faces":{"north":{"texture":"#main","uv":[4,0,6,2]},"east":{"texture":"#main","uv":[4,0,6,2]},"south":{"texture":"#main","uv":[4,0,6,2]},"west":{"texture":"#main","uv":[4,0,6,2]},"up":{"texture":"#main","uv":[4,0,6,2]},"down":{"texture":"#main","uv":[4,0,6,2]}}},{"name":"Cube","from":[9,2,6.000000014901161],"to":[11,6,8.000000014901161],"faces":{"north":{"texture":"#main","uv":[2,0,4,2]},"east":{"texture":"#main","uv":[2,0,4,2]},"south":{"texture":"#main","uv":[2,0,4,2]},"west":{"texture":"#main","uv":[2,0,4,2]},"up":{"texture":"#main","uv":[2,0,4,2]},"down":{"texture":"#main","uv":[2,0,4,2]}}},{"name":"arm","from":[3,7,7],"to":[5,11,10],"rotation":{"origin":[8,8,8],"axis":"x","angle":-22.5},"faces":{"north":{"texture":"#main","uv":[6,0,8,2]},"east":{"texture":"#main","uv":[6,0,8,2]},"south":{"texture":"#main","uv":[6,0,8,2]},"west":{"texture":"#main","uv":[6,0,8,2]},"up":{"texture":"#main","uv":[6,0,8,2]},"down":{"texture":"#main","uv":[6,0,8,2]}}},{"name":"arm","from":[11,7,7],"to":[13,11,10],"rotation":{"origin":[8,8,8],"axis":"x","angle":-22.5},"faces":{"north":{"texture":"#main","uv":[6,0,8,2]},"east":{"texture":"#main","uv":[6,0,8,2]},"south":{"texture":"#main","uv":[6,0,8,2]},"west":{"texture":"#main","uv":[6,0,8,2]},"up":{"texture":"#main","uv":[6,0,8,2]},"down":{"texture":"#main","uv":[6,0,8,2]}}},{"name":"arm","from":[1,4,7],"to":[3,9,9],"rotation":{"origin":[8,8,8],"axis":"x","angle":-45},"faces":{"north":{"texture":"#main","uv":[2,0,4,2]},"east":{"texture":"#main","uv":[2,0,4,2]},"south":{"texture":"#main","uv":[2,0,4,2]},"west":{"texture":"#main","uv":[2,0,4,2]},"up":{"texture":"#main","uv":[2,0,4,2]},"down":{"texture":"#main","uv":[2,0,4,2],"rotation":90}}},{"name":"arm","from":[13,4,7],"to":[15,9,9],"rotation":{"origin":[8,8,8],"axis":"x","angle":-45},"faces":{"north":{"texture":"#main","uv":[2,0,4,2]},"east":{"texture":"#main","uv":[2,0,4,2]},"south":{"texture":"#main","uv":[2,0,4,2]},"west":{"texture":"#main","uv":[2,0,4,2]},"up":{"texture":"#main","uv":[2,0,4,2]},"down":{"texture":"#main","uv":[2,0,4,2]}}},{"name":"Cube","from":[6,8,8.000000014901161],"to":[10,13,13.000000014901161],"faces":{"north":{"texture":"#main","uv":[0,0,2,2]},"east":{"texture":"#main","uv":[0,0,2,2]},"south":{"texture":"#main","uv":[0,2,2,4]},"west":{"texture":"#main","uv":[0,0,2,2]},"up":{"texture":"#main","uv":[0,0,2,2]},"down":{"texture":"#main","uv":[0,0,2,2]}}},{"name":"foot","from":[9,0,6.000000014901161],"to":[11,2,11.000000014901161],"faces":{"north":{"texture":"#main","uv":[4,0,6,2]},"east":{"texture":"#main","uv":[4,0,6,2]},"south":{"texture":"#main","uv":[4,0,6,2]},"west":{"texture":"#main","uv":[4,0,6,2]},"up":{"texture":"#main","uv":[4,0,6,2]},"down":{"texture":"#main","uv":[4,0,6,2]}}},{"name":"head","from":[5,6,5.000000014901161],"to":[11,12,11.000000014901161],"faces":{"north":{"texture":"#main","uv":[8,0,10,2]},"east":{"texture":"#main","uv":[8,0,10,2]},"south":{"texture":"#main","uv":[8,0,10,2]},"west":{"texture":"#main","uv":[8,0,10,2]},"up":{"texture":"#main","uv":[8,0,10,2]},"down":{"texture":"#main","uv":[8,0,10,2]}}},{"name":"Cube","from":[4.899999998509884,1,6.000000014901161],"to":[7.100000001490116,6,8.000000014901161],"rotation":{"origin":[8,8,8],"axis":"x","angle":-22.5},"faces":{"north":{"texture":"#main","uv":[10,0,12,2]},"east":{"texture":"#main","uv":[10,0,12,2]},"south":{"texture":"#main","uv":[10,0,12,2]},"west":{"texture":"#main","uv":[10,0,12,2]},"up":{"texture":"#main","uv":[10,0,12,2]},"down":{"texture":"#main","uv":[10,0,12,2]}}},{"name":"foot","from":[5,0,8.000000014901161],"to":[7,2,13.000000014901161],"faces":{"north":{"texture":"#main","uv":[12,0,14,2]},"east":{"texture":"#main","uv":[12,0,14,2]},"south":{"texture":"#main","uv":[12,0,14,2]},"west":{"texture":"#main","uv":[12,0,14,2]},"up":{"texture":"#main","uv":[12,0,14,2]},"down":{"texture":"#main","uv":[12,0,14,2]}}},{"name":"Cube","from":[8.899999998509884,1,6.000000014901161],"to":[11.100000001490116,6,8.000000014901161],"rotation":{"origin":[8,8,8],"axis":"x","angle":22.5},"faces":{"north":{"texture":"#main","uv":[10,0,12,2]},"east":{"texture":"#main","uv":[10,0,12,2]},"south":{"texture":"#main","uv":[10,0,12,2]},"west":{"texture":"#main","uv":[10,0,12,2]},"up":{"texture":"#main","uv":[10,0,12,2]},"down":{"texture":"#main","uv":[10,0,12,2]}}},{"name":"arm","from":[3,7,7],"to":[5,11,10],"rotation":{"origin":[8,8,8],"axis":"x","angle":-22.5},"faces":{"north":{"texture":"#main","uv":[14,0,16,2]},"east":{"texture":"#main","uv":[14,0,16,2]},"south":{"texture":"#main","uv":[14,0,16,2]},"west":{"texture":"#main","uv":[14,0,16,2]},"up":{"texture":"#main","uv":[14,0,16,2]},"down":{"texture":"#main","uv":[14,0,16,2]}}},{"name":"arm","from":[11,7,7],"to":[13,11,10],"rotation":{"origin":[8,8,8],"axis":"x","angle":-22.5},"faces":{"north":{"texture":"#main","uv":[14,0,16,2]},"east":{"texture":"#main","uv":[14,0,16,2]},"south":{"texture":"#main","uv":[14,0,16,2]},"west":{"texture":"#main","uv":[14,0,16,2]},"up":{"texture":"#main","uv":[14,0,16,2]},"down":{"texture":"#main","uv":[14,0,16,2]}}},{"name":"arm","from":[1,4,7],"to":[3,9,9],"rotation":{"origin":[8,8,8],"axis":"x","angle":-45},"faces":{"north":{"texture":"#main","uv":[10,0,12,2]},"east":{"texture":"#main","uv":[10,0,12,2]},"south":{"texture":"#main","uv":[10,0,12,2]},"west":{"texture":"#main","uv":[10,0,12,2]},"up":{"texture":"#main","uv":[10,0,12,2]},"down":{"texture":"#main","uv":[10,0,12,2],"rotation":90}}},{"name":"arm","from":[13,4,7],"to":[15,9,9],"rotation":{"origin":[8,8,8],"axis":"x","angle":45},"faces":{"north":{"texture":"#main","uv":[10,0,12,2]},"east":{"texture":"#main","uv":[10,0,12,2]},"south":{"texture":"#main","uv":[10,0,12,2]},"west":{"texture":"#main","uv":[10,0,12,2]},"up":{"texture":"#main","uv":[10,0,12,2]},"down":{"texture":"#main","uv":[10,0,12,2]}}},{"name":"Cube","from":[6,8,8.000000014901161],"to":[10,13,13.000000014901161],"faces":{"north":{"texture":"#main","uv":[8,0,10,2]},"east":{"texture":"#main","uv":[8,0,10,2]},"south":{"texture":"#main","uv":[8,2,10,4]},"west":{"texture":"#main","uv":[8,0,10,2]},"up":{"texture":"#main","uv":[8,0,10,2]},"down":{"texture":"#main","uv":[8,0,10,2]}}},{"name":"foot","from":[9,0,4.000000014901161],"to":[11,2,9.000000014901161],"faces":{"north":{"texture":"#main","uv":[12,0,14,2]},"east":{"texture":"#main","uv":[12,0,14,2]},"south":{"texture":"#main","uv":[12,0,14,2]},"west":{"texture":"#main","uv":[12,0,14,2]},"up":{"texture":"#main","uv":[12,0,14,2]},"down":{"texture":"#main","uv":[12,0,14,2]}}},{"name":"head","from":[5,6,5.000000014901161],"to":[11,12,11.000000014901161],"faces":{"north":{"texture":"#main","uv":[0,8,2,10]},"east":{"texture":"#main","uv":[0,8,2,10]},"south":{"texture":"#main","uv":[0,8,2,10]},"west":{"texture":"#main","uv":[0,8,2,10]},"up":{"texture":"#main","uv":[0,8,2,10]},"down":{"texture":"#main","uv":[0,8,2,10]}}},{"name":"Cube","from":[4.899999998509884,1,6.000000014901161],"to":[7.100000001490116,6,8.000000014901161],"rotation":{"origin":[8,8,8],"axis":"x","angle":22.5},"faces":{"north":{"texture":"#main","uv":[2,8,4,10]},"east":{"texture":"#main","uv":[2,8,4,10]},"south":{"texture":"#main","uv":[2,8,4,10]},"west":{"texture":"#main","uv":[2,8,4,10]},"up":{"texture":"#main","uv":[2,8,4,10]},"down":{"texture":"#main","uv":[2,8,4,10]}}},{"name":"foot","from":[5,0,4.000000014901161],"to":[7,2,9.000000014901161],"faces":{"north":{"texture":"#main","uv":[4,8,6,10]},"east":{"texture":"#main","uv":[4,8,6,10]},"south":{"texture":"#main","uv":[4,8,6,10]},"west":{"texture":"#main","uv":[4,8,6,10]},"up":{"texture":"#main","uv":[4,8,6,10]},"down":{"texture":"#main","uv":[4,8,6,10]}}},{"name":"Cube","from":[8.899999998509884,1,6.000000014901161],"to":[11.100000001490116,6,8.000000014901161],"rotation":{"origin":[8,8,8],"axis":"x","angle":-22.5},"faces":{"north":{"texture":"#main","uv":[2,8,4,10]},"east":{"texture":"#main","uv":[2,8,4,10]},"south":{"texture":"#main","uv":[2,8,4,10]},"west":{"texture":"#main","uv":[2,8,4,10]},"up":{"texture":"#main","uv":[2,8,4,10]},"down":{"texture":"#main","uv":[2,8,4,10]}}},{"name":"arm","from":[3,7,7],"to":[5,11,10],"rotation":{"origin":[8,8,8],"axis":"x","angle":-22.5},"faces":{"north":{"texture":"#main","uv":[6,8,8,10]},"east":{"texture":"#main","uv":[6,8,8,10]},"south":{"texture":"#main","uv":[6,8,8,10]},"west":{"texture":"#main","uv":[6,8,8,10]},"up":{"texture":"#main","uv":[6,8,8,10]},"down":{"texture":"#main","uv":[6,8,8,10]}}},{"name":"arm","from":[11,7,7],"to":[13,11,10],"rotation":{"origin":[8,8,8],"axis":"x","angle":-22.5},"faces":{"north":{"texture":"#main","uv":[6,8,8,10]},"east":{"texture":"#main","uv":[6,8,8,10]},"south":{"texture":"#main","uv":[6,8,8,10]},"west":{"texture":"#main","uv":[6,8,8,10]},"up":{"texture":"#main","uv":[6,8,8,10]},"down":{"texture":"#main","uv":[6,8,8,10]}}},{"name":"arm","from":[1,4,7],"to":[3,9,9],"rotation":{"origin":[8,8,8],"axis":"x","angle":45},"faces":{"north":{"texture":"#main","uv":[2,8,4,10]},"east":{"texture":"#main","uv":[2,8,4,10]},"south":{"texture":"#main","uv":[2,8,4,10]},"west":{"texture":"#main","uv":[2,8,4,10]},"up":{"texture":"#main","uv":[2,8,4,10]},"down":{"texture":"#main","uv":[2,8,4,10],"rotation":90}}},{"name":"arm","from":[13,4,7],"to":[15,9,9],"rotation":{"origin":[8,8,8],"axis":"x","angle":-45},"faces":{"north":{"texture":"#main","uv":[2,8,4,10]},"east":{"texture":"#main","uv":[2,8,4,10]},"south":{"texture":"#main","uv":[2,8,4,10]},"west":{"texture":"#main","uv":[2,8,4,10]},"up":{"texture":"#main","uv":[2,8,4,10]},"down":{"texture":"#main","uv":[2,8,4,10]}}},{"name":"Cube","from":[6,8,8.000000014901161],"to":[10,13,13.000000014901161],"faces":{"north":{"texture":"#main","uv":[0,8,2,10]},"east":{"texture":"#main","uv":[0,8,2,10]},"south":{"texture":"#main","uv":[0,10,2,12]},"west":{"texture":"#main","uv":[0,8,2,10]},"up":{"texture":"#main","uv":[0,8,2,10]},"down":{"texture":"#main","uv":[0,8,2,10]}}},{"name":"foot","from":[9,0,8.000000014901161],"to":[11,2,13.000000014901161],"faces":{"north":{"texture":"#main","uv":[4,8,6,10]},"east":{"texture":"#main","uv":[4,8,6,10]},"south":{"texture":"#main","uv":[4,8,6,10]},"west":{"texture":"#main","uv":[4,8,6,10]},"up":{"texture":"#main","uv":[4,8,6,10]},"down":{"texture":"#main","uv":[4,8,6,10]}}}],"display":{"head":{"rotation":[0,180,0],"translation":[0,-14,0],"scale":[4,4,4]}}}