{"textures":{"main":"asurvival:mob/dwindler_still"},"elements":[{"name":"cloak","from":[6,0,5],"to":[10,5,8.599999994039536],"faces":{"north":{"texture":"#main","uv":[0,0,1,1.25]},"east":{"texture":"#main","uv":[0,0,0.8999999985098839,1.25]},"south":{"texture":"#main","uv":[0,0,1,1.25]},"west":{"texture":"#main","uv":[0,0,0.8999999985098839,1.25]},"up":{"texture":"#main","uv":[0,0,1,0.8999999985098839]},"down":{"texture":"#main","uv":[0,0,1,0.8999999985098839]}}},{"name":"cloak","from":[5.899999998509884,0,2],"to":[10.100000001490116,1,8],"faces":{"north":{"texture":"#main","uv":[0,0,1.050000000745058,0.25]},"east":{"texture":"#main","uv":[0,0,1.5,0.25]},"south":{"texture":"#main","uv":[0,0,1.050000000745058,0.25]},"west":{"texture":"#main","uv":[0,0,1.5,0.25]},"up":{"texture":"#main","uv":[0,0,1.050000000745058,1.5]},"down":{"texture":"#main","uv":[0,0,1.050000000745058,1.5]}}},{"name":"body","from":[5.999999985098839,5,5.499999992549419],"to":[9.999999985098839,8,8.49999999254942],"faces":{"north":{"texture":"#main","uv":[4,0,5,0.75]},"east":{"texture":"#main","uv":[4,0,4.75,0.75]},"south":{"texture":"#main","uv":[4,0,5,0.75]},"west":{"texture":"#main","uv":[4,0,4.75,0.75]},"up":{"texture":"#main","uv":[4,0,5,0.75]},"down":{"texture":"#main","uv":[4,0,5,0.75]}}},{"name":"body","from":[6.999999985098839,8,6],"to":[8.999999985098839,9,8.50000000745058],"faces":{"north":{"texture":"#main","uv":[4,0,4.5,0.25]},"east":{"texture":"#main","uv":[4,0,4.625000001862645,0.25]},"south":{"texture":"#main","uv":[4,0,4.5,0.25]},"west":{"texture":"#main","uv":[4,0,4.625000001862645,0.25]},"up":{"texture":"#main","uv":[4,0,4.5,0.6250000018626451]},"down":{"texture":"#main","uv":[4,0,4.5,0.6250000018626451]}}},{"name":"body","from":[5.999999985098839,9,6.499999992549419],"to":[9.999999985098839,11,8.49999999254942],"faces":{"north":{"texture":"#main","uv":[4,0,5,0.5]},"east":{"texture":"#main","uv":[4,0,4.5,0.5]},"south":{"texture":"#main","uv":[4,0,5,0.5]},"west":{"texture":"#main","uv":[4,0,4.5,0.5]},"up":{"texture":"#main","uv":[4,0,5,0.5]},"down":{"texture":"#main","uv":[4,0,5,0.5]}}},{"name":"head","from":[5.899999983608723,10,6.499999992549419],"to":[10.099999986588955,14,8.49999999254942],"rotation":{"origin":[8,8,8],"axis":"x","angle":22.5},"faces":{"north":{"texture":"#main","uv":[0,4,4,8]},"east":{"texture":"#main","uv":[0,4,4,8]},"south":{"texture":"#main","uv":[4,4,8,8]},"west":{"texture":"#main","uv":[0,4,4,8]},"up":{"texture":"#main","uv":[0,4,4,8]},"down":{"texture":"#main","uv":[0,4,4,8]}}},{"name":"cloak","from":[6,0,4.799999997019768],"to":[10,5,8.399999991059303],"faces":{"north":{"texture":"#main","uv":[8,0,9,1.25]},"east":{"texture":"#main","uv":[8,0,8.899999998509884,1.25]},"south":{"texture":"#main","uv":[8,0,9,1.25]},"west":{"texture":"#main","uv":[8,0,8.899999998509884,1.25]},"up":{"texture":"#main","uv":[8,0,9,0.8999999985098839]},"down":{"texture":"#main","uv":[8,0,9,0.8999999985098839]}}},{"name":"cloak","from":[5.899999998509884,0,1.7999999970197678],"to":[10.100000001490116,1,7.799999997019768],"faces":{"north":{"texture":"#main","uv":[8,0,9.050000000745058,0.25]},"east":{"texture":"#main","uv":[8,0,9.5,0.25]},"south":{"texture":"#main","uv":[8,0,9.050000000745058,0.25]},"west":{"texture":"#main","uv":[8,0,9.5,0.25]},"up":{"texture":"#main","uv":[8,0,9.050000000745058,1.5]},"down":{"texture":"#main","uv":[8,0,9.050000000745058,1.5]}}},{"name":"body","from":[5.999999985098839,5,5.499999992549419],"to":[9.999999985098839,8,8.49999999254942],"faces":{"north":{"texture":"#main","uv":[12,0,13,0.75]},"east":{"texture":"#main","uv":[12,0,12.75,0.75]},"south":{"texture":"#main","uv":[12,0,13,0.75]},"west":{"texture":"#main","uv":[12,0,12.75,0.75]},"up":{"texture":"#main","uv":[12,0,13,0.75]},"down":{"texture":"#main","uv":[12,0,13,0.75]}}},{"name":"body","from":[6.999999985098839,8,6],"to":[8.999999985098839,9,8.50000000745058],"faces":{"north":{"texture":"#main","uv":[12,0,12.5,0.25]},"east":{"texture":"#main","uv":[12,0,12.625000001862645,0.25]},"south":{"texture":"#main","uv":[12,0,12.5,0.25]},"west":{"texture":"#main","uv":[12,0,12.625000001862645,0.25]},"up":{"texture":"#main","uv":[12,0,12.5,0.6250000018626451]},"down":{"texture":"#main","uv":[12,0,12.5,0.6250000018626451]}}},{"name":"body","from":[5.999999985098839,9,6.499999992549419],"to":[9.999999985098839,11,8.49999999254942],"faces":{"north":{"texture":"#main","uv":[12,0,13,0.5]},"east":{"texture":"#main","uv":[12,0,12.5,0.5]},"south":{"texture":"#main","uv":[12,0,13,0.5]},"west":{"texture":"#main","uv":[12,0,12.5,0.5]},"up":{"texture":"#main","uv":[12,0,13,0.5]},"down":{"texture":"#main","uv":[12,0,13,0.5]}}},{"name":"head","from":[5.899999983608723,10,6.499999992549419],"to":[10.099999986588955,14,8.49999999254942],"rotation":{"origin":[8,8,8],"axis":"x","angle":22.5},"faces":{"north":{"texture":"#main","uv":[8,4,12,8]},"east":{"texture":"#main","uv":[8,4,12,8]},"south":{"texture":"#main","uv":[12,4,16,8]},"west":{"texture":"#main","uv":[8,4,12,8]},"up":{"texture":"#main","uv":[8,4,12,8]},"down":{"texture":"#main","uv":[8,4,12,8]}}}],"display":{"head":{"rotation":[0,180,0],"translation":[0,-12,0],"scale":[4,4,4]}}}