{
    "textures": {
        "main": "asurvival:mob/havenwitcher",
		"fire": "block/fire_0"
    }, 
    "elements": [
        {
            "name": "Cube", 
            "from": [ 7.500000007450581, 0, 7.500000007450581 ], 
            "to":   [ 8.50000000745058, 1, 8.50000000745058 ], 
            "faces": {
                "north": { "texture": "#main", "uv": [ 0, 0, 8, 2 ] }, 
                "east":  { "texture": "#main", "uv": [ 0, 0, 8, 2 ] }, 
                "south": { "texture": "#main", "uv": [ 0, 0, 8, 2 ] }, 
                "west":  { "texture": "#main", "uv": [ 0, 0, 8, 2 ] }, 
                "up":    { "texture": "#main", "uv": [ 0, 0, 8, 2 ] }, 
                "down":  { "texture": "#main", "uv": [ 0, 0, 8, 2 ] }
            }
        }, 
        {
            "name": "Cube", 
            "from": [ 7, 1, 7 ], 
            "to":   [ 9, 3, 9 ], 
            "faces": {
                "north": { "texture": "#main", "uv": [ 0, 2, 8, 4 ] }, 
                "east":  { "texture": "#main", "uv": [ 0, 2, 8, 4 ] }, 
                "south": { "texture": "#main", "uv": [ 0, 2, 8, 4 ] }, 
                "west":  { "texture": "#main", "uv": [ 0, 2, 8, 4 ] }, 
                "up":    { "texture": "#main", "uv": [ 0, 2, 8, 4 ] }, 
                "down":  { "texture": "#main", "uv": [ 0, 2, 8, 4 ] }
            }
        }, 
        {
            "name": "Cube", 
            "from": [ 6, 3, 6.499999992549419 ], 
            "to":   [ 10, 6, 9.499999977648258 ], 
            "faces": {
                "north": { "texture": "#main", "uv": [ 0, 4, 8, 8 ] }, 
                "east":  { "texture": "#main", "uv": [ 0, 4, 8, 8 ] }, 
                "south": { "texture": "#main", "uv": [ 0, 4, 8, 8 ] }, 
                "west":  { "texture": "#main", "uv": [ 0, 4, 8, 8 ] }, 
                "up":    { "texture": "#main", "uv": [ 0, 4, 8, 8 ] }, 
                "down":  { "texture": "#main", "uv": [ 0, 4, 8, 8 ] }
            }
        }, 
        {
            "name": "chest", 
            "from": [ 5, 6, 5.999999985098839 ], 
            "to":   [ 11, 9, 9.999999970197678 ], 
            "faces": {
                "north": { "texture": "#main", "uv": [ 8, 0, 16, 8 ] }, 
                "east":  { "texture": "#main", "uv": [ 8, 0, 16, 8 ] }, 
                "south": { "texture": "#main", "uv": [ 8, 0, 16, 8 ] }, 
                "west":  { "texture": "#main", "uv": [ 8, 0, 16, 8 ] }, 
                "up":    { "texture": "#main", "uv": [ 8, 0, 16, 8 ] }, 
                "down":  { "texture": "#main", "uv": [ 8, 0, 16, 8 ] }
            }
        }, 
        {
            "name": "head", 
            "from": [ 6.5, 9, 6.5 ], 
            "to":   [ 9.5, 12, 9.5 ], 
            "faces": {
                "north": { "texture": "#main", "uv": [ 0, 8, 8, 16 ] }, 
                "east":  { "texture": "#main", "uv": [ 0, 8, 8, 16 ] }, 
                "south": { "texture": "#main", "uv": [ 8, 8, 16, 16 ] }, 
                "west":  { "texture": "#main", "uv": [ 0, 8, 8, 16 ] }, 
                "up":    { "texture": "#main", "uv": [ 0, 8, 8, 16 ] }, 
                "down":  { "texture": "#main", "uv": [ 0, 8, 8, 16 ] }
            }
        }, 
        {
            "name": "hand", 
            "from": [ 2, 1.5000000074505806, 5.500000007450581 ], 
            "to":   [ 4, 8.50000000745058, 7.499999992549419 ], 
            "rotation": { "origin": [8, 8, 8], "axis": "x", "angle": -45 }, 
            "faces": {
                "north": { "texture": "#main", "uv": [ 8, 0, 16, 8 ] }, 
                "east":  { "texture": "#main", "uv": [ 8, 0, 16, 8 ] }, 
                "south": { "texture": "#main", "uv": [ 8, 0, 16, 8 ] }, 
                "west":  { "texture": "#main", "uv": [ 8, 0, 16, 8 ] }, 
                "up":    { "texture": "#main", "uv": [ 8, 0, 16, 8 ] }, 
                "down":  { "texture": "#main", "uv": [ 8, 0, 16, 8 ] }
            }
        }, 
        {
            "name": "arm", 
            "from": [ 3, 7.500000007450581, 7 ], 
            "to":   [ 6, 9.50000000745058, 8.999999985098839 ], 
            "rotation": { "origin": [8, 8, 8], "axis": "z", "angle": 22.5 }, 
            "faces": {
                "north": { "texture": "#main", "uv": [ 8, 0, 16, 8 ] }, 
                "east":  { "texture": "#main", "uv": [ 8, 0, 16, 8 ] }, 
                "south": { "texture": "#main", "uv": [ 8, 0, 16, 8 ] }, 
                "west":  { "texture": "#main", "uv": [ 8, 0, 16, 8 ] }, 
                "up":    { "texture": "#main", "uv": [ 8, 0, 16, 8 ] }, 
                "down":  { "texture": "#main", "uv": [ 8, 0, 16, 8 ] }
            }
        }, 
        {
            "name": "hand", 
            "from": [ 12, 1.5000000074505806, 5.500000007450581 ], 
            "to":   [ 14, 8.50000000745058, 7.499999992549419 ], 
            "rotation": { "origin": [8, 8, 8], "axis": "x", "angle": -45 }, 
            "faces": {
                "north": { "texture": "#main", "uv": [ 8, 0, 16, 8 ] }, 
                "east":  { "texture": "#main", "uv": [ 8, 0, 16, 8 ] }, 
                "south": { "texture": "#main", "uv": [ 8, 0, 16, 8 ] }, 
                "west":  { "texture": "#main", "uv": [ 8, 0, 16, 8 ] }, 
                "up":    { "texture": "#main", "uv": [ 8, 0, 16, 8 ] }, 
                "down":  { "texture": "#main", "uv": [ 8, 0, 16, 8 ] }
            }
        }, 
        {
            "name": "Cube", 
            "from": [ 10, 7.500000007450581, 7 ], 
            "to":   [ 13, 9.50000000745058, 8.999999985098839 ], 
            "rotation": { "origin": [8, 8, 8], "axis": "z", "angle": -22.5 }, 
            "faces": {
                "north": { "texture": "#main", "uv": [ 8, 0, 16, 8 ] }, 
                "east":  { "texture": "#main", "uv": [ 8, 0, 16, 8 ] }, 
                "south": { "texture": "#main", "uv": [ 8, 0, 16, 8 ] }, 
                "west":  { "texture": "#main", "uv": [ 8, 0, 16, 8 ] }, 
                "up":    { "texture": "#main", "uv": [ 8, 0, 16, 8 ] }, 
                "down":  { "texture": "#main", "uv": [ 8, 0, 16, 8 ] }
            }
        },
        {
            "name": "Cube", 
            "from": [ 6, -2, 6 ], 
            "to":   [ 10, 6, 10 ], 
            "faces": {
                "north": { "texture": "#fire", "uv": [ 0, 0, 16, 16 ] }, 
                "east":  { "texture": "#fire", "uv": [ 0, 0, 16, 16 ] }, 
                "south": { "texture": "#fire", "uv": [ 0, 0, 16, 16 ] }, 
                "west":  { "texture": "#fire", "uv": [ 0, 0, 16, 16 ] }, 
                "up":    { "texture": "#fire", "uv": [ 0, 0, 0, 0 ] }, 
                "down":  { "texture": "#fire", "uv": [ 0, 0, 0, 0 ] }
            }
        },
        {
            "name": "Cube", 
            "from": [ 6, -2, 6 ], 
            "to":   [ 10, 6, 10 ],
            "rotation": { "origin": [8, 8, 8], "axis": "y", "angle": 45 },
            "faces": {
                "north": { "texture": "#fire", "uv": [ 0, 0, 16, 16 ] }, 
                "east":  { "texture": "#fire", "uv": [ 0, 0, 16, 16 ] }, 
                "south": { "texture": "#fire", "uv": [ 0, 0, 16, 16 ] }, 
                "west":  { "texture": "#fire", "uv": [ 0, 0, 16, 16 ] }, 
                "up":    { "texture": "#fire", "uv": [ 0, 0, 0, 0 ] }, 
                "down":  { "texture": "#fire", "uv": [ 0, 0, 0, 0 ] }
            }
        }
    ],
"display": {
    "head": {
        "rotation": [ 0, 180, 0 ],
        "translation": [ 0, -6, 0 ],
        "scale": [ 3, 3, 3 ]
    }
}
}