{"__comment":"Designed by Itszender with BDcraft Cubik PRO 0.96 Beta - http://bdcraft.net","textures":{"texture":"asurvival:mob/darkmetal","redskin":"asurvival:mob/redskin","white":"block/bone_block_side","32gold":"asurvival:mob/32gold","yellowskin":"asurvival:mob/yellowskin"},"elements":[{"from":[8.5,0,5.5],"to":[12,2,11.5],"faces":{"down":{"uv":[8.5,5.5,12,11.5],"texture":"#texture"},"up":{"uv":[8.5,5.5,12,11.5],"texture":"#texture"},"north":{"uv":[8.5,14,12,16],"texture":"#texture"},"south":{"uv":[8.5,14,12,16],"texture":"#texture"},"west":{"uv":[5.5,14,11.5,16],"texture":"#texture"},"east":{"uv":[5.5,14,11.5,16],"texture":"#texture"}}},{"from":[4,0,5.5],"to":[7.5,2,11.5],"faces":{"down":{"uv":[4,5.5,7.5,11.5],"texture":"#texture"},"up":{"uv":[4,5.5,7.5,11.5],"texture":"#texture"},"north":{"uv":[4,14,7.5,16],"texture":"#texture"},"south":{"uv":[4,14,7.5,16],"texture":"#texture"},"west":{"uv":[5.5,14,11.5,16],"texture":"#texture"},"east":{"uv":[5.5,14,11.5,16],"texture":"#texture"}}},{"from":[8.5,2,5.5],"to":[12,9,9],"faces":{"down":{"uv":[8.5,5.5,12,9],"texture":"#texture"},"up":{"uv":[8.5,5.5,12,9],"texture":"#texture"},"north":{"uv":[8.5,7,12,14],"texture":"#texture"},"south":{"uv":[8.5,7,12,14],"texture":"#texture"},"west":{"uv":[5.5,7,9,14],"texture":"#texture"},"east":{"uv":[5.5,7,9,14],"texture":"#texture"}}},{"from":[4,2,5.5],"to":[7.5,9,9],"faces":{"down":{"uv":[4,5.5,7.5,9],"texture":"#texture"},"up":{"uv":[4,5.5,7.5,9],"texture":"#texture"},"north":{"uv":[4,7,7.5,14],"texture":"#texture"},"south":{"uv":[4,7,7.5,14],"texture":"#texture"},"west":{"uv":[5.5,7,9,14],"texture":"#texture"},"east":{"uv":[5.5,7,9,14],"texture":"#texture"}}},{"from":[4,9,5],"to":[12,19.5,9.5],"faces":{"down":{"uv":[4,5,12,9.5],"texture":"#texture"},"up":{"uv":[4,5,12,9.5],"texture":"#texture"},"north":{"uv":[4,0,12,10.5],"texture":"#texture"},"south":{"uv":[4,0,12,10.5],"texture":"#texture"},"west":{"uv":[5,0,9.5,10.5],"texture":"#texture"},"east":{"uv":[5,0,9.5,10.5],"texture":"#texture"}}},{"from":[5,19.5,5],"to":[7,22,10.5],"faces":{"down":{"uv":[5,5,7,10.5],"texture":"#texture"},"up":{"uv":[5,5,7,10.5],"texture":"#texture"},"north":{"uv":[5,0,7,2.5],"texture":"#texture"},"south":{"uv":[5,0,7,2.5],"texture":"#texture"},"west":{"uv":[5,0,10.5,2.5],"texture":"#texture"},"east":{"uv":[5,0,10.5,2.5],"texture":"#texture"}}},{"from":[9,19.5,5],"to":[11,22,10.5],"faces":{"down":{"uv":[9,5,11,10.5],"texture":"#texture"},"up":{"uv":[9,5,11,10.5],"texture":"#texture"},"north":{"uv":[9,0,11,2.5],"texture":"#texture"},"south":{"uv":[9,0,11,2.5],"texture":"#texture"},"west":{"uv":[5,0,10.5,2.5],"texture":"#texture"},"east":{"uv":[5,0,10.5,2.5],"texture":"#texture"}}},{"from":[5,22,5],"to":[5.5,23.5,10.5],"faces":{"down":{"uv":[5,5,5.5,10.5],"texture":"#texture"},"up":{"uv":[5,5,5.5,10.5],"texture":"#texture"},"north":{"uv":[5,0,5.5,1.5],"texture":"#texture"},"south":{"uv":[5,0,5.5,1.5],"texture":"#texture"},"west":{"uv":[5,1.5,10.5,3],"texture":"#texture"},"east":{"uv":[5,1.5,10.5,3],"texture":"#texture"}}},{"from":[10.5,22,5],"to":[11,23.5,10.5],"faces":{"down":{"uv":[10.5,5,11,10.5],"texture":"#texture"},"up":{"uv":[10.5,5,11,10.5],"texture":"#texture"},"north":{"uv":[10.5,0,11,1.5],"texture":"#texture"},"south":{"uv":[10.5,0,11,1.5],"texture":"#texture"},"west":{"uv":[5,1.5,10.5,3],"texture":"#texture"},"east":{"uv":[5,1.5,10.5,3],"texture":"#texture"}}},{"from":[5,23.5,5],"to":[11,25,10.5],"faces":{"down":{"uv":[5,5,11,10.5],"texture":"#texture"},"up":{"uv":[5,5,11,10.5],"texture":"#texture"},"north":{"uv":[5,0,11,1.5],"texture":"#texture"},"south":{"uv":[5,0,11,1.5],"texture":"#texture"},"west":{"uv":[5,0,10.5,1.5],"texture":"#texture"},"east":{"uv":[5,0,10.5,1.5],"texture":"#texture"}}},{"from":[5,19.5,4],"to":[11,25,5],"faces":{"down":{"uv":[5,4,11,5],"texture":"#texture"},"up":{"uv":[5,4,11,5],"texture":"#texture"},"north":{"uv":[5,0,11,5.5],"texture":"#texture"},"south":{"uv":[5,0,11,5.5],"texture":"#texture"},"west":{"uv":[4,0,5,5.5],"texture":"#texture"},"east":{"uv":[4,0,5,5.5],"texture":"#texture"}}},{"from":[5.5,19.5,5],"to":[10.5,23.5,9.5],"faces":{"down":{"uv":[6,4.5,10,9],"texture":"#yellowskin"},"up":{"uv":[6,4.5,10,9],"texture":"#yellowskin"},"north":{"uv":[6,0,10,3.5],"texture":"#yellowskin"},"south":{"uv":[6,0,10,3.5],"texture":"#yellowskin"},"west":{"uv":[4.5,0,9,3.5],"texture":"#yellowskin"},"east":{"uv":[4.5,0,9,3.5],"texture":"#yellowskin"}}},{"from":[5.5,23.3125,9],"to":[10.5,23.8125,10],"faces":{"down":{"uv":[5.5,9,10.5,10],"texture":"#redskin"},"up":{"uv":[5.5,9,10.5,10],"texture":"#redskin"},"north":{"uv":[5.5,0,10.5,0.5],"texture":"#redskin"},"south":{"uv":[5.5,0,10.5,0.5],"texture":"#redskin"},"west":{"uv":[9,0,10,0.5],"texture":"#redskin"},"east":{"uv":[9,0,10,0.5],"texture":"#redskin"}}},{"from":[5.5,21.8125,9],"to":[6,23.3125,10],"faces":{"down":{"uv":[5.5,9,6,10],"texture":"#redskin"},"up":{"uv":[5.5,9,6,10],"texture":"#redskin"},"north":{"uv":[5.5,0,6,1],"texture":"#redskin"},"south":{"uv":[5.5,0,6,1],"texture":"#redskin"},"west":{"uv":[9,0,10,1],"texture":"#redskin"},"east":{"uv":[9,0,10,1],"texture":"#redskin"}}},{"from":[10,21.8125,9],"to":[10.5,23.3125,10],"faces":{"down":{"uv":[10,9,10.5,10],"texture":"#redskin"},"up":{"uv":[10,9,10.5,10],"texture":"#redskin"},"north":{"uv":[10,0,10.5,1],"texture":"#redskin"},"south":{"uv":[10,0,10.5,1],"texture":"#redskin"},"west":{"uv":[9,0,10,1],"texture":"#redskin"},"east":{"uv":[9,0,10,1],"texture":"#redskin"}}},{"from":[6,20.8125,9],"to":[10,22.8125,10],"faces":{"down":{"uv":[6,9,10,10],"texture":"#redskin"},"up":{"uv":[6,9,10,10],"texture":"#redskin"},"north":{"uv":[6,0,10,2],"texture":"#redskin"},"south":{"uv":[6,0,10,2],"texture":"#redskin"},"west":{"uv":[9,0,10,2],"texture":"#redskin"},"east":{"uv":[9,0,10,2],"texture":"#redskin"}}},{"from":[7.5,22.8125,9],"to":[8.5,23.3125,10],"faces":{"down":{"uv":[7.5,9,8.5,10],"texture":"#redskin"},"up":{"uv":[7.5,9,8.5,10],"texture":"#redskin"},"north":{"uv":[7.5,0,8.5,0.5],"texture":"#redskin"},"south":{"uv":[7.5,0,8.5,0.5],"texture":"#redskin"},"west":{"uv":[9,0,10,0.5],"texture":"#redskin"},"east":{"uv":[9,0,10,0.5],"texture":"#redskin"}}},{"from":[7,19.5,9],"to":[9,21,10],"faces":{"down":{"uv":[7,9,9,10],"texture":"#redskin"},"up":{"uv":[7,9,9,10],"texture":"#redskin"},"north":{"uv":[7,0,9,1.5],"texture":"#redskin"},"south":{"uv":[7,0,9,1.5],"texture":"#redskin"},"west":{"uv":[9,0,10,1.5],"texture":"#redskin"},"east":{"uv":[9,0,10,1.5],"texture":"#redskin"}}},{"from":[6,22,8.5625],"to":[10,23.5,9.5625],"faces":{"down":{"uv":[6,8.5625,10,9.5625],"texture":"#white"},"up":{"uv":[6,8.5625,10,9.5625],"texture":"#white"},"north":{"uv":[6,0,10,1.5],"texture":"#white"},"south":{"uv":[6,0,10,1.5],"texture":"#white"},"west":{"uv":[8.5625,0,9.5625,1.5],"texture":"#white"},"east":{"uv":[8.5625,0,9.5625,1.5],"texture":"#white"}}},{"from":[5.5,25,4.5],"to":[10.5,25.5,10],"faces":{"down":{"uv":[5.5,4.5,10.5,10],"texture":"#texture"},"up":{"uv":[5.5,4.5,10.5,10],"texture":"#texture"},"north":{"uv":[5.5,0,10.5,0.5],"texture":"#texture"},"south":{"uv":[5.5,0,10.5,0.5],"texture":"#texture"},"west":{"uv":[4.5,0,10,0.5],"texture":"#texture"},"east":{"uv":[4.5,0,10,0.5],"texture":"#texture"}}},{"from":[8.9375,25,10],"to":[10.4375,27.5,11.5],"rotation":{"origin":[8.9375,27.5,10],"axis":"x","angle":22.5},"faces":{"down":{"uv":[5.5,10,7,11.5],"texture":"#white"},"up":{"uv":[5.5,10,7,11.5],"texture":"#white"},"north":{"uv":[5.5,0,7,2.5],"texture":"#white"},"south":{"uv":[5.5,0,7,2.5],"texture":"#white"},"west":{"uv":[10,0,11.5,2.5],"texture":"#white"},"east":{"uv":[10,0,11.5,2.5],"texture":"#white"}}},{"from":[5.5625,25,10],"to":[7.0625,27.5,11.5],"rotation":{"origin":[5.5625,27.5,10],"axis":"x","angle":22.5},"faces":{"down":{"uv":[5.5,10,7,11.5],"texture":"#white"},"up":{"uv":[5.5,10,7,11.5],"texture":"#white"},"north":{"uv":[5.5,0,7,2.5],"texture":"#white"},"south":{"uv":[5.5,0,7,2.5],"texture":"#white"},"west":{"uv":[10,0,11.5,2.5],"texture":"#white"},"east":{"uv":[10,0,11.5,2.5],"texture":"#white"}}},{"from":[9,26.9375,9.875],"to":[10.375,28.4375,11.375],"faces":{"down":{"uv":[5.625,9.875,7,11.375],"texture":"#white"},"up":{"uv":[5.625,9.875,7,11.375],"texture":"#white"},"north":{"uv":[5.625,0,7,1.5],"texture":"#white"},"south":{"uv":[5.625,0,7,1.5],"texture":"#white"},"west":{"uv":[9.875,0,11.375,1.5],"texture":"#white"},"east":{"uv":[9.875,0,11.375,1.5],"texture":"#white"}}},{"from":[5.625,26.9375,9.875],"to":[7,28.4375,11.375],"faces":{"down":{"uv":[5.625,9.875,7,11.375],"texture":"#white"},"up":{"uv":[5.625,9.875,7,11.375],"texture":"#white"},"north":{"uv":[5.625,0,7,1.5],"texture":"#white"},"south":{"uv":[5.625,0,7,1.5],"texture":"#white"},"west":{"uv":[9.875,0,11.375,1.5],"texture":"#white"},"east":{"uv":[9.875,0,11.375,1.5],"texture":"#white"}}},{"from":[0.5,14,5],"to":[4,19.5,9.5],"faces":{"down":{"uv":[0.5,5,4,9.5],"texture":"#texture"},"up":{"uv":[0.5,5,4,9.5],"texture":"#texture"},"north":{"uv":[0.5,0,4,5.5],"texture":"#texture"},"south":{"uv":[0.5,0,4,5.5],"texture":"#texture"},"west":{"uv":[5,0,9.5,5.5],"texture":"#texture"},"east":{"uv":[5,0,9.5,5.5],"texture":"#texture"}}},{"from":[12,14,5],"to":[15.5,19.5,9.5],"faces":{"down":{"uv":[12,5,15.5,9.5],"texture":"#texture"},"up":{"uv":[12,5,15.5,9.5],"texture":"#texture"},"north":{"uv":[12,0,15.5,5.5],"texture":"#texture"},"south":{"uv":[12,0,15.5,5.5],"texture":"#texture"},"west":{"uv":[5,0,9.5,5.5],"texture":"#texture"},"east":{"uv":[5,0,9.5,5.5],"texture":"#texture"}}},{"from":[0.8125,8.03175,5],"to":[3.8125,14.0318,9],"rotation":{"origin":[0.8125,14.0318,5],"axis":"x","angle":-22.5},"faces":{"down":{"uv":[12.1875,5,15.1875,9],"texture":"#texture"},"up":{"uv":[12.1875,5,15.1875,9],"texture":"#texture"},"north":{"uv":[12.1875,2,15.1875,8],"texture":"#texture"},"south":{"uv":[12.1875,2,15.1875,8],"texture":"#texture"},"west":{"uv":[5,2,9,8],"texture":"#texture"},"east":{"uv":[5,2,9,8],"texture":"#texture"}}},{"from":[12.1875,8,5],"to":[15.1875,14,9],"rotation":{"origin":[12.1875,14,5],"axis":"x","angle":-22.5},"faces":{"down":{"uv":[12.1875,5,15.1875,9],"texture":"#texture"},"up":{"uv":[12.1875,5,15.1875,9],"texture":"#texture"},"north":{"uv":[12.1875,2,15.1875,8],"texture":"#texture"},"south":{"uv":[12.1875,2,15.1875,8],"texture":"#texture"},"west":{"uv":[5,2,9,8],"texture":"#texture"},"east":{"uv":[5,2,9,8],"texture":"#texture"}}},{"from":[4,18,9.5],"to":[12,19.5,10],"faces":{"down":{"uv":[12,10,4,9.5],"texture":"#texture"},"up":{"uv":[4,9.5,12,10],"texture":"#texture"},"north":{"uv":[4,0,12,0],"texture":"#texture"},"south":{"uv":[4,0,12,0],"texture":"#texture"},"west":{"uv":[9.5,0,10,0],"texture":"#texture"},"east":{"uv":[6,0,6.5,0],"texture":"#texture"}}},{"from":[4,9,9.5],"to":[5,18,10],"faces":{"down":{"uv":[4,9.5,5,10],"texture":"#texture"},"up":{"uv":[4,9.5,5,10],"texture":"#texture"},"north":{"uv":[4,0,5,9],"texture":"#texture"},"south":{"uv":[4,0,5,9],"texture":"#texture"},"west":{"uv":[9.5,0,10,9],"texture":"#texture"},"east":{"uv":[9.5,0,10,9],"texture":"#texture"}}},{"from":[11,9,9.5],"to":[12,18,10],"faces":{"down":{"uv":[11,9.5,12,10],"texture":"#texture"},"up":{"uv":[11,9.5,12,10],"texture":"#texture"},"north":{"uv":[11,0,12,9],"texture":"#texture"},"south":{"uv":[11,0,12,9],"texture":"#texture"},"west":{"uv":[9.5,0,10,9],"texture":"#texture"},"east":{"uv":[9.5,0,10,9],"texture":"#texture"}}},{"from":[5,9,9.5],"to":[11,14.5,10],"faces":{"down":{"uv":[5,9.5,11,10],"texture":"#texture"},"up":{"uv":[5,9.5,11,10],"texture":"#texture"},"north":{"uv":[5,1.5,11,7],"texture":"#texture"},"south":{"uv":[5,1.5,11,7],"texture":"#texture"},"west":{"uv":[9.5,1.5,10,7],"texture":"#texture"},"east":{"uv":[9.5,1.5,10,7],"texture":"#texture"}}},{"from":[5,16.5,9.5],"to":[6.5,17.5,10],"faces":{"down":{"uv":[5,9.5,6.5,10],"texture":"#texture"},"up":{"uv":[5,9.5,6.5,10],"texture":"#texture"},"north":{"uv":[5,0,6.5,1],"texture":"#texture"},"south":{"uv":[5,0,6.5,1],"texture":"#texture"},"west":{"uv":[9.5,0,10,1],"texture":"#texture"},"east":{"uv":[9.5,0,10,1],"texture":"#texture"}}},{"from":[9.5,16.5,9.5],"to":[11,17.5,10],"faces":{"down":{"uv":[9.5,9.5,11,10],"texture":"#texture"},"up":{"uv":[9.5,9.5,11,10],"texture":"#texture"},"north":{"uv":[9.5,0,11,1],"texture":"#texture"},"south":{"uv":[9.5,0,11,1],"texture":"#texture"},"west":{"uv":[9.5,0,10,1],"texture":"#texture"},"east":{"uv":[9.5,0,10,1],"texture":"#texture"}}},{"from":[7,17,9.5],"to":[9,18,10],"faces":{"down":{"uv":[7,9.5,9,10],"texture":"#texture"},"up":{"uv":[7,9.5,9,10],"texture":"#texture"},"north":{"uv":[7,0,9,1],"texture":"#texture"},"south":{"uv":[7,0,9,1],"texture":"#texture"},"west":{"uv":[9.5,0,10,1],"texture":"#texture"},"east":{"uv":[9.5,0,10,1],"texture":"#texture"}}},{"from":[6.5,14.5,9.5],"to":[7.5,15,10],"faces":{"down":{"uv":[6.5,9.5,7.5,10],"texture":"#texture"},"up":{"uv":[6.5,9.5,7.5,10],"texture":"#texture"},"north":{"uv":[6.5,1,7.5,1.5],"texture":"#texture"},"south":{"uv":[6.5,1,7.5,1.5],"texture":"#texture"},"west":{"uv":[9.5,1,10,1.5],"texture":"#texture"},"east":{"uv":[9.5,1,10,1.5],"texture":"#texture"}}},{"from":[8.5,14.5,9.5],"to":[9.5,15,10],"faces":{"down":{"uv":[8.5,9.5,9.5,10],"texture":"#texture"},"up":{"uv":[8.5,9.5,9.5,10],"texture":"#texture"},"north":{"uv":[8.5,1,9.5,1.5],"texture":"#texture"},"south":{"uv":[8.5,1,9.5,1.5],"texture":"#texture"},"west":{"uv":[9.5,1,10,1.5],"texture":"#texture"},"east":{"uv":[9.5,1,10,1.5],"texture":"#texture"}}},{"from":[5,16,9.5],"to":[5.5,16.5,10],"faces":{"down":{"uv":[5,9.5,5.5,10],"texture":"#texture"},"up":{"uv":[5,9.5,5.5,10],"texture":"#texture"},"north":{"uv":[5,0,5.5,0.5],"texture":"#texture"},"south":{"uv":[5,0,5.5,0.5],"texture":"#texture"},"west":{"uv":[9.5,0,10,0.5],"texture":"#texture"},"east":{"uv":[9.5,0,10,0.5],"texture":"#texture"}}},{"from":[5,14.5,9.5],"to":[5.5,15.5,10],"faces":{"down":{"uv":[5,9.5,5.5,10],"texture":"#texture"},"up":{"uv":[5,9.5,5.5,10],"texture":"#texture"},"north":{"uv":[5,0.5,5.5,1.5],"texture":"#texture"},"south":{"uv":[5,0.5,5.5,1.5],"texture":"#texture"},"west":{"uv":[9.5,0.5,10,1.5],"texture":"#texture"},"east":{"uv":[9.5,0.5,10,1.5],"texture":"#texture"}}},{"from":[10.5,16,9.5],"to":[11,16.5,10],"faces":{"down":{"uv":[10.5,9.5,11,10],"texture":"#texture"},"up":{"uv":[10.5,9.5,11,10],"texture":"#texture"},"north":{"uv":[10.5,0,11,0.5],"texture":"#texture"},"south":{"uv":[10.5,0,11,0.5],"texture":"#texture"},"west":{"uv":[9.5,0,10,0.5],"texture":"#texture"},"east":{"uv":[9.5,0,10,0.5],"texture":"#texture"}}},{"from":[10.5,14.5,9.5],"to":[11,15.5,10],"faces":{"down":{"uv":[10.5,9.5,11,10],"texture":"#texture"},"up":{"uv":[10.5,9.5,11,10],"texture":"#texture"},"north":{"uv":[10.5,0.5,11,1.5],"texture":"#texture"},"south":{"uv":[10.5,0.5,11,1.5],"texture":"#texture"},"west":{"uv":[9.5,0.5,10,1.5],"texture":"#texture"},"east":{"uv":[9.5,0.5,10,1.5],"texture":"#texture"}}},{"from":[5,14.5,8.625],"to":[11,18,9.625],"faces":{"down":{"uv":[5,8.625,11,9.625],"texture":"#white"},"up":{"uv":[5,8.625,11,9.625],"texture":"#white"},"north":{"uv":[5.5,0,11.5,3.5],"texture":"#white"},"south":{"uv":[5.5,0,11.5,3.5],"texture":"#white"},"west":{"uv":[8.625,0,9.625,3.5],"texture":"#white"},"east":{"uv":[8.625,0,9.625,3.5],"texture":"#white"}}},{"from":[12.375,7.53944,7.625],"to":[14.875,9.03944,10.625],"rotation":{"origin":[12.375,9.03944,7.625],"axis":"x","angle":-22.5},"faces":{"down":{"uv":[12.375,7.625,14.875,10.625],"texture":"#redskin"},"up":{"uv":[12.375,7.625,14.875,10.625],"texture":"#redskin"},"north":{"uv":[12.375,6.9375,14.875,8.4375],"texture":"#redskin"},"south":{"uv":[12.375,6.9375,14.875,8.4375],"texture":"#redskin"},"west":{"uv":[7.625,6.9375,10.625,8.4375],"texture":"#redskin"},"east":{"uv":[7.625,6.9375,10.625,8.4375],"texture":"#redskin"}}},{"from":[1.0625,7.5,7.625],"to":[3.5625,9,10.625],"rotation":{"origin":[1.0625,9,7.625],"axis":"x","angle":-22.5},"faces":{"down":{"uv":[1.0625,7.625,3.5625,10.625],"texture":"#redskin"},"up":{"uv":[1.0625,7.625,3.5625,10.625],"texture":"#redskin"},"north":{"uv":[1.0625,7,3.5625,8.5],"texture":"#redskin"},"south":{"uv":[1.0625,7,3.5625,8.5],"texture":"#redskin"},"west":{"uv":[7.625,7,10.625,8.5],"texture":"#redskin"},"east":{"uv":[7.625,7,10.625,8.5],"texture":"#redskin"}}},{"from":[8.4375,20,9.125],"to":[8.9375,21.5,10.125],"faces":{"down":{"uv":[7.5625,10.125,7.0625,9.125],"texture":"#white"},"up":{"uv":[8.4375,9.125,8.9375,10.125],"texture":"#white"},"north":{"uv":[7.0625,0,7.5625,0],"texture":"#white"},"south":{"uv":[8.4375,0,8.9375,0],"texture":"#white"},"west":{"uv":[9.125,0,10.125,0],"texture":"#white"},"east":{"uv":[5.875,0,6.875,0],"texture":"#white"}}},{"from":[7.75,20,9.125],"to":[8.25,21.5,10.125],"faces":{"down":{"uv":[8.25,10.125,7.75,9.125],"texture":"#white"},"up":{"uv":[7.75,9.125,8.25,10.125],"texture":"#white"},"north":{"uv":[7.75,0,8.25,0],"texture":"#white"},"south":{"uv":[7.75,0,8.25,0],"texture":"#white"},"west":{"uv":[9.125,0,10.125,0],"texture":"#white"},"east":{"uv":[5.875,0,6.875,0],"texture":"#white"}}},{"from":[7.0625,20,9.125],"to":[7.5625,21.5,10.125],"faces":{"down":{"uv":[8.9375,10.125,8.4375,9.125],"texture":"#white"},"up":{"uv":[7.0625,9.125,7.5625,10.125],"texture":"#white"},"north":{"uv":[8.4375,0,8.9375,0],"texture":"#white"},"south":{"uv":[7.0625,0,7.5625,0],"texture":"#white"},"west":{"uv":[9.125,0,10.125,0],"texture":"#white"},"east":{"uv":[5.875,0,6.875,0],"texture":"#white"}}},{"from":[1.5,7.5,7],"to":[3,9,11.5],"rotation":{"origin":[1.5,9,7],"axis":"x","angle":-22.5},"faces":{"down":{"uv":[1.5,7,3,11.5],"texture":"#white"},"up":{"uv":[1.5,7,3,11.5],"texture":"#white"},"north":{"uv":[1.5,7,3,8.5],"texture":"#white"},"south":{"uv":[1.5,7,3,8.5],"texture":"#white"},"west":{"uv":[7,7,11.5,8.5],"texture":"#white"},"east":{"uv":[7,7,11.5,8.5],"texture":"#white"}}},{"from":[1,8.75,10.9375],"to":[3.5,11.25,11.4375],"rotation":{"origin":[1,11.25,10.9375],"axis":"x","angle":-22.5},"faces":{"down":{"uv":[1,10.9375,3.5,11.4375],"texture":"#white"},"up":{"uv":[1,10.9375,3.5,11.4375],"texture":"#white"},"north":{"uv":[1,4.75,3.5,7.25],"texture":"#white"},"south":{"uv":[1,4.75,3.5,7.25],"texture":"#white"},"west":{"uv":[10.9375,4.75,11.4375,7.25],"texture":"#white"},"east":{"uv":[10.9375,4.75,11.4375,7.25],"texture":"#white"}}},{"from":[1.6875,9.1875,11.5],"to":[2.6875,11.1875,23.5],"rotation":{"origin":[1.6875,11.1875,11.5],"axis":"x","angle":-22.5},"faces":{"down":{"uv":[1.5,4,2.5,16],"texture":"#texture"},"up":{"uv":[1.5,4,2.5,16],"texture":"#texture"},"north":{"uv":[1.6875,4.8125,2.6875,6.8125],"texture":"#texture"},"south":{"uv":[1.6875,4.8125,2.6875,6.8125],"texture":"#texture"},"west":{"uv":[4,4.5,16,6.5],"texture":"#texture"},"east":{"uv":[4,4.5,16,6.5],"texture":"#texture"}}},{"from":[1.6875,14.5625,22.25],"to":[2.6875,16.5625,23.25],"rotation":{"origin":[1.6875,16.5625,22.25],"axis":"x","angle":-22.5},"faces":{"down":{"uv":[1.6875,14.75,2.6875,15.75],"texture":"#texture"},"up":{"uv":[1.6875,14.75,2.6875,15.75],"texture":"#texture"},"north":{"uv":[1.6875,0,2.6875,2],"texture":"#texture"},"south":{"uv":[1.6875,0,2.6875,2],"texture":"#texture"},"west":{"uv":[14.75,0,15.75,2],"texture":"#texture"},"east":{"uv":[14.75,0,15.75,2],"texture":"#texture"}}},{"from":[1.6875,14.75,20.125],"to":[2.6875,15.25,22.625],"rotation":{"origin":[1.6875,15.25,20.125],"axis":"x","angle":-22.5},"faces":{"down":{"uv":[1.6875,15,2.6875,16],"texture":"#texture"},"up":{"uv":[1.6875,15,2.6875,16],"texture":"#texture"},"north":{"uv":[1.6875,0.1875,2.6875,0.6875],"texture":"#texture"},"south":{"uv":[1.6875,0.1875,2.6875,0.6875],"texture":"#texture"},"west":{"uv":[15,0.1875,16,0.6875],"texture":"#texture"},"east":{"uv":[15,0.1875,16,0.6875],"texture":"#texture"}}},{"from":[1.6875,14.25,23],"to":[2.6875,14.75,23.5],"rotation":{"origin":[1.6875,14.75,23],"axis":"x","angle":-22.5},"faces":{"down":{"uv":[1.6875,15.5,2.6875,16],"texture":"#texture"},"up":{"uv":[1.6875,15.5,2.6875,16],"texture":"#texture"},"north":{"uv":[1.6875,1.25,2.6875,1.75],"texture":"#texture"},"south":{"uv":[1.6875,1.25,2.6875,1.75],"texture":"#texture"},"west":{"uv":[15,1.25,15.5,1.75],"texture":"#texture"},"east":{"uv":[15,1.25,15.5,1.75],"texture":"#texture"}}},{"from":[1.6875,16.6875,22.3125],"to":[2.6875,17.6875,22.8125],"rotation":{"origin":[1.6875,17.6875,22.3125],"axis":"x","angle":-22.5},"faces":{"down":{"uv":[1.6875,14.8125,2.6875,15.3125],"texture":"#texture"},"up":{"uv":[1.6875,14.8125,2.6875,15.3125],"texture":"#texture"},"north":{"uv":[1.6875,0,2.6875,1],"texture":"#texture"},"south":{"uv":[1.6875,0,2.6875,1],"texture":"#texture"},"west":{"uv":[14.8125,0,15.3125,1],"texture":"#texture"},"east":{"uv":[14.8125,0,15.3125,1],"texture":"#texture"}}},{"from":[1.5,9.75,11.6875],"to":[3,10.75,23.1875],"rotation":{"origin":[1.5,10.75,11.6875],"axis":"x","angle":-22.5},"faces":{"down":{"uv":[1.5,4.5,3,16],"texture":"#redskin"},"up":{"uv":[1.5,4.5,3,16],"texture":"#redskin"},"north":{"uv":[1.5,5.25,3,6.25],"texture":"#redskin"},"south":{"uv":[1.5,5.25,3,6.25],"texture":"#redskin"},"west":{"uv":[4.5,5,16,6],"texture":"#redskin"},"east":{"uv":[4.5,5,16,6],"texture":"#redskin"}}},{"from":[1.5,14.5625,20.875],"to":[3,15.0625,22.875],"rotation":{"origin":[1.5,15.0625,20.875],"axis":"x","angle":-22.5},"faces":{"down":{"uv":[1.5,13.875,3,15.875],"texture":"#redskin"},"up":{"uv":[1.5,13.875,3,15.875],"texture":"#redskin"},"north":{"uv":[1.5,0.9375,3,1.4375],"texture":"#redskin"},"south":{"uv":[1.5,0.9375,3,1.4375],"texture":"#redskin"},"west":{"uv":[13.875,0.9375,15.875,1.4375],"texture":"#redskin"},"east":{"uv":[13.875,0.9375,15.875,1.4375],"texture":"#redskin"}}},{"from":[1.75,8.875,11.375],"to":[2.625,11.375,23.875],"rotation":{"origin":[1.75,11.375,11.375],"axis":"x","angle":-22.5},"faces":{"down":{"uv":[0.5,3.5,1.5,15.5],"texture":"#32gold"},"up":{"uv":[0.5,3.5,1.5,15.5],"texture":"#32gold"},"north":{"uv":[0.5,4.5,1.5,7],"texture":"#32gold"},"south":{"uv":[0.5,4.5,1.5,7],"texture":"#32gold"},"west":{"uv":[3.5,2.5,15.5,5],"texture":"#32gold"},"east":{"uv":[3.5,2.5,15.5,5],"texture":"#32gold"}}},{"from":[1.75,14.875,19.75],"to":[2.625,15.375,22.75],"rotation":{"origin":[1.75,15.375,19.75],"axis":"x","angle":-22.5},"faces":{"down":{"uv":[1.6875,12.5625,2.6875,15.5625],"texture":"#32gold"},"up":{"uv":[1.6875,12.5625,2.6875,15.5625],"texture":"#32gold"},"north":{"uv":[1.6875,0.625,2.6875,1.125],"texture":"#32gold"},"south":{"uv":[1.6875,0.625,2.6875,1.125],"texture":"#32gold"},"west":{"uv":[12.5625,0.625,15.5625,1.125],"texture":"#32gold"},"east":{"uv":[12.5625,0.625,15.5625,1.125],"texture":"#32gold"}}},{"from":[1.75,13.9375,22.6875],"to":[2.5625,14.9375,23.6875],"rotation":{"origin":[1.75,14.9375,22.6875],"axis":"x","angle":-22.5},"faces":{"down":{"uv":[1.75,13.3125,2.5625,14.3125],"texture":"#32gold"},"up":{"uv":[1.75,13.3125,2.5625,14.3125],"texture":"#32gold"},"north":{"uv":[1.75,0.75,2.5625,1.75],"texture":"#32gold"},"south":{"uv":[1.75,0.75,2.5625,1.75],"texture":"#32gold"},"west":{"uv":[14.3125,0.75,15.3125,1.75],"texture":"#32gold"},"east":{"uv":[14.3125,0.75,15.3125,1.75],"texture":"#32gold"}}},{"from":[1.75,16.25,21.75],"to":[2.625,16.75,22.75],"rotation":{"origin":[1.75,16.75,21.75],"axis":"x","angle":-22.5},"faces":{"down":{"uv":[1.75,13.75,2.625,14.75],"texture":"#32gold"},"up":{"uv":[1.75,13.75,2.625,14.75],"texture":"#32gold"},"north":{"uv":[1.75,0.5,2.625,1],"texture":"#32gold"},"south":{"uv":[1.75,0.5,2.625,1],"texture":"#32gold"},"west":{"uv":[14.25,0.5,15.25,1],"texture":"#32gold"},"east":{"uv":[14.25,0.5,15.25,1],"texture":"#32gold"}}},{"from":[1.75,16.875,21.9375],"to":[2.625,17.875,22.9375],"rotation":{"origin":[1.75,17.875,21.9375],"axis":"x","angle":-22.5},"faces":{"down":{"uv":[1.75,14.4375,2.625,15.4375],"texture":"#32gold"},"up":{"uv":[2.25,14.4375,3.125,15.4375],"texture":"#32gold"},"north":{"uv":[1.75,0.5,2.625,1.5],"texture":"#32gold"},"south":{"uv":[1.75,0.5,2.625,1.5],"texture":"#32gold"},"west":{"uv":[14.4375,0.5,15.4375,1.5],"texture":"#32gold"},"east":{"uv":[14.4375,0.5,15.4375,1.5],"texture":"#32gold"}}},{"from":[1.75,14.3125,22.3125],"to":[2.625,17,23.3125],"rotation":{"origin":[1.75,17,22.3125],"axis":"x","angle":-22.5},"faces":{"down":{"uv":[1.75,14.5,2.625,15.5],"texture":"#32gold"},"up":{"uv":[1.75,14.5,2.625,15.5],"texture":"#32gold"},"north":{"uv":[1.75,0.5,2.625,3],"texture":"#32gold"},"south":{"uv":[1.75,0.5,2.625,3],"texture":"#32gold"},"west":{"uv":[14.5,0.5,15.5,3],"texture":"#32gold"},"east":{"uv":[14.5,0.5,15.5,3],"texture":"#32gold"}}}],"display":{"head":{"rotation":[0,180,0],"translation":[0,-23.06,0],"scale":[2.5,2.5,2.5]}}}