{
    "textures": {
        "0": "block/black_concrete",
        "1": "asurvival:mob/sandskull",
        "2": "asurvival:mob/sandskull_cloak"
    },
    "elements": [
        {
            "name": "Head",
            "from": [ 0.0, 9.0, 0.0 ], 
            "to": [ 16.0, 25.0, 16.0 ], 
            "faces": {
                "north": { "texture": "#0", "uv": [ 0.0, 0.0, 16.0, 16.0 ] },
                "east": { "texture": "#0", "uv": [ 0.0, 0.0, 16.0, 16.0 ] },
                "south": { "texture": "#1", "uv": [ 0.0, 0.0, 16.0, 16.0 ] },
                "west": { "texture": "#0", "uv": [ 0.0, 0.0, 16.0, 16.0 ] },
                "up": { "texture": "#0", "uv": [ 0.0, 0.0, 16.0, 16.0 ] },
                "down": { "texture": "#0", "uv": [ 0.0, 0.0, 16.0, 16.0 ] }
            }
        },
        {
            "name": "Hood",
            "from": [ 0.0, 24.0, 0.0 ], 
            "to": [ 16.0, 27.0, 18.0 ], 
            "faces": {
                "north": { "texture": "#2", "uv": [ 0.0, 0.0, 8.0, 3.0 ] },
                "east": { "texture": "#2", "uv": [ 0.0, 0.0, 16.0, 3.0 ] },
                "south": { "texture": "#2", "uv": [ 0.0, 0.0, 8.0, 3.0 ] },
                "west": { "texture": "#2", "uv": [ 0.0, 0.0, 16.0, 3.0 ] },
                "up": { "texture": "#2", "uv": [ 0.0, 0.0, 8.0, 9.0 ] },
                "down": { "texture": "#2", "uv": [ 0.0, 0.0, 16.0, 16.0 ] }
            }
        },
        {
            "name": "Hood",
            "from": [ 0.0, 5.0, 0.0 ], 
            "to": [ 16.0, 9.0, 17.0 ], 
            "faces": {
                "north": { "texture": "#2", "uv": [ 0.0, 0.0, 16.0, 5.0 ] },
                "east": { "texture": "#2", "uv": [ 0.0, 0.0, 16.0, 4.0 ] },
                "south": { "texture": "#2", "uv": [ 0.0, 0.0, 16.0, 5.0 ] },
                "west": { "texture": "#2", "uv": [ 0.0, 0.0, 16.0, 4.0 ] },
                "up": { "texture": "#2", "uv": [ 0.0, 0.0, 16.0, 16.0 ] },
                "down": { "texture": "#0", "uv": [ 0.0, 0.0, 16.0, 16.0 ] }
            }
        },
        {
            "name": "Hood",
            "from": [ -2.0, 9.0, 0.0 ], 
            "to": [ 0.0, 25.0, 18.0 ], 
            "faces": {
                "north": { "texture": "#2", "uv": [ 0.0, 0.0, 2.0, 16.0 ] },
                "east": { "texture": "#2", "uv": [ 0.0, 0.0, 16.0, 16.0 ] },
                "south": { "texture": "#2", "uv": [ 0.0, 0.0, 2.0, 16.0 ] },
                "west": { "texture": "#2", "uv": [ 0.0, 0.0, 16.0, 16.0 ] },
                "up": { "texture": "#2", "uv": [ 0.0, 0.0, 2.0, 16.0 ] },
                "down": { "texture": "#2", "uv": [ 0.0, 0.0, 2.0, 16.0 ] }
            }
        },
        {
            "name": "Hood",
            "from": [ 16.0, 9.0, 0.0 ], 
            "to": [ 18.0, 25.0, 18.0 ], 
            "faces": {
                "north": { "texture": "#2", "uv": [ 0.0, 0.0, 2.0, 16.0 ] },
                "east": { "texture": "#2", "uv": [ 0.0, 0.0, 16.0, 16.0 ] },
                "south": { "texture": "#2", "uv": [ 0.0, 0.0, 2.0, 16.0 ] },
                "west": { "texture": "#2", "uv": [ 0.0, 0.0, 16.0, 16.0 ] },
                "up": { "texture": "#2", "uv": [ 0.0, 0.0, 2.0, 16.0 ] },
                "down": { "texture": "#2", "uv": [ 0.0, 0.0, 2.0, 16.0 ] }
            }
        },
        {
            "name": "Hood",
            "from": [ 0.0, 9.0, -2.0 ], 
            "to": [ 16.0, 25.0, 0.0 ], 
            "faces": {
                "north": { "texture": "#2", "uv": [ 0.0, 0.0, 16.0, 16.0 ] },
                "east": { "texture": "#2", "uv": [ 0.0, 0.0, 2.0, 16.0 ] },
                "south": { "texture": "#2", "uv": [ 0.0, 0.0, 16.0, 16.0 ] },
                "west": { "texture": "#2", "uv": [ 0.0, 0.0, 2.0, 16.0 ] },
                "up": { "texture": "#2", "uv": [ 0.0, 0.0, 16.0, 2.0 ] },
                "down": { "texture": "#2", "uv": [ 0.0, 0.0, 16.0, 2.0 ] }
            }
        },
        {
            "name": "Hood",
            "from": [ 0.0, 22.0, 16.0 ], 
            "to": [ 2.0, 24.0, 17.0 ], 
            "faces": {
                "north": { "texture": "#2", "uv": [ 0.0, 0.0, 2.0, 2.0 ] },
                "east": { "texture": "#2", "uv": [ 0.0, 0.0, 1.0, 2.0 ] },
                "south": { "texture": "#2", "uv": [ 0.0, 0.0, 2.0, 2.0 ] },
                "west": { "texture": "#2", "uv": [ 0.0, 0.0, 1.0, 2.0 ] },
                "up": { "texture": "#2", "uv": [ 0.0, 0.0, 2.0, 1.0 ] },
                "down": { "texture": "#2", "uv": [ 0.0, 0.0, 2.0, 1.0 ] }
            }
        },
        {
            "name": "Hood",
            "from": [ 14.0, 22.0, 16.0 ], 
            "to": [ 16.0, 24.0, 17.0 ], 
            "faces": {
                "north": { "texture": "#2", "uv": [ 0.0, 0.0, 2.0, 2.0 ] },
                "east": { "texture": "#2", "uv": [ 0.0, 0.0, 1.0, 2.0 ] },
                "south": { "texture": "#2", "uv": [ 0.0, 0.0, 2.0, 2.0 ] },
                "west": { "texture": "#2", "uv": [ 0.0, 0.0, 1.0, 2.0 ] },
                "up": { "texture": "#2", "uv": [ 0.0, 0.0, 2.0, 1.0 ] },
                "down": { "texture": "#2", "uv": [ 0.0, 0.0, 2.0, 1.0 ] }
            }
        },
        {
            "name": "Cloak",
            "from": [ 0.0, -12.0, -2.0 ], 
            "to": [ 16.0, 6.0, 0.0 ], 
            "faces": {
                "north": { "texture": "#2", "uv": [ 0.0, 0.0, 16.0, 16.0 ] },
                "east": { "texture": "#2", "uv": [ 0.0, 0.0, 2.0, 16.0 ] },
                "south": { "texture": "#2", "uv": [ 0.0, 0.0, 16.0, 16.0 ] },
                "west": { "texture": "#2", "uv": [ 0.0, 0.0, 2.0, 16.0 ] },
                "up": { "texture": "#2", "uv": [ 0.0, 0.0, 16.0, 2.0 ] },
                "down": { "texture": "#2", "uv": [ 0.0, 0.0, 16.0, 2.0 ] }
            }
        },
        {
            "name": "Cloak",
            "from": [ -1.0, -12.0, 0.0 ], 
            "to": [ 1.0, 5.0, 16.0 ], 
            "faces": {
                "north": { "texture": "#2", "uv": [ 0.0, 0.0, 2.0, 16.0 ] },
                "east": { "texture": "#2", "uv": [ 0.0, 0.0, 16.0, 16.0 ] },
                "south": { "texture": "#2", "uv": [ 0.0, 0.0, 2.0, 16.0 ] },
                "west": { "texture": "#2", "uv": [ 0.0, 0.0, 16.0, 16.0 ] },
                "up": { "texture": "#2", "uv": [ 0.0, 0.0, 2.0, 16.0 ] },
                "down": { "texture": "#2", "uv": [ 0.0, 0.0, 2.0, 16.0 ] }
            }
        },
        {
            "name": "Cloak",
            "from": [ 0.0, -6.0, 16.0 ], 
            "to": [ 7.0, 5.0, 18.0 ], 
            "faces": {
                "north": { "texture": "#2", "uv": [ 0.0, 0.0, 16.0, 16.0 ] },
                "east": { "texture": "#2", "uv": [ 0.0, 0.0, 2.0, 16.0 ] },
                "south": { "texture": "#2", "uv": [ 0.0, 0.0, 11.0, 11.0 ] },
                "west": { "texture": "#2", "uv": [ 0.0, 0.0, 2.0, 16.0 ] },
                "up": { "texture": "#2", "uv": [ 0.0, 0.0, 7.0, 2.0 ] },
                "down": { "texture": "#2", "uv": [ 0.0, 0.0, 7.0, 2.0 ] }
            }
        },
        {
            "name": "Zip",
            "from": [ 7.0, -4.0, 16.0 ], 
            "to": [ 9.0, 5.0, 18.0 ], 
            "faces": {
                "north": { "texture": "#0", "uv": [ 0.0, 0.0, 16.0, 16.0 ] },
                "east": { "texture": "#0", "uv": [ 0.0, 0.0, 2.0, 16.0 ] },
                "south": { "texture": "#0", "uv": [ 0.0, 0.0, 16.0, 16.0 ] },
                "west": { "texture": "#0", "uv": [ 0.0, 0.0, 2.0, 16.0 ] },
                "up": { "texture": "#0", "uv": [ 0.0, 0.0, 2.0, 2.0 ] },
                "down": { "texture": "#0", "uv": [ 0.0, 0.0, 2.0, 2.0 ] }
            }
        },
        {
            "name": "Cloak",
            "from": [ 9.0, -6.0, 16.0 ], 
            "to": [ 16.0, 5.0, 18.0 ], 
            "faces": {
                "north": { "texture": "#2", "uv": [ 0.0, 0.0, 16.0, 16.0 ] },
                "east": { "texture": "#2", "uv": [ 0.0, 0.0, 2.0, 16.0 ] },
                "south": { "texture": "#2", "uv": [ 0.0, 0.0, 11.0, 11.0 ] },
                "west": { "texture": "#2", "uv": [ 0.0, 0.0, 2.0, 16.0 ] },
                "up": { "texture": "#2", "uv": [ 0.0, 0.0, 7.0, 2.0 ] },
                "down": { "texture": "#2", "uv": [ 0.0, 0.0, 7.0, 2.0 ] }
            }
        },
        {
            "name": "Bandana",
            "from": [ 0.0, 9.0, 0.0 ], 
            "to": [ 16.0, 14.0, 17.0 ], 
            "faces": {
                "north": { "texture": "#0", "uv": [ 0.0, 0.0, 16.0, 5.0 ] },
                "east": { "texture": "#0", "uv": [ 0.0, 0.0, 16.0, 8.0 ] },
                "south": { "texture": "#0", "uv": [ 0.0, 0.0, 16.0, 5.0 ] },
                "west": { "texture": "#0", "uv": [ 0.0, 0.0, 16.0, 8.0 ] },
                "up": { "texture": "#0", "uv": [ 0.0, 0.0, 16.0, 16.0 ] },
                "down": { "texture": "#0", "uv": [ 0.0, 0.0, 16.0, 16.0 ] }
            }
        },
        {
            "name": "Cloak",
            "from": [ 0.0, -9.0, 16.0 ], 
            "to": [ 4.0, -5.0, 18.0 ], 
            "faces": {
                "north": { "texture": "#2", "uv": [ 0.0, 0.0, 4.0, 4.0 ] },
                "east": { "texture": "#2", "uv": [ 0.0, 0.0, 2.0, 16.0 ] },
                "south": { "texture": "#2", "uv": [ 0.0, 0.0, 4.0, 4.0 ] },
                "west": { "texture": "#2", "uv": [ 0.0, 0.0, 2.0, 16.0 ] },
                "up": { "texture": "#2", "uv": [ 0.0, 0.0, 4.0, 2.0 ] },
                "down": { "texture": "#2", "uv": [ 0.0, 0.0, 4.0, 2.0 ] }
            }
        },
        {
            "name": "Cloak",
            "from": [ 12.0, -10.0, 16.0 ], 
            "to": [ 16.0, -6.0, 18.0 ], 
            "faces": {
                "north": { "texture": "#2", "uv": [ 0.0, 0.0, 4.0, 4.0 ] },
                "east": { "texture": "#2", "uv": [ 0.0, 0.0, 2.0, 16.0 ] },
                "south": { "texture": "#2", "uv": [ 0.0, 0.0, 4.0, 4.0 ] },
                "west": { "texture": "#2", "uv": [ 0.0, 0.0, 2.0, 16.0 ] },
                "up": { "texture": "#2", "uv": [ 0.0, 0.0, 4.0, 2.0 ] },
                "down": { "texture": "#2", "uv": [ 0.0, 0.0, 4.0, 2.0 ] }
            }
        },
        {
            "name": "Cloak",
            "from": [ 15.0, -12.0, 0.0 ], 
            "to": [ 17.0, 5.0, 16.0 ], 
            "faces": {
                "north": { "texture": "#2", "uv": [ 0.0, 0.0, 2.0, 16.0 ] },
                "east": { "texture": "#2", "uv": [ 0.0, 0.0, 16.0, 16.0 ] },
                "south": { "texture": "#2", "uv": [ 0.0, 0.0, 2.0, 16.0 ] },
                "west": { "texture": "#2", "uv": [ 0.0, 0.0, 16.0, 16.0 ] },
                "up": { "texture": "#2", "uv": [ 0.0, 0.0, 2.0, 16.0 ] },
                "down": { "texture": "#2", "uv": [ 0.0, 0.0, 2.0, 16.0 ] }
            }
        }
    ],
"display": {
    "thirdperson_righthand": {
        "rotation": [ -90, 0, 0 ],
        "translation": [ -0.56, 2.46, -2.65 ],
        "scale": [ 1.3, 1.3, 1.3 ]
    },
    "thirdperson_lefthand": {
        "rotation": [ -90, 0, 0 ],
        "translation": [ 0.57, 2.46, -2.65 ],
        "scale": [ 1.3, 1.3, 1.3 ]
    },
    "head": {
        "rotation": [ 0, -180, 0 ],
        "translation": [ 0, -6, 0 ],
        "scale": [ 0.825, 0.825, 0.825 ]
    },
    "ground": {
        "rotation": [ 0, 0, 0 ],
        "translation": [ 0, 0, 0 ],
        "scale": [ 0.6, 0.6, 0.6 ]
    },
    "firstperson_righthand": {
        "rotation": [ 0, 0, 0 ],
        "translation": [ 0, 0, 0 ],
        "scale": [ 1, 1, 1 ]
    },
    "firstperson_lefthand": {
        "rotation": [ 0, 0, 0 ],
        "translation": [ 0, 0, 0 ],
        "scale": [ 1, 1, 1 ]
    },
    "gui": {
        "rotation": [ 0, 0, 0 ],
        "translation": [ 0, 0, 0 ],
        "scale": [ 1.3, 1.3, 1.3 ]
    }
}
}