{
"__comment": "Designed by Itszender with BDcraft Cubik PRO 0.96 Beta - http://bdcraft.net",
"textures": {
    "texture": "asurvival:mob/spiderskin",
    "spiderrobe": "asurvival:mob/spiderrobe2",
    "spiderrobe2": "asurvival:mob/spiderrobe",
    "grayspider": "asurvival:mob/grayspider",
    "darkmetal": "asurvival:mob/darkmetal",
    "spiderlightskin": "asurvival:mob/spiderlightskin",
    "spidereye": "asurvival:mob/spidereye",
    "bone": "asurvival:mob/bone"
},
"elements": [ 
{
    "from": [ 5, 0.5, 6 ],
    "to": [ 7, 1.5, 9 ],
    "faces": {
        "down":  { "uv": [ 11, 9, 9, 6 ], "texture": "#texture" },
        "up":    { "uv": [ 5, 6, 7, 9 ], "texture": "#texture" },
        "north": { "uv": [ 9, 14.5, 11, 15.5 ], "texture": "#texture" },
        "south": { "uv": [ 5, 14.5, 7, 15.5 ], "texture": "#texture" },
        "west":  { "uv": [ 6, 14.5, 9, 15.5 ], "texture": "#texture" },
        "east":  { "uv": [ 7, 14.5, 10, 15.5 ], "texture": "#texture" }
    }
},
{
    "from": [ 9, 0.5, 6 ],
    "to": [ 11, 1.5, 9 ],
    "faces": {
        "down":  { "uv": [ 7, 9, 5, 6 ], "texture": "#texture" },
        "up":    { "uv": [ 9, 6, 11, 9 ], "texture": "#texture" },
        "north": { "uv": [ 5, 14.5, 7, 15.5 ], "texture": "#texture" },
        "south": { "uv": [ 9, 14.5, 11, 15.5 ], "texture": "#texture" },
        "west":  { "uv": [ 6, 14.5, 9, 15.5 ], "texture": "#texture" },
        "east":  { "uv": [ 7, 14.5, 10, 15.5 ], "texture": "#texture" }
    }
},
{
    "from": [ 10.5, 0.5, 8.31634 ],
    "to": [ 11.5, 1, 10.8163 ],
    "rotation": { "origin": [ 10.5, 1, 8.31634 ], "axis": "x", "angle": 22.5 },
    "faces": {
        "down":  { "uv": [ 11.5, 12.5, 10.5, 10 ], "texture": "#texture" },
        "up":    { "uv": [ 4.5, 10, 5.5, 12.5 ], "texture": "#texture" },
        "north": { "uv": [ 10.5, 15, 11.5, 15.5 ], "texture": "#texture" },
        "south": { "uv": [ 4.5, 15, 5.5, 15.5 ], "texture": "#texture" },
        "west":  { "uv": [ 10, 15, 12.5, 15.5 ], "texture": "#texture" },
        "east":  { "uv": [ 3.5, 15, 6, 15.5 ], "texture": "#texture" }
    }
},
{
    "from": [ 4.5, 0.5, 8.31634 ],
    "to": [ 5.5, 1, 10.8163 ],
    "rotation": { "origin": [ 4.5, 1, 8.31634 ], "axis": "x", "angle": 22.5 },
    "faces": {
        "down":  { "uv": [ 11.5, 12.5, 10.5, 10 ], "texture": "#texture" },
        "up":    { "uv": [ 4.5, 10, 5.5, 12.5 ], "texture": "#texture" },
        "north": { "uv": [ 10.5, 15, 11.5, 15.5 ], "texture": "#texture" },
        "south": { "uv": [ 4.5, 15, 5.5, 15.5 ], "texture": "#texture" },
        "west":  { "uv": [ 10, 15, 12.5, 15.5 ], "texture": "#texture" },
        "east":  { "uv": [ 3.5, 15, 6, 15.5 ], "texture": "#texture" }
    }
},
{
    "from": [ 6.5, 0.5, 8.31634 ],
    "to": [ 7.5, 1, 10.8163 ],
    "rotation": { "origin": [ 6.5, 1, 8.31634 ], "axis": "x", "angle": 22.5 },
    "faces": {
        "down":  { "uv": [ 11.5, 12.5, 10.5, 10 ], "texture": "#texture" },
        "up":    { "uv": [ 4.5, 10, 5.5, 12.5 ], "texture": "#texture" },
        "north": { "uv": [ 10.5, 15, 11.5, 15.5 ], "texture": "#texture" },
        "south": { "uv": [ 4.5, 15, 5.5, 15.5 ], "texture": "#texture" },
        "west":  { "uv": [ 10, 15, 12.5, 15.5 ], "texture": "#texture" },
        "east":  { "uv": [ 3.5, 15, 6, 15.5 ], "texture": "#texture" }
    }
},
{
    "from": [ 8.5, 0.5, 8.31634 ],
    "to": [ 9.5, 1, 10.8163 ],
    "rotation": { "origin": [ 8.5, 1, 8.31634 ], "axis": "x", "angle": 22.5 },
    "faces": {
        "down":  { "uv": [ 11.5, 12.5, 10.5, 10 ], "texture": "#texture" },
        "up":    { "uv": [ 4.5, 10, 5.5, 12.5 ], "texture": "#texture" },
        "north": { "uv": [ 10.5, 15, 11.5, 15.5 ], "texture": "#texture" },
        "south": { "uv": [ 4.5, 15, 5.5, 15.5 ], "texture": "#texture" },
        "west":  { "uv": [ 10, 15, 12.5, 15.5 ], "texture": "#texture" },
        "east":  { "uv": [ 3.5, 15, 6, 15.5 ], "texture": "#texture" }
    }
},
{
    "from": [ 9.5, -0.5625, 4.9375 ],
    "to": [ 10.5, -0.0625, 6.4375 ],
    "rotation": { "origin": [ 9.5, -0.0625, 4.9375 ], "axis": "x", "angle": -45 },
    "faces": {
        "down":  { "uv": [ 10.5, 7, 9.5, 5.5 ], "texture": "#texture" },
        "up":    { "uv": [ 5.5, 5.5, 6.5, 7 ], "texture": "#texture" },
        "north": { "uv": [ 9.5, 14.5, 10.5, 15 ], "texture": "#texture" },
        "south": { "uv": [ 5.5, 14.5, 6.5, 15 ], "texture": "#texture" },
        "west":  { "uv": [ 5.5, 14.5, 7, 15 ], "texture": "#texture" },
        "east":  { "uv": [ 9, 14.5, 10.5, 15 ], "texture": "#texture" }
    }
},
{
    "from": [ 5.5, -0.5625, 4.9375 ],
    "to": [ 6.5, -0.0625, 6.4375 ],
    "rotation": { "origin": [ 5.5, -0.0625, 4.9375 ], "axis": "x", "angle": -45 },
    "faces": {
        "down":  { "uv": [ 10.5, 7, 9.5, 5.5 ], "texture": "#texture" },
        "up":    { "uv": [ 5.5, 5.5, 6.5, 7 ], "texture": "#texture" },
        "north": { "uv": [ 9.5, 14.5, 10.5, 15 ], "texture": "#texture" },
        "south": { "uv": [ 5.5, 14.5, 6.5, 15 ], "texture": "#texture" },
        "west":  { "uv": [ 5.5, 14.5, 7, 15 ], "texture": "#texture" },
        "east":  { "uv": [ 9, 14.5, 10.5, 15 ], "texture": "#texture" }
    }
},
{
    "from": [ 9.25, 1.0625, 8.3125 ],
    "to": [ 10.75, 7.0625, 9.8125 ],
    "rotation": { "origin": [ 9.25, 7.0625, 8.3125 ], "axis": "x", "angle": 22.5 },
    "faces": {
        "down":  { "uv": [ 10.75, 7.5, 9.25, 6 ], "texture": "#texture" },
        "up":    { "uv": [ 5.25, 6, 6.75, 7.5 ], "texture": "#texture" },
        "north": { "uv": [ 9.25, 8.5, 10.75, 14.5 ], "texture": "#texture" },
        "south": { "uv": [ 5.25, 8.5, 6.75, 14.5 ], "texture": "#texture" },
        "west":  { "uv": [ 6, 8.5, 7.5, 14.5 ], "texture": "#texture" },
        "east":  { "uv": [ 8.5, 8.5, 10, 14.5 ], "texture": "#texture" }
    }
},
{
    "from": [ 5.25, 1.0625, 8.3125 ],
    "to": [ 6.75, 7.0625, 9.8125 ],
    "rotation": { "origin": [ 5.25, 7.0625, 8.3125 ], "axis": "x", "angle": 22.5 },
    "faces": {
        "down":  { "uv": [ 10.75, 7.5, 9.25, 6 ], "texture": "#texture" },
        "up":    { "uv": [ 5.25, 6, 6.75, 7.5 ], "texture": "#texture" },
        "north": { "uv": [ 9.25, 8.5, 10.75, 14.5 ], "texture": "#texture" },
        "south": { "uv": [ 5.25, 8.5, 6.75, 14.5 ], "texture": "#texture" },
        "west":  { "uv": [ 6, 8.5, 7.5, 14.5 ], "texture": "#texture" },
        "east":  { "uv": [ 8.5, 8.5, 10, 14.5 ], "texture": "#texture" }
    }
},
{
    "from": [ 5.8125, 5.4375, 5.875 ],
    "to": [ 7.1875, 11.9375, 7.375 ],
    "rotation": { "origin": [ 5.8125, 11.9375, 5.875 ], "axis": "x", "angle": -22.5 },
    "faces": {
        "down":  { "uv": [ 16, 5.5, 16, 4 ], "texture": "#texture" },
        "up":    { "uv": [ 0, 4, 0, 5.5 ], "texture": "#texture" },
        "north": { "uv": [ 16, 0, 16, 7.5 ], "texture": "#texture" },
        "south": { "uv": [ 0, 0, 0, 7.5 ], "texture": "#texture" },
        "west":  { "uv": [ 4, 0, 5.5, 7.5 ], "texture": "#texture" },
        "east":  { "uv": [ 10.5, 0, 12, 7.5 ], "texture": "#texture" }
    }
},
{
    "from": [ 8.8125, 5.4885, 5.875 ],
    "to": [ 10.1875, 11.9885, 7.375 ],
    "rotation": { "origin": [ 8.8125, 11.9885, 5.875 ], "axis": "x", "angle": -22.5 },
    "faces": {
        "down":  { "uv": [ 16, 5.5, 16, 4 ], "texture": "#texture" },
        "up":    { "uv": [ 0, 4, 0, 5.5 ], "texture": "#texture" },
        "north": { "uv": [ 16, 0, 16, 7.5 ], "texture": "#texture" },
        "south": { "uv": [ 0, 0, 0, 7.5 ], "texture": "#texture" },
        "west":  { "uv": [ 4, 0, 5.5, 7.5 ], "texture": "#texture" },
        "east":  { "uv": [ 10.5, 0, 12, 7.5 ], "texture": "#texture" }
    }
},
{
    "from": [ 8.5, 5.5, 7.5 ],
    "to": [ 11, 11, 8 ],
    "rotation": { "origin": [ 8.5, 11, 7.5 ], "axis": "x", "angle": -22.5 },
    "faces": {
        "down":  { "uv": [ 5, 7, 7.5, 7.5 ], "texture": "#spiderrobe2" },
        "up":    { "uv": [ 5, 7, 7.5, 7.5 ], "texture": "#spiderrobe2" },
        "north": { "uv": [ 5, 3.5, 7.5, 10.5 ], "texture": "#spiderrobe2" },
        "south": { "uv": [ 5, 3.5, 7.5, 10.5 ], "texture": "#spiderrobe2" },
        "west":  { "uv": [ 7, 3.5, 7.5, 10.5 ], "texture": "#spiderrobe2" },
        "east":  { "uv": [ 7, 3.5, 7.5, 10.5 ], "texture": "#spiderrobe2" }
    }
},
{
    "from": [ 8.125, 5.6875, 7.9375 ],
    "to": [ 9.625, 11.1875, 8.4375 ],
    "rotation": { "origin": [ 8.125, 11.1875, 7.9375 ], "axis": "x", "angle": -22.5 },
    "faces": {
        "down":  { "uv": [ 5, 7, 7.5, 7.5 ], "texture": "#spiderrobe" },
        "up":    { "uv": [ 5, 7, 7.5, 7.5 ], "texture": "#spiderrobe" },
        "north": { "uv": [ 5, 3.5, 7.5, 10.5 ], "texture": "#spiderrobe" },
        "south": { "uv": [ 5, 3.5, 7.5, 10.5 ], "texture": "#spiderrobe" },
        "west":  { "uv": [ 7, 3.5, 7.5, 10.5 ], "texture": "#spiderrobe" },
        "east":  { "uv": [ 7, 3.5, 7.5, 10.5 ], "texture": "#spiderrobe" }
    }
},
{
    "from": [ 5, 5.5, 7.5 ],
    "to": [ 7.5, 11, 8 ],
    "rotation": { "origin": [ 5, 11, 7.5 ], "axis": "x", "angle": -22.5 },
    "faces": {
        "down":  { "uv": [ 5, 7, 7.5, 7.5 ], "texture": "#spiderrobe2" },
        "up":    { "uv": [ 5, 7, 7.5, 7.5 ], "texture": "#spiderrobe2" },
        "north": { "uv": [ 5, 3.5, 7.5, 10.5 ], "texture": "#spiderrobe2" },
        "south": { "uv": [ 5, 3.5, 7.5, 10.5 ], "texture": "#spiderrobe2" },
        "west":  { "uv": [ 7, 3.5, 7.5, 10.5 ], "texture": "#spiderrobe2" },
        "east":  { "uv": [ 7, 3.5, 7.5, 10.5 ], "texture": "#spiderrobe2" }
    }
},
{
    "from": [ 6.375, 5.6875, 7.9375 ],
    "to": [ 7.875, 11.1875, 8.4375 ],
    "rotation": { "origin": [ 6.375, 11.1875, 7.9375 ], "axis": "x", "angle": -22.5 },
    "faces": {
        "down":  { "uv": [ 5, 7, 7.5, 7.5 ], "texture": "#spiderrobe" },
        "up":    { "uv": [ 5, 7, 7.5, 7.5 ], "texture": "#spiderrobe" },
        "north": { "uv": [ 5, 3.5, 7.5, 10.5 ], "texture": "#spiderrobe" },
        "south": { "uv": [ 5, 3.5, 7.5, 10.5 ], "texture": "#spiderrobe" },
        "west":  { "uv": [ 7, 3.5, 7.5, 10.5 ], "texture": "#spiderrobe" },
        "east":  { "uv": [ 7, 3.5, 7.5, 10.5 ], "texture": "#spiderrobe" }
    }
},
{
    "from": [ 8.5, 2.5, 10 ],
    "to": [ 9.5, 6.5, 10.5 ],
    "faces": {
        "down":  { "uv": [ 7.5, 10.5, 6.5, 10 ], "texture": "#spiderrobe" },
        "up":    { "uv": [ 8.5, 10, 9.5, 10.5 ], "texture": "#spiderrobe" },
        "north": { "uv": [ 6.5, 9.5, 7.5, 13.5 ], "texture": "#spiderrobe" },
        "south": { "uv": [ 8.5, 9.5, 9.5, 13.5 ], "texture": "#spiderrobe" },
        "west":  { "uv": [ 10, 9.5, 10.5, 13.5 ], "texture": "#spiderrobe" },
        "east":  { "uv": [ 5.5, 9.5, 6, 13.5 ], "texture": "#spiderrobe" }
    }
},
{
    "from": [ 6.5, 2.5, 10 ],
    "to": [ 7.5, 6.5, 10.5 ],
    "faces": {
        "down":  { "uv": [ 9.5, 10.5, 8.5, 10 ], "texture": "#spiderrobe" },
        "up":    { "uv": [ 6.5, 10, 7.5, 10.5 ], "texture": "#spiderrobe" },
        "north": { "uv": [ 8.5, 9.5, 9.5, 13.5 ], "texture": "#spiderrobe" },
        "south": { "uv": [ 6.5, 9.5, 7.5, 13.5 ], "texture": "#spiderrobe" },
        "west":  { "uv": [ 10, 9.5, 10.5, 13.5 ], "texture": "#spiderrobe" },
        "east":  { "uv": [ 5.5, 9.5, 6, 13.5 ], "texture": "#spiderrobe" }
    }
},
{
    "from": [ 6.5, 1.5, 10 ],
    "to": [ 7, 2.5, 10.5 ],
    "faces": {
        "down":  { "uv": [ 9.5, 10.5, 9, 10 ], "texture": "#spiderrobe" },
        "up":    { "uv": [ 6.5, 10, 7, 10.5 ], "texture": "#spiderrobe" },
        "north": { "uv": [ 9, 13.5, 9.5, 14.5 ], "texture": "#spiderrobe" },
        "south": { "uv": [ 6.5, 13.5, 7, 14.5 ], "texture": "#spiderrobe" },
        "west":  { "uv": [ 10, 13.5, 10.5, 14.5 ], "texture": "#spiderrobe" },
        "east":  { "uv": [ 5.5, 13.5, 6, 14.5 ], "texture": "#spiderrobe" }
    }
},
{
    "from": [ 9, 1.5, 10 ],
    "to": [ 9.5, 2.5, 10.5 ],
    "faces": {
        "down":  { "uv": [ 7, 10.5, 6.5, 10 ], "texture": "#spiderrobe" },
        "up":    { "uv": [ 9, 10, 9.5, 10.5 ], "texture": "#spiderrobe" },
        "north": { "uv": [ 6.5, 13.5, 7, 14.5 ], "texture": "#spiderrobe" },
        "south": { "uv": [ 9, 13.5, 9.5, 14.5 ], "texture": "#spiderrobe" },
        "west":  { "uv": [ 10, 13.5, 10.5, 14.5 ], "texture": "#spiderrobe" },
        "east":  { "uv": [ 5.5, 13.5, 6, 14.5 ], "texture": "#spiderrobe" }
    }
},
{
    "from": [ 5.5625, 2.6875, 9.5 ],
    "to": [ 6.5625, 6.1875, 10 ],
    "faces": {
        "down":  { "uv": [ 9.5, 9.5, 10.5, 10 ], "texture": "#spiderrobe2" },
        "up":    { "uv": [ 9.5, 9.5, 10.5, 10 ], "texture": "#spiderrobe2" },
        "north": { "uv": [ 9.5, 9.5, 10.5, 13 ], "texture": "#spiderrobe2" },
        "south": { "uv": [ 9.5, 9.5, 10.5, 13 ], "texture": "#spiderrobe2" },
        "west":  { "uv": [ 9.5, 9.5, 10, 13 ], "texture": "#spiderrobe2" },
        "east":  { "uv": [ 9.5, 9.5, 10, 13 ], "texture": "#spiderrobe2" }
    }
},
{
    "from": [ 9.4375, 2.6875, 9.5 ],
    "to": [ 10.4375, 6.1875, 10 ],
    "faces": {
        "down":  { "uv": [ 9.5, 9.5, 10.5, 10 ], "texture": "#spiderrobe2" },
        "up":    { "uv": [ 9.5, 9.5, 10.5, 10 ], "texture": "#spiderrobe2" },
        "north": { "uv": [ 9.5, 9.5, 10.5, 13 ], "texture": "#spiderrobe2" },
        "south": { "uv": [ 9.5, 9.5, 10.5, 13 ], "texture": "#spiderrobe2" },
        "west":  { "uv": [ 9.5, 9.5, 10, 13 ], "texture": "#spiderrobe2" },
        "east":  { "uv": [ 9.5, 9.5, 10, 13 ], "texture": "#spiderrobe2" }
    }
},
{
    "from": [ 5.0625, 4.6875, 9.5 ],
    "to": [ 5.5625, 6.1875, 10 ],
    "faces": {
        "down":  { "uv": [ 10.9375, 10, 10.4375, 9.5 ], "texture": "#spiderrobe2" },
        "up":    { "uv": [ 5.0625, 9.5, 5.5625, 10 ], "texture": "#spiderrobe2" },
        "north": { "uv": [ 10.4375, 9.8125, 10.9375, 11.3125 ], "texture": "#spiderrobe2" },
        "south": { "uv": [ 5.0625, 9.8125, 5.5625, 11.3125 ], "texture": "#spiderrobe2" },
        "west":  { "uv": [ 9.5, 9.8125, 10, 11.3125 ], "texture": "#spiderrobe2" },
        "east":  { "uv": [ 6, 9.8125, 6.5, 11.3125 ], "texture": "#spiderrobe2" }
    }
},
{
    "from": [ 10.4375, 4.625, 9.5 ],
    "to": [ 10.9375, 6.125, 10 ],
    "faces": {
        "down":  { "uv": [ 5.5625, 10, 5.0625, 9.5 ], "texture": "#spiderrobe2" },
        "up":    { "uv": [ 10.4375, 9.5, 10.9375, 10 ], "texture": "#spiderrobe2" },
        "north": { "uv": [ 5.0625, 9.875, 5.5625, 11.375 ], "texture": "#spiderrobe2" },
        "south": { "uv": [ 10.4375, 9.875, 10.9375, 11.375 ], "texture": "#spiderrobe2" },
        "west":  { "uv": [ 9.5, 9.875, 10, 11.375 ], "texture": "#spiderrobe2" },
        "east":  { "uv": [ 6, 9.875, 6.5, 11.375 ], "texture": "#spiderrobe2" }
    }
},
{
    "from": [ 5.75, 11, 5 ],
    "to": [ 10.25, 11.5, 8.5 ],
    "faces": {
        "down":  { "uv": [ 10.25, 8.5, 5.75, 5 ], "texture": "#spiderrobe" },
        "up":    { "uv": [ 5.75, 5, 10.25, 8.5 ], "texture": "#spiderrobe" },
        "north": { "uv": [ 5.75, 4.5, 10.25, 5 ], "texture": "#spiderrobe" },
        "south": { "uv": [ 5.75, 4.5, 10.25, 5 ], "texture": "#spiderrobe" },
        "west":  { "uv": [ 5, 4.5, 8.5, 5 ], "texture": "#spiderrobe" },
        "east":  { "uv": [ 7.5, 4.5, 11, 5 ], "texture": "#spiderrobe" }
    }
},
{
    "from": [ 5.75, 11.5, 5.4375 ],
    "to": [ 10.25, 13.5, 8.0625 ],
    "faces": {
        "down":  { "uv": [ 5.75, 5.4375, 10.25, 8.0625 ], "texture": "#grayspider" },
        "up":    { "uv": [ 5.75, 5.4375, 10.25, 8.0625 ], "texture": "#grayspider" },
        "north": { "uv": [ 5.75, 2.5, 10.25, 4.5 ], "texture": "#grayspider" },
        "south": { "uv": [ 5.75, 2.5, 10.25, 4.5 ], "texture": "#grayspider" },
        "west":  { "uv": [ 5.4375, 2.5, 8.0625, 4.5 ], "texture": "#grayspider" },
        "east":  { "uv": [ 5.4375, 2.5, 8.0625, 4.5 ], "texture": "#grayspider" }
    }
},
{
    "from": [ 5.75, 13.5, 5 ],
    "to": [ 10.25, 14, 8.5 ],
    "faces": {
        "down":  { "uv": [ 10.25, 8.5, 5.75, 5 ], "texture": "#spiderrobe" },
        "up":    { "uv": [ 5.75, 5, 10.25, 8.5 ], "texture": "#spiderrobe" },
        "north": { "uv": [ 5.75, 2, 10.25, 2.5 ], "texture": "#spiderrobe" },
        "south": { "uv": [ 5.75, 2, 10.25, 2.5 ], "texture": "#spiderrobe" },
        "west":  { "uv": [ 5, 2, 8.5, 2.5 ], "texture": "#spiderrobe" },
        "east":  { "uv": [ 7.5, 2, 11, 2.5 ], "texture": "#spiderrobe" }
    }
},
{
    "from": [ 7.5, 11.875, 7.8125 ],
    "to": [ 8.5, 12.875, 8.3125 ],
    "faces": {
        "down":  { "uv": [ 8.5, 8.3125, 7.5, 7.8125 ], "texture": "#darkmetal" },
        "up":    { "uv": [ 7.5, 7.8125, 8.5, 8.3125 ], "texture": "#darkmetal" },
        "north": { "uv": [ 7.5, 3.125, 8.5, 4.125 ], "texture": "#darkmetal" },
        "south": { "uv": [ 7.5, 3.125, 8.5, 4.125 ], "texture": "#darkmetal" },
        "west":  { "uv": [ 7.8125, 3.125, 8.3125, 4.125 ], "texture": "#darkmetal" },
        "east":  { "uv": [ 7.6875, 3.125, 8.1875, 4.125 ], "texture": "#darkmetal" }
    }
},
{
    "from": [ 7, 12.375, 7.8125 ],
    "to": [ 7.5, 13.375, 8.3125 ],
    "faces": {
        "down":  { "uv": [ 9, 8.3125, 8.5, 7.8125 ], "texture": "#darkmetal" },
        "up":    { "uv": [ 7, 7.8125, 7.5, 8.3125 ], "texture": "#darkmetal" },
        "north": { "uv": [ 8.5, 2.625, 9, 3.625 ], "texture": "#darkmetal" },
        "south": { "uv": [ 7, 2.625, 7.5, 3.625 ], "texture": "#darkmetal" },
        "west":  { "uv": [ 7.8125, 2.625, 8.3125, 3.625 ], "texture": "#darkmetal" },
        "east":  { "uv": [ 7.6875, 2.625, 8.1875, 3.625 ], "texture": "#darkmetal" }
    }
},
{
    "from": [ 7, 11.5625, 7.8125 ],
    "to": [ 7.5, 12.0625, 8.3125 ],
    "faces": {
        "down":  { "uv": [ 9, 8.3125, 8.5, 7.8125 ], "texture": "#darkmetal" },
        "up":    { "uv": [ 7, 7.8125, 7.5, 8.3125 ], "texture": "#darkmetal" },
        "north": { "uv": [ 8.5, 3.9375, 9, 4.4375 ], "texture": "#darkmetal" },
        "south": { "uv": [ 7, 3.9375, 7.5, 4.4375 ], "texture": "#darkmetal" },
        "west":  { "uv": [ 7.8125, 3.9375, 8.3125, 4.4375 ], "texture": "#darkmetal" },
        "east":  { "uv": [ 7.6875, 3.9375, 8.1875, 4.4375 ], "texture": "#darkmetal" }
    }
},
{
    "from": [ 8.5, 12.375, 7.8125 ],
    "to": [ 9, 13.375, 8.3125 ],
    "faces": {
        "down":  { "uv": [ 7.5, 8.3125, 7, 7.8125 ], "texture": "#darkmetal" },
        "up":    { "uv": [ 8.5, 7.8125, 9, 8.3125 ], "texture": "#darkmetal" },
        "north": { "uv": [ 7, 2.625, 7.5, 3.625 ], "texture": "#darkmetal" },
        "south": { "uv": [ 8.5, 2.625, 9, 3.625 ], "texture": "#darkmetal" },
        "west":  { "uv": [ 7.8125, 2.625, 8.3125, 3.625 ], "texture": "#darkmetal" },
        "east":  { "uv": [ 7.6875, 2.625, 8.1875, 3.625 ], "texture": "#darkmetal" }
    }
},
{
    "from": [ 8.5, 11.5625, 7.8125 ],
    "to": [ 9, 12.0625, 8.3125 ],
    "faces": {
        "down":  { "uv": [ 7.5, 8.3125, 7, 7.8125 ], "texture": "#darkmetal" },
        "up":    { "uv": [ 8.5, 7.8125, 9, 8.3125 ], "texture": "#darkmetal" },
        "north": { "uv": [ 7, 3.9375, 7.5, 4.4375 ], "texture": "#darkmetal" },
        "south": { "uv": [ 8.5, 3.9375, 9, 4.4375 ], "texture": "#darkmetal" },
        "west":  { "uv": [ 7.8125, 3.9375, 8.3125, 4.4375 ], "texture": "#darkmetal" },
        "east":  { "uv": [ 7.6875, 3.9375, 8.1875, 4.4375 ], "texture": "#darkmetal" }
    }
},
{
    "from": [ 7, 14, 8 ],
    "to": [ 9, 17.5, 9 ],
    "faces": {
        "down":  { "uv": [ 9, 9, 7, 8 ], "texture": "#spiderrobe" },
        "up":    { "uv": [ 7, 8, 9, 9 ], "texture": "#spiderrobe" },
        "north": { "uv": [ 7, 0, 9, 2 ], "texture": "#spiderrobe" },
        "south": { "uv": [ 7, 0, 9, 2 ], "texture": "#spiderrobe" },
        "west":  { "uv": [ 8, 0, 9, 2 ], "texture": "#spiderrobe" },
        "east":  { "uv": [ 7, 0, 8, 2 ], "texture": "#spiderrobe" }
    }
},
{
    "from": [ 6, 17, 8 ],
    "to": [ 7, 19.5, 9 ],
    "faces": {
        "down":  { "uv": [ 6, 8, 7, 9 ], "texture": "#spiderrobe" },
        "up":    { "uv": [ 6, 8, 7, 9 ], "texture": "#spiderrobe" },
        "north": { "uv": [ 6, 0, 7, 2.5 ], "texture": "#spiderrobe" },
        "south": { "uv": [ 6, 0, 7, 2.5 ], "texture": "#spiderrobe" },
        "west":  { "uv": [ 8, 0, 9, 2.5 ], "texture": "#spiderrobe" },
        "east":  { "uv": [ 8, 0, 9, 2.5 ], "texture": "#spiderrobe" }
    }
},
{
    "from": [ 7, 16.5, 5.5 ],
    "to": [ 9, 19, 8 ],
    "faces": {
        "down":  { "uv": [ 7, 5.5, 9, 8 ], "texture": "#texture" },
        "up":    { "uv": [ 7, 5.5, 9, 8 ], "texture": "#texture" },
        "north": { "uv": [ 7, 0, 9, 2.5 ], "texture": "#texture" },
        "south": { "uv": [ 7, 0, 9, 2.5 ], "texture": "#texture" },
        "west":  { "uv": [ 5.5, 0, 8, 2.5 ], "texture": "#texture" },
        "east":  { "uv": [ 5.5, 0, 8, 2.5 ], "texture": "#texture" }
    }
},
{
    "from": [ 7.5, 19, 6.5 ],
    "to": [ 8.5, 20, 7.5 ],
    "faces": {
        "down":  { "uv": [ 7.5, 6.5, 8.5, 7.5 ], "texture": "#texture" },
        "up":    { "uv": [ 7.5, 6.5, 8.5, 7.5 ], "texture": "#texture" },
        "north": { "uv": [ 7.5, 0, 8.5, 1 ], "texture": "#texture" },
        "south": { "uv": [ 7.5, 0, 8.5, 1 ], "texture": "#texture" },
        "west":  { "uv": [ 6.5, 0, 7.5, 1 ], "texture": "#texture" },
        "east":  { "uv": [ 6.5, 0, 7.5, 1 ], "texture": "#texture" }
    }
},
{
    "from": [ 5.25, 15.5, 4.75 ],
    "to": [ 10.75, 16, 8.75 ],
    "faces": {
        "down":  { "uv": [ 10.75, 8.75, 5.25, 4.75 ], "texture": "#spiderrobe" },
        "up":    { "uv": [ 5.25, 4.75, 10.75, 8.75 ], "texture": "#spiderrobe" },
        "north": { "uv": [ 5.25, 0, 10.75, 0.5 ], "texture": "#spiderrobe" },
        "south": { "uv": [ 5.25, 0, 10.75, 0.5 ], "texture": "#spiderrobe" },
        "west":  { "uv": [ 4.75, 0, 8.75, 0.5 ], "texture": "#spiderrobe" },
        "east":  { "uv": [ 7.25, 0, 11.25, 0.5 ], "texture": "#spiderrobe" }
    }
},
{
    "from": [ 5.5, 14, 5 ],
    "to": [ 10.5, 18.5, 8.5 ],
    "faces": {
        "down":  { "uv": [ 10.5, 8.5, 5.5, 5 ], "texture": "#spiderrobe2" },
        "up":    { "uv": [ 5.5, 5, 10.5, 8.5 ], "texture": "#spiderrobe2" },
        "north": { "uv": [ 5.5, 0, 10.5, 2 ], "texture": "#spiderrobe2" },
        "south": { "uv": [ 5.5, 0, 10.5, 2 ], "texture": "#spiderrobe2" },
        "west":  { "uv": [ 5, 0, 8.5, 2 ], "texture": "#spiderrobe2" },
        "east":  { "uv": [ 7.5, 0, 11, 2 ], "texture": "#spiderrobe2" }
    }
},
{
    "from": [ 12, 11.3635, 5.5 ],
    "to": [ 13.5, 16.8635, 7 ],
    "rotation": { "origin": [ 12, 16.8635, 5.5 ], "axis": "x", "angle": -22.5 },
    "faces": {
        "down":  { "uv": [ 3.5, 8, 1.5, 6 ], "texture": "#texture" },
        "up":    { "uv": [ 12.5, 6, 14.5, 8 ], "texture": "#texture" },
        "north": { "uv": [ 1.5, 0, 3.5, 5.5 ], "texture": "#texture" },
        "south": { "uv": [ 12.5, 0, 14.5, 5.5 ], "texture": "#texture" },
        "west":  { "uv": [ 6, 0, 8, 5.5 ], "texture": "#texture" },
        "east":  { "uv": [ 8, 0, 10, 5.5 ], "texture": "#texture" }
    }
},
{
    "from": [ 2.625, 11.0429, 8 ],
    "to": [ 4, 12.5429, 9 ],
    "rotation": { "origin": [ 2.625, 12.5429, 8 ], "axis": "x", "angle": -45 },
    "faces": {
        "down":  { "uv": [ 4, 10, 2.5, 9 ], "texture": "#texture" },
        "up":    { "uv": [ 12, 9, 13.5, 10 ], "texture": "#texture" },
        "north": { "uv": [ 2.5, 4, 4, 6.5 ], "texture": "#texture" },
        "south": { "uv": [ 12, 4, 13.5, 6.5 ], "texture": "#texture" },
        "west":  { "uv": [ 9, 4, 10, 6.5 ], "texture": "#texture" },
        "east":  { "uv": [ 6, 4, 7, 6.5 ], "texture": "#texture" }
    }
},
{
    "from": [ 2.625, 17.125, 5.25 ],
    "to": [ 6.625, 19.625, 7.75 ],
    "rotation": { "origin": [ 2.625, 19.625, 5.25 ], "axis": "z", "angle": -22.5 },
    "faces": {
        "down":  { "uv": [ 2.625, 5.25, 6.625, 7.75 ], "texture": "#spiderrobe2" },
        "up":    { "uv": [ 2.625, 5.25, 6.625, 7.75 ], "texture": "#spiderrobe2" },
        "north": { "uv": [ 2.625, 0, 6.625, 2.5 ], "texture": "#spiderrobe2" },
        "south": { "uv": [ 2.625, 0, 6.625, 2.5 ], "texture": "#spiderrobe2" },
        "west":  { "uv": [ 5.25, 0, 7.75, 2.5 ], "texture": "#spiderrobe2" },
        "east":  { "uv": [ 5.25, 0, 7.75, 2.5 ], "texture": "#spiderrobe2" }
    }
},
{
    "from": [ 2.5625, 7.5, 6.5 ],
    "to": [ 4.0625, 14, 7 ],
    "faces": {
        "down":  { "uv": [ 13.4375, 7, 11.9375, 6.5 ], "texture": "#spiderrobe" },
        "up":    { "uv": [ 2.5625, 6.5, 4.0625, 7 ], "texture": "#spiderrobe" },
        "north": { "uv": [ 11.9375, 2, 13.4375, 8.5 ], "texture": "#spiderrobe" },
        "south": { "uv": [ 2.5625, 2, 4.0625, 8.5 ], "texture": "#spiderrobe" },
        "west":  { "uv": [ 6.5, 2, 7, 8.5 ], "texture": "#spiderrobe" },
        "east":  { "uv": [ 9, 2, 9.5, 8.5 ], "texture": "#spiderrobe" }
    }
},
{
    "from": [ 11.6875, 13.5, 5.3125 ],
    "to": [ 13.6875, 17, 7.3125 ],
    "rotation": { "origin": [ 11.6875, 17, 5.3125 ], "axis": "x", "angle": -22.5 },
    "faces": {
        "down":  { "uv": [ 4.5, 5.5, 2.5, 4 ], "texture": "#spiderrobe2" },
        "up":    { "uv": [ 11.5, 4, 13.5, 5.5 ], "texture": "#spiderrobe2" },
        "north": { "uv": [ 2.5, 0, 4.5, 1.5 ], "texture": "#spiderrobe2" },
        "south": { "uv": [ 11.5, 0, 13.5, 1.5 ], "texture": "#spiderrobe2" },
        "west":  { "uv": [ 4, 0, 5.5, 1.5 ], "texture": "#spiderrobe2" },
        "east":  { "uv": [ 10.5, 0, 12, 1.5 ], "texture": "#spiderrobe2" }
    }
},
{
    "from": [ 12.1875, 6, 6.5 ],
    "to": [ 13.1875, 7.5, 7 ],
    "faces": {
        "down":  { "uv": [ 3.8125, 7, 2.8125, 6.5 ], "texture": "#spiderrobe" },
        "up":    { "uv": [ 12.1875, 6.5, 13.1875, 7 ], "texture": "#spiderrobe" },
        "north": { "uv": [ 2.8125, 8.5, 3.8125, 10 ], "texture": "#spiderrobe" },
        "south": { "uv": [ 12.1875, 8.5, 13.1875, 10 ], "texture": "#spiderrobe" },
        "west":  { "uv": [ 6.5, 8.5, 7, 10 ], "texture": "#spiderrobe" },
        "east":  { "uv": [ 9, 8.5, 9.5, 10 ], "texture": "#spiderrobe" }
    }
},
{
    "from": [ 12.6875, 5.5, 6.5 ],
    "to": [ 13.1875, 6, 7 ],
    "faces": {
        "down":  { "uv": [ 3.3125, 7, 2.8125, 6.5 ], "texture": "#spiderrobe" },
        "up":    { "uv": [ 12.6875, 6.5, 13.1875, 7 ], "texture": "#spiderrobe" },
        "north": { "uv": [ 2.8125, 10, 3.3125, 10.5 ], "texture": "#spiderrobe" },
        "south": { "uv": [ 12.6875, 10, 13.1875, 10.5 ], "texture": "#spiderrobe" },
        "west":  { "uv": [ 6.5, 10, 7, 10.5 ], "texture": "#spiderrobe" },
        "east":  { "uv": [ 9, 10, 9.5, 10.5 ], "texture": "#spiderrobe" }
    }
},
{
    "from": [ 12, 7.5, 6.5 ],
    "to": [ 13.5, 14, 7 ],
    "faces": {
        "down":  { "uv": [ 4, 7, 2.5, 6.5 ], "texture": "#spiderrobe" },
        "up":    { "uv": [ 12, 6.5, 13.5, 7 ], "texture": "#spiderrobe" },
        "north": { "uv": [ 2.5, 2, 4, 8.5 ], "texture": "#spiderrobe" },
        "south": { "uv": [ 12, 2, 13.5, 8.5 ], "texture": "#spiderrobe" },
        "west":  { "uv": [ 6.5, 2, 7, 8.5 ], "texture": "#spiderrobe" },
        "east":  { "uv": [ 9, 2, 9.5, 8.5 ], "texture": "#spiderrobe" }
    }
},
{
    "from": [ 2.5625, 11.426, 5.5 ],
    "to": [ 4.0625, 16.926, 7 ],
    "rotation": { "origin": [ 2.5625, 16.926, 5.5 ], "axis": "x", "angle": -22.5 },
    "faces": {
        "down":  { "uv": [ 3.5, 8, 1.5, 6 ], "texture": "#texture" },
        "up":    { "uv": [ 12.5, 6, 14.5, 8 ], "texture": "#texture" },
        "north": { "uv": [ 1.5, 0, 3.5, 5.5 ], "texture": "#texture" },
        "south": { "uv": [ 12.5, 0, 14.5, 5.5 ], "texture": "#texture" },
        "west":  { "uv": [ 6, 0, 8, 5.5 ], "texture": "#texture" },
        "east":  { "uv": [ 8, 0, 10, 5.5 ], "texture": "#texture" }
    }
},
{
    "from": [ 12.0625, 11.0429, 8 ],
    "to": [ 13.4375, 12.5429, 9 ],
    "rotation": { "origin": [ 12.0625, 12.5429, 8 ], "axis": "x", "angle": -45 },
    "faces": {
        "down":  { "uv": [ 4, 10, 2.5, 9 ], "texture": "#texture" },
        "up":    { "uv": [ 12, 9, 13.5, 10 ], "texture": "#texture" },
        "north": { "uv": [ 2.5, 4, 4, 6.5 ], "texture": "#texture" },
        "south": { "uv": [ 12, 4, 13.5, 6.5 ], "texture": "#texture" },
        "west":  { "uv": [ 9, 4, 10, 6.5 ], "texture": "#texture" },
        "east":  { "uv": [ 6, 4, 7, 6.5 ], "texture": "#texture" }
    }
},
{
    "from": [ 9.5, 15.5, 5.25 ],
    "to": [ 13.5, 18, 7.75 ],
    "rotation": { "origin": [ 9.5, 18, 5.25 ], "axis": "z", "angle": 22.5 },
    "faces": {
        "down":  { "uv": [ 9.5, 5.25, 13.5, 7.75 ], "texture": "#spiderrobe2" },
        "up":    { "uv": [ 9.5, 5.25, 13.5, 7.75 ], "texture": "#spiderrobe2" },
        "north": { "uv": [ 9.5, 0, 13.5, 2.5 ], "texture": "#spiderrobe2" },
        "south": { "uv": [ 9.5, 0, 13.5, 2.5 ], "texture": "#spiderrobe2" },
        "west":  { "uv": [ 5.25, 0, 7.75, 2.5 ], "texture": "#spiderrobe2" },
        "east":  { "uv": [ 5.25, 0, 7.75, 2.5 ], "texture": "#spiderrobe2" }
    }
},
{
    "from": [ 2.3125, 13.5, 5.3125 ],
    "to": [ 4.3125, 17, 7.3125 ],
    "rotation": { "origin": [ 2.3125, 17, 5.3125 ], "axis": "x", "angle": -22.5 },
    "faces": {
        "down":  { "uv": [ 4.5, 5.5, 2.5, 4 ], "texture": "#spiderrobe2" },
        "up":    { "uv": [ 11.5, 4, 13.5, 5.5 ], "texture": "#spiderrobe2" },
        "north": { "uv": [ 2.5, 0, 4.5, 1.5 ], "texture": "#spiderrobe2" },
        "south": { "uv": [ 11.5, 0, 13.5, 1.5 ], "texture": "#spiderrobe2" },
        "west":  { "uv": [ 4, 0, 5.5, 1.5 ], "texture": "#spiderrobe2" },
        "east":  { "uv": [ 10.5, 0, 12, 1.5 ], "texture": "#spiderrobe2" }
    }
},
{
    "from": [ 3.625, 9.55869, 9.25 ],
    "to": [ 4.125, 12.0587, 9.75 ],
    "rotation": { "origin": [ 3.625, 12.0587, 9.25 ], "axis": "x", "angle": -22.5 },
    "faces": {
        "down":  { "uv": [ 3.625, 9.25, 4.125, 9.75 ], "texture": "#texture" },
        "up":    { "uv": [ 3.625, 9.25, 4.125, 9.75 ], "texture": "#texture" },
        "north": { "uv": [ 3.625, 3.9375, 4.125, 6.375 ], "texture": "#texture" },
        "south": { "uv": [ 3.625, 3.9375, 4.125, 6.375 ], "texture": "#texture" },
        "west":  { "uv": [ 9.25, 3.9375, 9.75, 6.375 ], "texture": "#texture" },
        "east":  { "uv": [ 9.25, 3.9375, 9.75, 6.375 ], "texture": "#texture" }
    }
},
{
    "from": [ 2.5, 9.55869, 9.25 ],
    "to": [ 3, 12.0587, 9.75 ],
    "rotation": { "origin": [ 2.5, 12.0587, 9.25 ], "axis": "x", "angle": -22.5 },
    "faces": {
        "down":  { "uv": [ 2.5, 9.25, 3, 9.75 ], "texture": "#texture" },
        "up":    { "uv": [ 2.5, 9.25, 3, 9.75 ], "texture": "#texture" },
        "north": { "uv": [ 2.5, 3.9375, 3, 6.375 ], "texture": "#texture" },
        "south": { "uv": [ 2.5, 3.9375, 3, 6.375 ], "texture": "#texture" },
        "west":  { "uv": [ 9.25, 3.9375, 9.75, 6.375 ], "texture": "#texture" },
        "east":  { "uv": [ 9.25, 3.9375, 9.75, 6.375 ], "texture": "#texture" }
    }
},
{
    "from": [ 11.9375, 9.55869, 9.25 ],
    "to": [ 12.4375, 12.0587, 9.75 ],
    "rotation": { "origin": [ 11.9375, 12.0587, 9.25 ], "axis": "x", "angle": -22.5 },
    "faces": {
        "down":  { "uv": [ 11.9375, 9.25, 12.4375, 9.75 ], "texture": "#texture" },
        "up":    { "uv": [ 11.9375, 9.25, 12.4375, 9.75 ], "texture": "#texture" },
        "north": { "uv": [ 11.9375, 3.9375, 12.4375, 6.375 ], "texture": "#texture" },
        "south": { "uv": [ 11.9375, 3.9375, 12.4375, 6.375 ], "texture": "#texture" },
        "west":  { "uv": [ 9.25, 3.9375, 9.75, 6.375 ], "texture": "#texture" },
        "east":  { "uv": [ 9.25, 3.9375, 9.75, 6.375 ], "texture": "#texture" }
    }
},
{
    "from": [ 13.0625, 9.55869, 9.25 ],
    "to": [ 13.5625, 12.0587, 9.75 ],
    "rotation": { "origin": [ 13.0625, 12.0587, 9.25 ], "axis": "x", "angle": -22.5 },
    "faces": {
        "down":  { "uv": [ 13.0625, 9.25, 13.5625, 9.75 ], "texture": "#texture" },
        "up":    { "uv": [ 13.0625, 9.25, 13.5625, 9.75 ], "texture": "#texture" },
        "north": { "uv": [ 13.0625, 3.9375, 13.5625, 6.375 ], "texture": "#texture" },
        "south": { "uv": [ 13.0625, 3.9375, 13.5625, 6.375 ], "texture": "#texture" },
        "west":  { "uv": [ 9.25, 3.9375, 9.75, 6.375 ], "texture": "#texture" },
        "east":  { "uv": [ 9.25, 3.9375, 9.75, 6.375 ], "texture": "#texture" }
    }
},
{
    "from": [ 3.5625, 7, 6.5 ],
    "to": [ 4.0625, 7.5, 7 ],
    "faces": {
        "down":  { "uv": [ 12.4375, 7, 11.9375, 6.5 ], "texture": "#spiderrobe" },
        "up":    { "uv": [ 3.5625, 6.5, 4.0625, 7 ], "texture": "#spiderrobe" },
        "north": { "uv": [ 11.9375, 8.5, 12.4375, 9 ], "texture": "#spiderrobe" },
        "south": { "uv": [ 3.5625, 8.5, 4.0625, 9 ], "texture": "#spiderrobe" },
        "west":  { "uv": [ 6.5, 8.5, 7, 9 ], "texture": "#spiderrobe" },
        "east":  { "uv": [ 9, 8.5, 9.5, 9 ], "texture": "#spiderrobe" }
    }
},
{
    "from": [ 2.5625, 6, 6.5 ],
    "to": [ 3.0625, 7.5, 7 ],
    "faces": {
        "down":  { "uv": [ 13.4375, 7, 12.9375, 6.5 ], "texture": "#spiderrobe" },
        "up":    { "uv": [ 2.5625, 6.5, 3.0625, 7 ], "texture": "#spiderrobe" },
        "north": { "uv": [ 12.9375, 8.5, 13.4375, 10 ], "texture": "#spiderrobe" },
        "south": { "uv": [ 2.5625, 8.5, 3.0625, 10 ], "texture": "#spiderrobe" },
        "west":  { "uv": [ 6.5, 8.5, 7, 10 ], "texture": "#spiderrobe" },
        "east":  { "uv": [ 9, 8.5, 9.5, 10 ], "texture": "#spiderrobe" }
    }
},
{
    "from": [ 10, 4.79712, 5.25 ],
    "to": [ 11, 11.2971, 7.25 ],
    "rotation": { "origin": [ 10, 11.2971, 5.25 ], "axis": "x", "angle": -22.5 },
    "faces": {
        "down":  { "uv": [ 5, 5.25, 6, 7.25 ], "texture": "#spiderrobe2" },
        "up":    { "uv": [ 5, 5.25, 6, 7.25 ], "texture": "#spiderrobe2" },
        "north": { "uv": [ 5, 4.75, 6, 11.25 ], "texture": "#spiderrobe2" },
        "south": { "uv": [ 5, 4.75, 6, 11.25 ], "texture": "#spiderrobe2" },
        "west":  { "uv": [ 5, 4.5, 7, 11 ], "texture": "#spiderrobe2" },
        "east":  { "uv": [ 5, 4.5, 7, 11 ], "texture": "#spiderrobe2" }
    }
},
{
    "from": [ 5, 4.75, 5.25 ],
    "to": [ 6, 11.25, 7.25 ],
    "rotation": { "origin": [ 5, 11.25, 5.25 ], "axis": "x", "angle": -22.5 },
    "faces": {
        "down":  { "uv": [ 5, 5.25, 6, 7.25 ], "texture": "#spiderrobe2" },
        "up":    { "uv": [ 5, 5.25, 6, 7.25 ], "texture": "#spiderrobe2" },
        "north": { "uv": [ 5, 4.75, 6, 11.25 ], "texture": "#spiderrobe2" },
        "south": { "uv": [ 5, 4.75, 6, 11.25 ], "texture": "#spiderrobe2" },
        "west":  { "uv": [ 5, 4.5, 7, 11 ], "texture": "#spiderrobe2" },
        "east":  { "uv": [ 5, 4.5, 7, 11 ], "texture": "#spiderrobe2" }
    }
},
{
    "from": [ 8.5, 6, 5 ],
    "to": [ 10.5, 11, 5.5 ],
    "faces": {
        "down":  { "uv": [ 5.5, 5, 7.5, 5.5 ], "texture": "#spiderrobe2" },
        "up":    { "uv": [ 5.5, 5, 7.5, 5.5 ], "texture": "#spiderrobe2" },
        "north": { "uv": [ 5.5, 5, 7.5, 10 ], "texture": "#spiderrobe2" },
        "south": { "uv": [ 5.5, 5, 7.5, 10 ], "texture": "#spiderrobe2" },
        "west":  { "uv": [ 5, 5, 5.5, 10 ], "texture": "#spiderrobe2" },
        "east":  { "uv": [ 5, 5, 5.5, 10 ], "texture": "#spiderrobe2" }
    }
},
{
    "from": [ 5.5, 6, 5 ],
    "to": [ 7.5, 11, 5.5 ],
    "faces": {
        "down":  { "uv": [ 5.5, 5, 7.5, 5.5 ], "texture": "#spiderrobe2" },
        "up":    { "uv": [ 5.5, 5, 7.5, 5.5 ], "texture": "#spiderrobe2" },
        "north": { "uv": [ 5.5, 5, 7.5, 10 ], "texture": "#spiderrobe2" },
        "south": { "uv": [ 5.5, 5, 7.5, 10 ], "texture": "#spiderrobe2" },
        "west":  { "uv": [ 5, 5, 5.5, 10 ], "texture": "#spiderrobe2" },
        "east":  { "uv": [ 5, 5, 5.5, 10 ], "texture": "#spiderrobe2" }
    }
},
{
    "from": [ 7, 5.5, 4.6875 ],
    "to": [ 9, 11, 5.1875 ],
    "faces": {
        "down":  { "uv": [ 6.3125, 4.5, 7.8125, 5 ], "texture": "#spiderrobe" },
        "up":    { "uv": [ 6.3125, 4.5, 7.8125, 5 ], "texture": "#spiderrobe" },
        "north": { "uv": [ 6.3125, 5, 7.8125, 11 ], "texture": "#spiderrobe" },
        "south": { "uv": [ 6.3125, 5, 7.8125, 11 ], "texture": "#spiderrobe" },
        "west":  { "uv": [ 4.5, 5, 5, 11 ], "texture": "#spiderrobe" },
        "east":  { "uv": [ 4.5, 5, 5, 11 ], "texture": "#spiderrobe" }
    }
},
{
    "from": [ 7.5, 4.5, 4.6875 ],
    "to": [ 8.5, 5.5, 5.1875 ],
    "faces": {
        "down":  { "uv": [ 8.5, 5, 7.5, 4.5 ], "texture": "#spiderrobe" },
        "up":    { "uv": [ 7.5, 4.5, 8.5, 5 ], "texture": "#spiderrobe" },
        "north": { "uv": [ 7.5, 10.5, 8.5, 11.5 ], "texture": "#spiderrobe" },
        "south": { "uv": [ 7.5, 10.5, 8.5, 11.5 ], "texture": "#spiderrobe" },
        "west":  { "uv": [ 4.5, 10.5, 5, 11.5 ], "texture": "#spiderrobe" },
        "east":  { "uv": [ 11, 10.5, 11.5, 11.5 ], "texture": "#spiderrobe" }
    }
},
{
    "from": [ 7, 20, 5.5 ],
    "to": [ 9, 22.5, 8 ],
    "faces": {
        "down":  { "uv": [ 7, 5.5, 9, 8 ], "texture": "#texture" },
        "up":    { "uv": [ 7, 5.5, 9, 8 ], "texture": "#texture" },
        "north": { "uv": [ 7, 0, 9, 2.5 ], "texture": "#texture" },
        "south": { "uv": [ 7, 0, 9, 2.5 ], "texture": "#texture" },
        "west":  { "uv": [ 5.5, 0, 8, 2.5 ], "texture": "#texture" },
        "east":  { "uv": [ 5.5, 0, 8, 2.5 ], "texture": "#texture" }
    }
},
{
    "from": [ 5.1875, 20, 6.3125 ],
    "to": [ 7.1875, 22.5, 8.8125 ],
    "rotation": { "origin": [ 5.1875, 20, 6.3125 ], "axis": "y", "angle": 22.5 },
    "faces": {
        "down":  { "uv": [ 5.1875, 6.3125, 7.1875, 8.8125 ], "texture": "#texture" },
        "up":    { "uv": [ 5.1875, 6.3125, 7.1875, 8.8125 ], "texture": "#texture" },
        "north": { "uv": [ 5.1875, 0, 7.1875, 2.5 ], "texture": "#texture" },
        "south": { "uv": [ 5.1875, 0, 7.1875, 2.5 ], "texture": "#texture" },
        "west":  { "uv": [ 6.3125, 0, 8.8125, 2.5 ], "texture": "#texture" },
        "east":  { "uv": [ 6.3125, 0, 8.8125, 2.5 ], "texture": "#texture" }
    }
},
{
    "from": [ 9, 17, 8 ],
    "to": [ 10, 19.5, 9 ],
    "faces": {
        "down":  { "uv": [ 9, 8, 10, 9 ], "texture": "#spiderrobe" },
        "up":    { "uv": [ 9, 8, 10, 9 ], "texture": "#spiderrobe" },
        "north": { "uv": [ 9, 0, 10, 2.5 ], "texture": "#spiderrobe" },
        "south": { "uv": [ 9, 0, 10, 2.5 ], "texture": "#spiderrobe" },
        "west":  { "uv": [ 8, 0, 9, 2.5 ], "texture": "#spiderrobe" },
        "east":  { "uv": [ 8, 0, 9, 2.5 ], "texture": "#spiderrobe" }
    }
},
{
    "from": [ 8.9375, 20, 5.5 ],
    "to": [ 10.9375, 22.5, 8 ],
    "rotation": { "origin": [ 8.9375, 20, 5.5 ], "axis": "y", "angle": -22.5 },
    "faces": {
        "down":  { "uv": [ 8.9375, 5.5, 10.9375, 8 ], "texture": "#texture" },
        "up":    { "uv": [ 8.9375, 5.5, 10.9375, 8 ], "texture": "#texture" },
        "north": { "uv": [ 8.9375, 0, 10.9375, 2.5 ], "texture": "#texture" },
        "south": { "uv": [ 8.9375, 0, 10.9375, 2.5 ], "texture": "#texture" },
        "west":  { "uv": [ 5.5, 0, 8, 2.5 ], "texture": "#texture" },
        "east":  { "uv": [ 5.5, 0, 8, 2.5 ], "texture": "#texture" }
    }
},
{
    "from": [ 8.125, 19.3125, 7.6875 ],
    "to": [ 9.125, 20.8125, 8.6875 ],
    "faces": {
        "down":  { "uv": [ 8.125, 7.6875, 9.125, 8.6875 ], "texture": "#spiderlightskin" },
        "up":    { "uv": [ 8.125, 7.6875, 9.125, 8.6875 ], "texture": "#spiderlightskin" },
        "north": { "uv": [ 8.125, 0, 9.125, 1.5 ], "texture": "#spiderlightskin" },
        "south": { "uv": [ 8.125, 0, 9.125, 1.5 ], "texture": "#spiderlightskin" },
        "west":  { "uv": [ 7.6875, 0, 8.6875, 1.5 ], "texture": "#spiderlightskin" },
        "east":  { "uv": [ 7.6875, 0, 8.6875, 1.5 ], "texture": "#spiderlightskin" }
    }
},
{
    "from": [ 6.9375, 19.3125, 7.6875 ],
    "to": [ 7.9375, 20.8125, 8.6875 ],
    "faces": {
        "down":  { "uv": [ 6.9375, 7.6875, 7.9375, 8.6875 ], "texture": "#spiderlightskin" },
        "up":    { "uv": [ 6.9375, 7.6875, 7.9375, 8.6875 ], "texture": "#spiderlightskin" },
        "north": { "uv": [ 6.9375, 0, 7.9375, 1.5 ], "texture": "#spiderlightskin" },
        "south": { "uv": [ 6.9375, 0, 7.9375, 1.5 ], "texture": "#spiderlightskin" },
        "west":  { "uv": [ 7.6875, 0, 8.6875, 1.5 ], "texture": "#spiderlightskin" },
        "east":  { "uv": [ 7.6875, 0, 8.6875, 1.5 ], "texture": "#spiderlightskin" }
    }
},
{
    "from": [ 6.5, 21.6875, 6.8125 ],
    "to": [ 9.5, 24.1875, 9.3125 ],
    "rotation": { "origin": [ 6.5, 24.1875, 6.8125 ], "axis": "x", "angle": 45 },
    "faces": {
        "down":  { "uv": [ 9.5, 8, 6.5, 5.5 ], "texture": "#texture" },
        "up":    { "uv": [ 6.5, 5.5, 9.5, 8 ], "texture": "#texture" },
        "north": { "uv": [ 6.5, 0, 9.5, 0 ], "texture": "#texture" },
        "south": { "uv": [ 6.5, 0, 9.5, 0 ], "texture": "#texture" },
        "west":  { "uv": [ 5.5, 0, 8, 0 ], "texture": "#texture" },
        "east":  { "uv": [ 8, 0, 10.5, 0 ], "texture": "#texture" }
    }
},
{
    "from": [ 8.125, 21.0625, 7.5 ],
    "to": [ 8.875, 21.8125, 8.5 ],
    "faces": {
        "down":  { "uv": [ 6.5, 8, 7.5, 9 ], "texture": "#spidereye" },
        "up":    { "uv": [ 6.5, 8, 7.5, 9 ], "texture": "#spidereye" },
        "north": { "uv": [ 6.5, 0, 7.5, 1 ], "texture": "#spidereye" },
        "south": { "uv": [ 6.5, 0, 7.5, 1 ], "texture": "#spidereye" },
        "west":  { "uv": [ 8, 0, 9, 1 ], "texture": "#spidereye" },
        "east":  { "uv": [ 8, 0, 9, 1 ], "texture": "#spidereye" }
    }
},
{
    "from": [ 7.125, 21.0625, 7.5 ],
    "to": [ 7.875, 21.8125, 8.5 ],
    "faces": {
        "down":  { "uv": [ 6.5, 8, 7.5, 9 ], "texture": "#spidereye" },
        "up":    { "uv": [ 6.5, 8, 7.5, 9 ], "texture": "#spidereye" },
        "north": { "uv": [ 6.5, 0, 7.5, 1 ], "texture": "#spidereye" },
        "south": { "uv": [ 6.5, 0, 7.5, 1 ], "texture": "#spidereye" },
        "west":  { "uv": [ 8, 0, 9, 1 ], "texture": "#spidereye" },
        "east":  { "uv": [ 8, 0, 9, 1 ], "texture": "#spidereye" }
    }
},
{
    "from": [ 6.4375, 21.5, 7.5 ],
    "to": [ 6.9375, 22, 8.5 ],
    "faces": {
        "down":  { "uv": [ 6.4375, 7.5, 6.9375, 8.5 ], "texture": "#spidereye" },
        "up":    { "uv": [ 6.4375, 7.5, 6.9375, 8.5 ], "texture": "#spidereye" },
        "north": { "uv": [ 6.4375, 0, 6.9375, 0.5 ], "texture": "#spidereye" },
        "south": { "uv": [ 6.4375, 0, 6.9375, 0.5 ], "texture": "#spidereye" },
        "west":  { "uv": [ 7.5, 0, 8.5, 0.5 ], "texture": "#spidereye" },
        "east":  { "uv": [ 7.5, 0, 8.5, 0.5 ], "texture": "#spidereye" }
    }
},
{
    "from": [ 9.0625, 21.5, 7.5 ],
    "to": [ 9.5625, 22, 8.5 ],
    "faces": {
        "down":  { "uv": [ 9.0625, 7.5, 9.5625, 8.5 ], "texture": "#spidereye" },
        "up":    { "uv": [ 9.0625, 7.5, 9.5625, 8.5 ], "texture": "#spidereye" },
        "north": { "uv": [ 9.0625, 0, 9.5625, 0.5 ], "texture": "#spidereye" },
        "south": { "uv": [ 9.0625, 0, 9.5625, 0.5 ], "texture": "#spidereye" },
        "west":  { "uv": [ 7.5, 0, 8.5, 0.5 ], "texture": "#spidereye" },
        "east":  { "uv": [ 7.5, 0, 8.5, 0.5 ], "texture": "#spidereye" }
    }
},
{
    "from": [ 6.4375, 19.2714, 8.3125 ],
    "to": [ 6.9375, 20.2714, 8.8125 ],
    "rotation": { "origin": [ 6.4375, 20.2714, 8.3125 ], "axis": "x", "angle": -45 },
    "faces": {
        "down":  { "uv": [ 6.4375, 8.3125, 6.9375, 8.8125 ], "texture": "#bone" },
        "up":    { "uv": [ 6.4375, 8.3125, 6.9375, 8.8125 ], "texture": "#bone" },
        "north": { "uv": [ 6.4375, 0, 6.9375, 1 ], "texture": "#bone" },
        "south": { "uv": [ 6.4375, 0, 6.9375, 1 ], "texture": "#bone" },
        "west":  { "uv": [ 8.3125, 0, 8.8125, 1 ], "texture": "#bone" },
        "east":  { "uv": [ 8.3125, 0, 8.8125, 1 ], "texture": "#bone" }
    }
},
{
    "from": [ 9.0625, 19.25, 8.3125 ],
    "to": [ 9.5625, 20.25, 8.8125 ],
    "rotation": { "origin": [ 9.0625, 20.25, 8.3125 ], "axis": "x", "angle": -45 },
    "faces": {
        "down":  { "uv": [ 9.0625, 8.3125, 9.5625, 8.8125 ], "texture": "#bone" },
        "up":    { "uv": [ 9.0625, 8.3125, 9.5625, 8.8125 ], "texture": "#bone" },
        "north": { "uv": [ 9.0625, 0, 9.5625, 1 ], "texture": "#bone" },
        "south": { "uv": [ 9.0625, 0, 9.5625, 1 ], "texture": "#bone" },
        "west":  { "uv": [ 8.3125, 0, 8.8125, 1 ], "texture": "#bone" },
        "east":  { "uv": [ 8.3125, 0, 8.8125, 1 ], "texture": "#bone" }
    }
},
{
    "from": [ 5, 17.5, 3.5 ],
    "to": [ 11, 22, 4 ],
    "rotation": { "origin": [ 5, 22, 3.5 ], "axis": "x", "angle": -22.5 },
    "faces": {
        "down":  { "uv": [ 5, 3.5, 11, 4 ], "texture": "#spiderrobe2" },
        "up":    { "uv": [ 5, 3.5, 11, 4 ], "texture": "#spiderrobe2" },
        "north": { "uv": [ 5, 0, 11, 4.5 ], "texture": "#spiderrobe2" },
        "south": { "uv": [ 5, 0, 11, 4.5 ], "texture": "#spiderrobe2" },
        "west":  { "uv": [ 3.5, 0, 4, 4.5 ], "texture": "#spiderrobe2" },
        "east":  { "uv": [ 3.5, 0, 4, 4.5 ], "texture": "#spiderrobe2" }
    }
}
],
"display": {
    "head": {
        "rotation": [ 0, 180, 0 ],
        "translation": [ 0, -22, -3.78 ],
        "scale": [ 2.5, 2.5, 2.5 ]
    }
}
}