{
	"textures": {
		"0": "asurvival:mob/yeti"
	},
	"elements": [
		{
			"name": "head",
			"from": [5, 22, 4],
			"to": [11, 28, 10],
			"faces": {
				"north": {"uv": [12, 0, 16, 4.5], "texture": "#0"},
				"east": {"uv": [0, 0, 6, 6], "texture": "#0"},
				"south": {"uv": [0, 0, 6, 6], "texture": "#0"},
				"west": {"uv": [0, 0, 6, 6], "texture": "#0"},
				"up": {"uv": [0, 0, 6, 6], "texture": "#0"},
				"down": {"uv": [0, 0, 6, 6], "texture": "#0"}
			}
		},
		{
			"name": "body",
			"from": [3, 14, 5],
			"to": [13, 25, 11],
			"faces": {
				"north": {"uv": [0, 0, 10, 11], "texture": "#0"},
				"east": {"uv": [0, 0, 6, 11], "texture": "#0"},
				"south": {"uv": [0, 0, 10, 11], "texture": "#0"},
				"west": {"uv": [0, 0, 6, 11], "texture": "#0"},
				"up": {"uv": [0, 8, 10, 14], "texture": "#0"},
				"down": {"uv": [0, 7.5, 10, 13.5], "texture": "#0"}
			}
		},
		{
			"name": "body",
			"from": [4, 12, 6],
			"to": [12, 15, 10],
			"faces": {
				"north": {"uv": [0, 0, 8, 3], "texture": "#0"},
				"east": {"uv": [0, 0, 4, 3], "texture": "#0"},
				"south": {"uv": [0, 0, 8, 3], "texture": "#0"},
				"west": {"uv": [0, 0, 4, 3], "texture": "#0"},
				"up": {"uv": [0, 0, 8, 4], "texture": "#0"},
				"down": {"uv": [0, 0, 8, 4], "texture": "#0"}
			}
		},
		{
			"name": "arm",
			"from": [13, 11, 6],
			"to": [17, 24, 10],
			"faces": {
				"north": {"uv": [0, 0, 4, 13], "texture": "#0"},
				"east": {"uv": [0, 0, 4, 13], "texture": "#0"},
				"south": {"uv": [0, 0, 4, 13], "texture": "#0"},
				"west": {"uv": [0, 0, 4, 13], "texture": "#0"},
				"up": {"uv": [0, 0, 4, 4], "texture": "#0"},
				"down": {"uv": [0, 0, 4, 4], "texture": "#0"}
			}
		},
		{
			"name": "arm",
			"from": [-1, 11, 6],
			"to": [3, 24, 10],
			"faces": {
				"north": {"uv": [0, 0, 4, 13], "texture": "#0"},
				"east": {"uv": [0, 0, 4, 13], "texture": "#0"},
				"south": {"uv": [0, 0, 4, 13], "texture": "#0"},
				"west": {"uv": [0, 0, 4, 13], "texture": "#0"},
				"up": {"uv": [0, 0, 4, 4], "texture": "#0"},
				"down": {"uv": [0, 0, 4, 4], "texture": "#0"}
			}
		},
		{
			"name": "hand",
			"from": [-0.5, 10, 6.5],
			"to": [2.5, 11, 9.5],
			"faces": {
				"north": {"uv": [12.5, 13.5, 15.5, 14.5], "texture": "#0"},
				"east": {"uv": [12.5, 13.5, 15.5, 14.5], "texture": "#0"},
				"south": {"uv": [12.5, 13.5, 15.5, 14.5], "texture": "#0"},
				"west": {"uv": [12.5, 13.5, 15.5, 14.5], "texture": "#0"},
				"up": {"uv": [12.5, 13.5, 15.5, 14.5], "texture": "#0"},
				"down": {"uv": [12.5, 13.5, 15.5, 14.5], "texture": "#0"}
			}
		},
		{
			"name": "hand",
			"from": [13.5, 10, 6.5],
			"to": [16.5, 11, 9.5],
			"faces": {
				"north": {"uv": [12.5, 12.5, 15.5, 15.5], "texture": "#0"},
				"east": {"uv": [12.5, 12.5, 15.5, 15.5], "texture": "#0"},
				"south": {"uv": [12.5, 12.5, 15.5, 15.5], "texture": "#0"},
				"west": {"uv": [12.5, 12.5, 15.5, 15.5], "texture": "#0"},
				"up": {"uv": [12.5, 12.5, 15.5, 15.5], "texture": "#0"},
				"down": {"uv": [12.5, 12.5, 15.5, 15.5], "texture": "#0"}
			}
		},
		{
			"name": "leg",
			"from": [3.5, 0, 6],
			"to": [7.5, 12, 10],
			"faces": {
				"north": {"uv": [0, 0, 4, 12], "texture": "#0"},
				"east": {"uv": [0, 0, 4, 12], "texture": "#0"},
				"south": {"uv": [0, 0, 4, 12], "texture": "#0"},
				"west": {"uv": [0, 0, 4, 12], "texture": "#0"},
				"up": {"uv": [0, 0, 4, 4], "texture": "#0"},
				"down": {"uv": [0, 0, 4, 4], "texture": "#0"}
			}
		},
		{
			"name": "leg",
			"from": [8.5, 0, 6],
			"to": [12.5, 12, 10],
			"faces": {
				"north": {"uv": [0, 0, 4, 12], "texture": "#0"},
				"east": {"uv": [0, 0, 4, 12], "texture": "#0"},
				"south": {"uv": [0, 0, 4, 12], "texture": "#0"},
				"west": {"uv": [0, 0, 4, 12], "texture": "#0"},
				"up": {"uv": [0, 0, 4, 4], "texture": "#0"},
				"down": {"uv": [0, 0, 4, 4], "texture": "#0"}
			}
		},
		{
			"name": "toe",
			"from": [3.5, 0, 5],
			"to": [7.5, 1, 6],
			"faces": {
				"north": {"uv": [12, 15, 16, 16], "texture": "#0"},
				"east": {"uv": [12, 15, 16, 16], "texture": "#0"},
				"south": {"uv": [12, 15, 16, 16], "texture": "#0"},
				"west": {"uv": [12, 15, 16, 16], "texture": "#0"},
				"up": {"uv": [12, 15, 16, 16], "texture": "#0"},
				"down": {"uv": [12, 15, 16, 16], "texture": "#0"}
			}
		},
		{
			"name": "toe",
			"from": [8.5, 0, 5],
			"to": [12.5, 1, 6],
			"faces": {
				"north": {"uv": [12, 14, 16, 15], "texture": "#0"},
				"east": {"uv": [12, 14, 16, 15], "texture": "#0"},
				"south": {"uv": [12, 14, 16, 15], "texture": "#0"},
				"west": {"uv": [12, 14, 16, 15], "texture": "#0"},
				"up": {"uv": [12, 14, 16, 15], "texture": "#0"},
				"down": {"uv": [12, 14, 16, 15], "texture": "#0"}
			}
		}
	],
	"display": {
		"head": {
			"scale": [3, 3, 3],
			"translation": [0, -20.5, 0]
		}
	}
}