{"providers":[
{"type":"bitmap","file":"font/empty.png","ascent":-9000,"height":-3,"chars":[""]},{"type":"bitmap","file":"font/empty.png","ascent":-9000,"height":-4,"chars":[""]},{"type":"bitmap","file":"font/empty.png","ascent":-9000,"height":-5,"chars":[""]},{"type":"bitmap","file":"font/empty.png","ascent":-9000,"height":-6,"chars":[""]},{"type":"bitmap","file":"font/empty.png","ascent":-9000,"height":-7,"chars":[""]},{"type":"bitmap","file":"font/empty.png","ascent":-9000,"height":-8,"chars":[""]},{"type":"bitmap","file":"font/empty.png","ascent":-9000,"height":-9,"chars":[""]},{"type":"bitmap","file":"font/empty.png","ascent":-9000,"height":-10,"chars":[""]},{"type":"bitmap","file":"font/empty.png","ascent":-9000,"height":-18,"chars":[""]},{"type":"bitmap","file":"font/empty.png","ascent":-9000,"height":-34,"chars":[""]},{"type":"bitmap","file":"font/empty.png","ascent":-9000,"height":-66,"chars":[""]},{"type":"bitmap","file":"font/empty.png","ascent":-9000,"height":-130,"chars":[""]},{"type":"bitmap","file":"font/empty.png","ascent":-9000,"height":-258,"chars":[""]},{"type":"bitmap","file":"font/empty.png","ascent":-9000,"height":-514,"chars":[""]},{"type":"bitmap","file":"font/empty.png","ascent":-9000,"height":-1026,"chars":[""]},{"type":"bitmap","file":"font/empty.png","ascent":-9000,"height":0,"chars":[""]},{"type":"bitmap","file":"font/empty.png","ascent":-9000,"height":1,"chars":[""]},{"type":"bitmap","file":"font/empty.png","ascent":-9000,"height":2,"chars":[""]},{"type":"bitmap","file":"font/empty.png","ascent":-9000,"height":3,"chars":[""]},{"type":"bitmap","file":"font/empty.png","ascent":-9000,"height":4,"chars":[""]},{"type":"bitmap","file":"font/empty.png","ascent":-9000,"height":5,"chars":[""]},{"type":"bitmap","file":"font/empty.png","ascent":-9000,"height":6,"chars":[""]},{"type":"bitmap","file":"font/empty.png","ascent":-9000,"height":7,"chars":[""]},{"type":"bitmap","file":"font/empty.png","ascent":-9000,"height":15,"chars":[""]},{"type":"bitmap","file":"font/empty.png","ascent":-9000,"height":31,"chars":[""]},{"type":"bitmap","file":"font/empty.png","ascent":-9000,"height":63,"chars":[""]},{"type":"bitmap","file":"font/empty.png","ascent":-9000,"height":127,"chars":[""]},{"type":"bitmap","file":"font/empty.png","ascent":-9000,"height":255,"chars":[""]},{"type":"bitmap","file":"font/empty.png","ascent":-9000,"height":511,"chars":[""]},{"type":"bitmap","file":"font/empty.png","ascent":-9000,"height":1023,"chars":[""]},
{"type":"bitmap","file":"asurvival:font/icon/air.png","ascent":7,"chars":["\uE000"]},
{"type":"bitmap","file":"asurvival:font/icon/info.png","ascent":7,"chars":["\uE001"]},
{"type":"bitmap","file":"asurvival:font/icon/yes.png","ascent":7,"chars":["\uE002"]},
{"type":"bitmap","file":"asurvival:font/icon/no.png","ascent":7,"chars":["\uE003"]},

{"type":"bitmap","file":"asurvival:font/icon/armor_toughness.png","ascent":7,"chars":["\uE005"]},
{"type":"bitmap","file":"asurvival:font/icon/armor.png","ascent":7,"chars":["\uE006"]},
{"type":"bitmap","file":"asurvival:font/icon/attack_damage.png","ascent":7,"chars":["\uE007"]},
{"type":"bitmap","file":"asurvival:font/icon/attack_speed.png","ascent":7,"chars":["\uE008"]},
{"type":"bitmap","file":"asurvival:font/icon/helmet.png","ascent":7,"chars":["\uE009"]},
{"type":"bitmap","file":"asurvival:font/icon/chestplate.png","ascent":7,"chars":["\uE00A"]},
{"type":"bitmap","file":"asurvival:font/icon/leggings.png","ascent":7,"chars":["\uE00B"]},
{"type":"bitmap","file":"asurvival:font/icon/boots.png","ascent":7,"chars":["\uE00C"]},
{"type":"bitmap","file":"asurvival:font/icon/offhand.png","ascent":7,"chars":["\uE00D"]},
{"type":"bitmap","file":"asurvival:font/icon/food.png","ascent":7,"chars":["\uE00E"]},
{"type":"bitmap","file":"asurvival:font/icon/half_food.png","ascent":7,"chars":["\uE00F"]},
{"type":"bitmap","file":"asurvival:font/icon/hammer.png","ascent":7,"chars":["\uE010"]},
{"type":"bitmap","file":"asurvival:font/icon/durability.png","ascent":7,"chars":["\uE011"]},
{"type":"bitmap","file":"asurvival:font/icon/usage.png","ascent":7,"chars":["\uE012"]},
{"type":"bitmap","file":"asurvival:font/icon/broken.png","ascent":7,"chars":["\uE013"]},
{"type":"bitmap","file":"asurvival:font/icon/fire.png","ascent":7,"chars":["\uE014"]},
{"type":"bitmap","file":"asurvival:font/icon/slime.png","ascent":7,"chars":["\uE015"]},
{"type":"bitmap","file":"asurvival:gui/backpack.png","ascent":7,"chars":["\uE016"]},
{"type":"bitmap","file":"asurvival:font/effect/mining_fatigue.png","ascent":7,"chars":["\uE017"]},
{"type":"bitmap","file":"asurvival:font/icon/book.png","ascent":7,"chars":["\uE018"]},
{"type":"bitmap","file":"asurvival:font/icon/thirst.png","ascent":7,"chars":["\uE019"]},
{"type":"bitmap","file":"asurvival:font/icon/half_thirst.png","ascent":7,"chars":["\uE01A"]},
{"type":"bitmap","file":"asurvival:font/effect/thirst.png","ascent":7,"chars":["\uE01B"]},
{"type":"bitmap","file":"asurvival:font/effect/hypothermia.png","ascent":7,"chars":["\uE01C"]},
{"type":"bitmap","file":"asurvival:font/effect/hyperthermia.png","ascent":7,"chars":["\uE01D"]},
{"type":"bitmap","file":"asurvival:font/icon/ice_and_fire.png","ascent":7,"chars":["\uE01E"]},
{"type":"bitmap","file":"asurvival:font/effect/comfort.png","ascent":7,"chars":["\uE01F"]},
{"type":"bitmap","file":"asurvival:font/icon/nether.png","ascent":7,"chars":["\uE020"]},
{"type":"bitmap","file":"asurvival:font/icon/the_end.png","ascent":7,"chars":["\uE021"]},
{"type":"bitmap","file":"asurvival:font/icon/overworld.png","ascent":7,"chars":["\uE022"]},
{"type":"bitmap","file":"asurvival:font/icon/space.png","ascent":7,"chars":["\uE023"]},
{"type":"bitmap","file":"asurvival:gui/potions_bag.png","ascent":7,"chars":["\uE024"]},

{"type":"bitmap","file":"asurvival:font/effect/dehydration.png","ascent":7,"chars":["\uE029"]},
{"type":"bitmap","file":"asurvival:font/effect/itch.png","ascent":7,"chars":["\uE02A"]},
{"type":"bitmap","file":"asurvival:font/effect/drowning.png","ascent":7,"chars":["\uE02B"]},
{"type":"bitmap","file":"asurvival:font/effect/frostbite.png","ascent":7,"chars":["\uE02C"]},
{"type":"bitmap","file":"asurvival:font/effect/bribe.png","ascent":7,"chars":["\uE02D"]},
{"type":"bitmap","file":"asurvival:font/effect/heat_resistance.png","ascent":7,"chars":["\uE02E"]},
{"type":"bitmap","file":"asurvival:font/effect/cold_resistance.png","ascent":7,"chars":["\uE02F"]},
	
{"type":"bitmap","file":"asurvival:font/thirst/thirst.png","ascent":-15,"height":9,"chars":["\uE400"]},
{"type":"bitmap","file":"asurvival:font/thirst/thirst_half.png","ascent":-15,"height":9,"chars":["\uE401"]},
{"type":"bitmap","file":"asurvival:font/thirst/thirst_empty.png","ascent":-15,"height":9,"chars":["\uE402"]},
{"type":"bitmap","file":"asurvival:font/thirst/thirst.png","ascent":5,"height":9,"chars":["\uE403"]},
{"type":"bitmap","file":"asurvival:font/thirst/thirst_half.png","ascent":5,"height":9,"chars":["\uE404"]},
{"type":"bitmap","file":"asurvival:font/thirst/thirst_empty.png","ascent":5,"height":9,"chars":["\uE405"]},
{"type":"bitmap","file":"asurvival:font/temperature/freezing.png","ascent":-13,"height":16,"chars":["\uE406"]},
{"type":"bitmap","file":"asurvival:font/temperature/freezing.png","ascent":-15,"height":16,"chars":["\uE407"]},
{"type":"bitmap","file":"asurvival:font/temperature/burning.png","ascent":-13,"height":16,"chars":["\uE408"]},
{"type":"bitmap","file":"asurvival:font/temperature/burning.png","ascent":-15,"height":16,"chars":["\uE409"]},
{"type":"bitmap","file":"asurvival:font/temperature/ice_vignette1.png","ascent":1200,"height":2000,"chars":["\uE40A"]},
{"type":"bitmap","file":"asurvival:font/temperature/ice_vignette2.png","ascent":1200,"height":2000,"chars":["\uE40B"]},
{"type":"bitmap","file":"asurvival:font/temperature/ice_vignette3.png","ascent":1200,"height":2000,"chars":["\uE40C"]},
{"type":"bitmap","file":"asurvival:font/temperature/ice_vignette4.png","ascent":1200,"height":2000,"chars":["\uE40D"]},
{"type":"bitmap","file":"asurvival:font/temperature/ice_vignette5.png","ascent":1200,"height":2000,"chars":["\uE40E"]},
{"type":"bitmap","file":"asurvival:font/temperature/normal.png","ascent":-13,"height":16,"chars":["\uE40F"]},
{"type":"bitmap","file":"asurvival:font/temperature/1.png","ascent":-13,"height":16,"chars":["\uE410"]},
{"type":"bitmap","file":"asurvival:font/temperature/2.png","ascent":-13,"height":16,"chars":["\uE411"]},
{"type":"bitmap","file":"asurvival:font/temperature/3.png","ascent":-13,"height":16,"chars":["\uE412"]},
{"type":"bitmap","file":"asurvival:font/temperature/4.png","ascent":-13,"height":16,"chars":["\uE413"]},
{"type":"bitmap","file":"asurvival:font/temperature/5.png","ascent":-13,"height":16,"chars":["\uE414"]},
{"type":"bitmap","file":"asurvival:font/temperature/-1.png","ascent":-13,"height":16,"chars":["\uE415"]},
{"type":"bitmap","file":"asurvival:font/temperature/-2.png","ascent":-13,"height":16,"chars":["\uE416"]},
{"type":"bitmap","file":"asurvival:font/temperature/-3.png","ascent":-13,"height":16,"chars":["\uE417"]},
{"type":"bitmap","file":"asurvival:font/temperature/-4.png","ascent":-13,"height":16,"chars":["\uE418"]},
{"type":"bitmap","file":"asurvival:font/temperature/-5.png","ascent":-13,"height":16,"chars":["\uE419"]},
{"type":"bitmap","file":"asurvival:font/temperature/fire_vignette1.png","ascent":1200,"height":2000,"chars":["\uE41A"]},
{"type":"bitmap","file":"asurvival:font/temperature/fire_vignette2.png","ascent":1200,"height":2000,"chars":["\uE41B"]},
{"type":"bitmap","file":"asurvival:font/temperature/fire_vignette3.png","ascent":1200,"height":2000,"chars":["\uE41C"]},
{"type":"bitmap","file":"asurvival:font/temperature/fire_vignette4.png","ascent":1200,"height":2000,"chars":["\uE41D"]},
{"type":"bitmap","file":"asurvival:font/temperature/fire_vignette5.png","ascent":1200,"height":2000,"chars":["\uE41E"]},

{"type":"bitmap","file":"asurvival:font/heart/cold_heart.png","ascent":-27,"height":7,"chars":["\uE488"]},
{"type":"bitmap","file":"asurvival:font/heart/cold_heart_half.png","ascent":-27,"height":7,"chars":["\uE489"]},
{"type":"bitmap","file":"asurvival:font/heart/fire_heart_1.png","ascent":-27,"height":7,"chars":["\uE48A"]},
{"type":"bitmap","file":"asurvival:font/heart/fire_heart_2.png","ascent":-27,"height":7,"chars":["\uE48B"]},
{"type":"bitmap","file":"asurvival:font/heart/fire_heart_3.png","ascent":-27,"height":7,"chars":["\uE48C"]},
{"type":"bitmap","file":"asurvival:font/heart/fire_heart_half_1.png","ascent":-27,"height":7,"chars":["\uE48D"]},
{"type":"bitmap","file":"asurvival:font/heart/fire_heart_half_2.png","ascent":-27,"height":7,"chars":["\uE48E"]},
{"type":"bitmap","file":"asurvival:font/heart/fire_heart_half_3.png","ascent":-27,"height":7,"chars":["\uE48F"]},
{"type":"bitmap","file":"asurvival:font/heart/empty_heart.png","ascent":-27,"height":7,"chars":["\uE490"]},
{"type":"bitmap","file":"asurvival:font/thirst/thirst_poisoned.png","ascent":-15,"height":9,"chars":["\uE491"]},
{"type":"bitmap","file":"asurvival:font/thirst/thirst_half_poisoned.png","ascent":-15,"height":9,"chars":["\uE492"]},
{"type":"bitmap","file":"asurvival:font/thirst/thirst_poisoned.png","ascent":5,"height":9,"chars":["\uE493"]},
{"type":"bitmap","file":"asurvival:font/thirst/thirst_half_poisoned.png","ascent":5,"height":9,"chars":["\uE494"]},
{"type":"bitmap","file":"asurvival:font/nutrition/back.png","ascent":9,"height":10,"chars":["\uE495"]},
{"type":"bitmap","file":"asurvival:font/nutrition/dairy.png","ascent":8,"height":9,"chars":["\uE496"]},
{"type":"bitmap","file":"asurvival:font/nutrition/fruit.png","ascent":8,"height":9,"chars":["\uE497"]},
{"type":"bitmap","file":"asurvival:font/nutrition/grain.png","ascent":8,"height":9,"chars":["\uE498"]},
{"type":"bitmap","file":"asurvival:font/nutrition/protein.png","ascent":8,"height":9,"chars":["\uE499"]},
{"type":"bitmap","file":"asurvival:font/nutrition/vegetable.png","ascent":8,"height":9,"chars":["\uE49A"]},
{"type":"bitmap","file":"asurvival:font/nutrition/infection.png","ascent":8,"height":9,"chars":["\uE49B"]},
{"type":"bitmap","file":"asurvival:font/nutrition/vampirism.png","ascent":8,"height":9,"chars":["\uE49C"]},
{"type":"bitmap","file":"asurvival:font/menu/bloomery.png","ascent":13,"height":72,"chars":["\uE49D"]},
{"type":"bitmap","file":"asurvival:font/menu/blast_furnace.png","ascent":13,"height":108,"chars":["\uE49E"]},
{"type":"bitmap","file":"asurvival:font/menu/equipment.png","ascent":13,"height":126,"chars":["\uE49F"]},
{"type":"bitmap","file":"asurvival:font/gui/lava_0.png","ascent":-71,"height":2,"chars":["\uE4A0"]},
{"type":"bitmap","file":"asurvival:font/gui/lava_1.png","ascent":-68,"height":5,"chars":["\uE4A1"]},
{"type":"bitmap","file":"asurvival:font/gui/lava_2.png","ascent":-63,"height":10,"chars":["\uE4A2"]},
{"type":"bitmap","file":"asurvival:font/gui/lava_3.png","ascent":-58,"height":15,"chars":["\uE4A3"]},
{"type":"bitmap","file":"asurvival:font/gui/lava_4.png","ascent":-53,"height":20,"chars":["\uE4A4"]},
{"type":"bitmap","file":"asurvival:font/gui/lava_5.png","ascent":-48,"height":25,"chars":["\uE4A5"]},
{"type":"bitmap","file":"asurvival:font/gui/lava_6.png","ascent":-43,"height":30,"chars":["\uE4A6"]},
{"type":"bitmap","file":"asurvival:font/gui/lava_7.png","ascent":-38,"height":35,"chars":["\uE4A7"]},
{"type":"bitmap","file":"asurvival:font/gui/lava_8.png","ascent":-33,"height":40,"chars":["\uE4A8"]},
{"type":"bitmap","file":"asurvival:font/gui/lava_9.png","ascent":-28,"height":45,"chars":["\uE4A9"]},

{"type":"bitmap","file":"font/emojis/grinning.png","ascent":7,"chars":["😀"]},
{"type":"bitmap","file":"font/emojis/smiley.png","ascent":7,"chars":["😃"]},
{"type":"bitmap","file":"font/emojis/smile.png","ascent":7,"chars":["😄"]},
{"type":"bitmap","file":"font/emojis/grin.png","ascent":7,"chars":["😁"]},
{"type":"bitmap","file":"font/emojis/laughing.png","ascent":7,"chars":["😆"]},
{"type":"bitmap","file":"font/emojis/sweat_smile.png","ascent":7,"chars":["😅"]},
{"type":"bitmap","file":"font/emojis/rofl.png","ascent":7,"chars":["🤣"]},
{"type":"bitmap","file":"font/emojis/joy.png","ascent":7,"chars":["😂"]},
{"type":"bitmap","file":"font/emojis/slight_smile.png","ascent":7,"chars":["🙂"]},
{"type":"bitmap","file":"font/emojis/upside_down.png","ascent":7,"chars":["🙃"]},
{"type":"bitmap","file":"font/emojis/wink.png","ascent":7,"chars":["😉"]},
{"type":"bitmap","file":"font/emojis/blush.png","ascent":7,"chars":["😊"]},
{"type":"bitmap","file":"font/emojis/innocent.png","ascent":7,"chars":["😇"]},
{"type":"bitmap","file":"font/emojis/smiling_face_with_3_hearts.png","ascent":7,"chars":["🥰"]},
{"type":"bitmap","file":"font/emojis/heart_eyes.png","ascent":7,"chars":["😍"]},
{"type":"bitmap","file":"font/emojis/star_struck.png","ascent":7,"chars":["🤩"]},
{"type":"bitmap","file":"font/emojis/kissing_heart.png","ascent":7,"chars":["😘"]},
{"type":"bitmap","file":"font/emojis/kissing.png","ascent":7,"chars":["😗"]},
{"type":"bitmap","file":"font/emojis/kissing_closed_eyes.png","ascent":7,"chars":["😚"]},
{"type":"bitmap","file":"font/emojis/kissing_smiling_eyes.png","ascent":7,"chars":["😙"]},
{"type":"bitmap","file":"font/emojis/yum.png","ascent":7,"chars":["😋"]},
{"type":"bitmap","file":"font/emojis/stuck_out_tongue.png","ascent":7,"chars":["😛"]},
{"type":"bitmap","file":"font/emojis/stuck_out_tongue_winking_eye.png","ascent":7,"chars":["😜"]},
{"type":"bitmap","file":"font/emojis/zany_face.png","ascent":7,"chars":["🤪"]},
{"type":"bitmap","file":"font/emojis/stuck_out_tongue_closed_eyes.png","ascent":7,"chars":["😝"]},
{"type":"bitmap","file":"font/emojis/money_mouth.png","ascent":7,"chars":["🤑"]},
{"type":"bitmap","file":"font/emojis/hugging.png","ascent":7,"chars":["🤗"]},
{"type":"bitmap","file":"font/emojis/face_with_hand_over_mouth.png","ascent":7,"chars":["🤭"]},
{"type":"bitmap","file":"font/emojis/shushing_face.png","ascent":7,"chars":["🤫"]},
{"type":"bitmap","file":"font/emojis/thinking.png","ascent":7,"chars":["🤔"]},
{"type":"bitmap","file":"font/emojis/zipper_mouth.png","ascent":7,"chars":["🤐"]},
{"type":"bitmap","file":"font/emojis/face_with_raised_eyebrow.png","ascent":7,"chars":["🤨"]},
{"type":"bitmap","file":"font/emojis/neutral_face.png","ascent":7,"chars":["😐"]},
{"type":"bitmap","file":"font/emojis/expressionless.png","ascent":7,"chars":["😑"]},
{"type":"bitmap","file":"font/emojis/no_mouth.png","ascent":7,"chars":["😶"]},
{"type":"bitmap","file":"font/emojis/smirk.png","ascent":7,"chars":["😏"]},
{"type":"bitmap","file":"font/emojis/unamused.png","ascent":7,"chars":["😒"]},
{"type":"bitmap","file":"font/emojis/rolling_eyes.png","ascent":7,"chars":["🙄"]},
{"type":"bitmap","file":"font/emojis/grimacing.png","ascent":7,"chars":["😬"]},
{"type":"bitmap","file":"font/emojis/lying_face.png","ascent":7,"chars":["🤥"]},
{"type":"bitmap","file":"font/emojis/relieved.png","ascent":7,"chars":["😌"]},
{"type":"bitmap","file":"font/emojis/pensive.png","ascent":7,"chars":["😔"]},
{"type":"bitmap","file":"font/emojis/sleepy.png","ascent":7,"chars":["😪"]},
{"type":"bitmap","file":"font/emojis/drooling_face.png","ascent":7,"chars":["🤤"]},
{"type":"bitmap","file":"font/emojis/sleeping.png","ascent":7,"chars":["😴"]},
{"type":"bitmap","file":"font/emojis/mask.png","ascent":7,"chars":["😷"]},
{"type":"bitmap","file":"font/emojis/thermometer_face.png","ascent":7,"chars":["🤒"]},
{"type":"bitmap","file":"font/emojis/head_bandage.png","ascent":7,"chars":["🤕"]},
{"type":"bitmap","file":"font/emojis/nauseated_face.png","ascent":7,"chars":["🤢"]},
{"type":"bitmap","file":"font/emojis/face_vomiting.png","ascent":7,"chars":["🤮"]},
{"type":"bitmap","file":"font/emojis/sneezing_face.png","ascent":7,"chars":["🤧"]},
{"type":"bitmap","file":"font/emojis/hot_face.png","ascent":7,"chars":["🥵"]},
{"type":"bitmap","file":"font/emojis/cold_face.png","ascent":7,"chars":["🥶"]},
{"type":"bitmap","file":"font/emojis/woozy_face.png","ascent":7,"chars":["🥴"]},
{"type":"bitmap","file":"font/emojis/dizzy_face.png","ascent":7,"chars":["😵"]},
{"type":"bitmap","file":"font/emojis/exploding_head.png","ascent":7,"chars":["🤯"]},
{"type":"bitmap","file":"font/emojis/cowboy.png","ascent":7,"chars":["🤠"]},
{"type":"bitmap","file":"font/emojis/partying_face.png","ascent":7,"chars":["🥳"]},
{"type":"bitmap","file":"font/emojis/sunglasses.png","ascent":7,"chars":["😎"]},
{"type":"bitmap","file":"font/emojis/nerd.png","ascent":7,"chars":["🤓"]},
{"type":"bitmap","file":"font/emojis/face_with_monocle.png","ascent":7,"chars":["🧐"]},
{"type":"bitmap","file":"font/emojis/confused.png","ascent":7,"chars":["😕"]},
{"type":"bitmap","file":"font/emojis/worried.png","ascent":7,"chars":["😟"]},
{"type":"bitmap","file":"font/emojis/slight_frown.png","ascent":7,"chars":["🙁"]},
{"type":"bitmap","file":"font/emojis/open_mouth.png","ascent":7,"chars":["😮"]},
{"type":"bitmap","file":"font/emojis/hushed.png","ascent":7,"chars":["😯"]},
{"type":"bitmap","file":"font/emojis/astonished.png","ascent":7,"chars":["😲"]},
{"type":"bitmap","file":"font/emojis/flushed.png","ascent":7,"chars":["😳"]},
{"type":"bitmap","file":"font/emojis/pleading_face.png","ascent":7,"chars":["🥺"]},
{"type":"bitmap","file":"font/emojis/frowning.png","ascent":7,"chars":["😦"]},
{"type":"bitmap","file":"font/emojis/anguished.png","ascent":7,"chars":["😧"]},
{"type":"bitmap","file":"font/emojis/fearful.png","ascent":7,"chars":["😨"]},
{"type":"bitmap","file":"font/emojis/cold_sweat.png","ascent":7,"chars":["😰"]},
{"type":"bitmap","file":"font/emojis/disappointed_relieved.png","ascent":7,"chars":["😥"]},
{"type":"bitmap","file":"font/emojis/cry.png","ascent":7,"chars":["😢"]},
{"type":"bitmap","file":"font/emojis/sob.png","ascent":7,"chars":["😭"]},
{"type":"bitmap","file":"font/emojis/scream.png","ascent":7,"chars":["😱"]},
{"type":"bitmap","file":"font/emojis/confounded.png","ascent":7,"chars":["😖"]},
{"type":"bitmap","file":"font/emojis/persevere.png","ascent":7,"chars":["😣"]},
{"type":"bitmap","file":"font/emojis/disappointed.png","ascent":7,"chars":["😞"]},
{"type":"bitmap","file":"font/emojis/sweat.png","ascent":7,"chars":["😓"]},
{"type":"bitmap","file":"font/emojis/weary.png","ascent":7,"chars":["😩"]},
{"type":"bitmap","file":"font/emojis/tired_face.png","ascent":7,"chars":["😫"]},
{"type":"bitmap","file":"font/emojis/yawning_face.png","ascent":7,"chars":["🥱"]},
{"type":"bitmap","file":"font/emojis/triumph.png","ascent":7,"chars":["😤"]},
{"type":"bitmap","file":"font/emojis/rage.png","ascent":7,"chars":["😡"]},
{"type":"bitmap","file":"font/emojis/angry.png","ascent":7,"chars":["😠"]},
{"type":"bitmap","file":"font/emojis/face_with_symbols_over_mouth.png","ascent":7,"chars":["🤬"]},
{"type":"bitmap","file":"font/emojis/smiling_imp.png","ascent":7,"chars":["😈"]},
{"type":"bitmap","file":"font/emojis/imp.png","ascent":7,"chars":["👿"]},
{"type":"bitmap","file":"font/emojis/skull.png","ascent":7,"chars":["💀"]},
{"type":"bitmap","file":"font/emojis/poo.png","ascent":7,"chars":["💩"]},
{"type":"bitmap","file":"font/emojis/clown.png","ascent":7,"chars":["🤡"]},
{"type":"bitmap","file":"font/emojis/japanese_ogre.png","ascent":7,"chars":["👹"]},
{"type":"bitmap","file":"font/emojis/japanese_goblin.png","ascent":7,"chars":["👺"]},
{"type":"bitmap","file":"font/emojis/ghost.png","ascent":7,"chars":["👻"]},
{"type":"bitmap","file":"font/emojis/alien.png","ascent":7,"chars":["👽"]},
{"type":"bitmap","file":"font/emojis/space_invader.png","ascent":7,"chars":["👾"]},
{"type":"bitmap","file":"font/emojis/robot.png","ascent":7,"chars":["🤖"]},
{"type":"bitmap","file":"font/emojis/jack_o_lantern.png","ascent":7,"chars":["🎃"]},
{"type":"bitmap","file":"font/emojis/broken_heart.png","ascent":7,"chars":["💔"]},
{"type":"bitmap","file":"font/emojis/wave.png","ascent":7,"chars":["👋"]},
{"type":"bitmap","file":"font/emojis/raised_back_of_hand.png","ascent":7,"chars":["🤚"]},
{"type":"bitmap","file":"font/emojis/hand.png","ascent":7,"chars":["✋"]},
{"type":"bitmap","file":"font/emojis/vulcan.png","ascent":7,"chars":["🖖"]},
{"type":"bitmap","file":"font/emojis/ok_hand.png","ascent":7,"chars":["👌"]},
{"type":"bitmap","file":"font/emojis/pinching_hand.png","ascent":7,"chars":["🤏"]},
{"type":"bitmap","file":"font/emojis/fingers_crossed.png","ascent":7,"chars":["🤞"]},
{"type":"bitmap","file":"font/emojis/love_you_gesture.png","ascent":7,"chars":["🤟"]},
{"type":"bitmap","file":"font/emojis/1.png","ascent":7,"chars":["👍"]},
{"type":"bitmap","file":"font/emojis/-1.png","ascent":7,"chars":["👎"]},
{"type":"bitmap","file":"font/emojis/eyes.png","ascent":7,"chars":["👀"]},
{"type":"bitmap","file":"font/emojis/punch.png","ascent":7,"chars":["👊"]},
{"type":"bitmap","file":"font/emojis/kiss.png","ascent":7,"chars":["💋"]},
{"type":"bitmap","file":"font/emojis/v.png","ascent":7,"chars":["✌"]},
{"type":"bitmap","file":"font/emojis/relaxed.png","ascent":7,"chars":["☺"]},
{"type":"bitmap","file":"font/emojis/frowning2.png","ascent":7,"chars":["☹"]},
{"type":"bitmap","file":"font/emojis/skull_crossbones.png","ascent":7,"chars":["☠"]},
{"type":"bitmap","file":"font/emojis/hand_splayed.png","ascent":7,"chars":["🖐"]},
{"type":"bitmap","file":"font/emojis/heart.png","ascent":7,"chars":["❤"]},

{"type":"bitmap","file":"font/emojis/_discord.png","ascent":7,"chars":["\uE100"]},
{"type":"bitmap","file":"font/emojis/_ahegao.png","ascent":7,"chars":["\uE101"]},
{"type":"bitmap","file":"font/emojis/_kawaii.png","ascent":7,"chars":["\uE102"]},
{"type":"bitmap","file":"font/emojis/_facepalm.png","ascent":7,"chars":["\uE103"]},
{"type":"bitmap","file":"font/emojis/_maniacal.png","ascent":7,"chars":["\uE104"]},
{"type":"bitmap","file":"font/emojis/_uwu.png","ascent":7,"chars":["\uE105"]},
{"type":"bitmap","file":"font/emojis/_coy.png","ascent":7,"chars":["\uE106"]},
{"type":"bitmap","file":"font/emojis/man_shrugging.png","ascent":7,"chars":["\uE107"]},
{"type":"bitmap","file":"font/emojis/woman_shrugging.png","ascent":7,"chars":["\uE108"]},

{"type":"bitmap","file":"item/totem_of_undying.png","ascent":7,"chars":["\uE500"]},
{"type":"bitmap","file":"item/oak_boat.png","ascent":7,"chars":["\uE501"]},
{"type":"bitmap","file":"item/minecart.png","ascent":7,"chars":["\uE502"]},
{"type":"bitmap","file":"item/clock_00.png","ascent":7,"chars":["\uE503"]},
{"type":"bitmap","file":"item/compass_31.png","ascent":7,"chars":["\uE504"]},
{"type":"bitmap","file":"item/elytra.png","ascent":7,"chars":["\uE505"]},
{"type":"bitmap","file":"item/turtle_egg.png","ascent":7,"chars":["\uE506"]},
{"type":"bitmap","file":"item/wooden_sword.png","ascent":7,"chars":["\uE507"]},
{"type":"bitmap","file":"item/stone_axe.png","ascent":7,"chars":["\uE508"]},
{"type":"bitmap","file":"item/golden_axe.png","ascent":7,"chars":["\uE509"]},
{"type":"bitmap","file":"item/bow.png","ascent":7,"chars":["\uE50A"]},
{"type":"bitmap","file":"item/arrow.png","ascent":7,"chars":["\uE50B"]},
{"type":"bitmap","file":"block/torch.png","ascent":7,"chars":["\uE50C"]},
{"type":"bitmap","file":"item/crossbow_standby.png","ascent":7,"chars":["\uE50D"]},
{"type":"bitmap","file":"item/stone_shovel.png","ascent":7,"chars":["\uE50E"]},
{"type":"bitmap","file":"item/golden_shovel.png","ascent":7,"chars":["\uE50F"]},
{"type":"bitmap","file":"item/stone_hoe.png","ascent":7,"chars":["\uE510"]},
{"type":"bitmap","file":"item/golden_hoe.png","ascent":7,"chars":["\uE511"]},
{"type":"bitmap","file":"asurvival:item/quiver.png","ascent":7,"chars":["\uE512"]},
{"type":"bitmap","file":"item/stone_pickaxe.png","ascent":7,"chars":["\uE513"]},
{"type":"bitmap","file":"item/golden_pickaxe.png","ascent":7,"chars":["\uE514"]},
{"type":"bitmap","file":"item/shears.png","ascent":7,"chars":["\uE515"]},
{"type":"bitmap","file":"item/stone_sword.png","ascent":7,"chars":["\uE516"]},
{"type":"bitmap","file":"item/structure_void.png","ascent":7,"chars":["\uE517"]},
{"type":"bitmap","file":"item/flint_and_steel.png","ascent":7,"chars":["\uE518"]},
{"type":"bitmap","file":"asurvival:item/gloves/leather_gloves.png","ascent":7,"chars":["\uE519"]},
{"type":"bitmap","file":"asurvival:item/gloves/golden_gloves.png","ascent":7,"chars":["\uE51A"]},
{"type":"bitmap","file":"asurvival:font/gui/ender_scroll.png","ascent":7,"chars":["\uE51B"]},
{"type":"bitmap","file":"asurvival:item/portable_crafter.png","ascent":7,"chars":["\uE51C"]},
{"type":"bitmap","file":"asurvival:item/thermometer.png","ascent":7,"chars":["\uE51D"]},
{"type":"bitmap","file":"mob_effect/night_vision.png","ascent":7,"chars":["\uE51E"]},
{"type":"bitmap","file":"item/golden_sword.png","ascent":7,"chars":["\uE51F"]},
{"type":"bitmap","file":"item/potion.png","ascent":7,"chars":["\uE520"]},
{"type":"bitmap","file":"item/fishing_rod.png","ascent":7,"chars":["\uE521"]},
{"type":"bitmap","file":"mob_effect/jump_boost.png","ascent":7,"chars":["\uE522"]},
{"type":"bitmap","file":"item/milk_bucket.png","ascent":7,"chars":["\uE523"]},
{"type":"bitmap","file":"item/apple.png","ascent":7,"chars":["\uE524"]},
{"type":"bitmap","file":"item/wheat.png","ascent":7,"chars":["\uE525"]},
{"type":"bitmap","file":"item/cooked_beef.png","ascent":7,"chars":["\uE526"]},
{"type":"bitmap","file":"item/carrot.png","ascent":7,"chars":["\uE527"]},
{"type":"bitmap","file":"item/rotten_flesh.png","ascent":7,"chars":["\uE528"]},
{"type":"bitmap","file":"item/beetroot_soup.png","ascent":7,"chars":["\uE529"]}
]}