{"textures":{"0":"asurvival:mobs/cave_dweller"},"elements":[{"from":[4,12,6],"to":[12,24,10],"faces":{"north":{"uv":[5,5,7,8],"texture":"#0"},"east":{"uv":[4,5,5,8],"texture":"#0"},"south":{"uv":[8,5,10,8],"texture":"#0"},"west":{"uv":[7,5,8,8],"texture":"#0"},"up":{"uv":[5,4,7,5],"texture":"#0"},"down":{"uv":[7,4,9,5],"texture":"#0"}}},{"from":[4,0,6],"to":[8,12,10],"faces":{"north":{"uv":[1,5,2,8],"texture":"#0"},"east":{"uv":[2,5,3,8],"texture":"#0"},"south":{"uv":[3,5,4,8],"texture":"#0"},"west":{"uv":[0,5,1,8],"texture":"#0"},"up":{"uv":[1,4,2,5],"texture":"#0"},"down":{"uv":[2.25,7.5,3,8],"texture":"#0"}}},{"from":[8,0,6],"to":[12,12,10],"faces":{"north":{"uv":[1,5,2,8],"texture":"#0"},"east":{"uv":[0,5,1,8],"texture":"#0"},"south":{"uv":[3,5,4,8],"texture":"#0"},"west":{"uv":[0,5,1,8],"texture":"#0"},"up":{"uv":[1,4,2,5],"texture":"#0"},"down":{"uv":[2.25,7.5,3,8],"texture":"#0"}}}],"display":{"head":{"translation":[0,-68,0],"scale":[1.6,1.6,1.6]}}}