{"textures":{"0":"asurvival:mobs/cave_dweller"},"elements":[{"from":[3.9,23.8,3.8],"to":[12.1,32,12.1],"faces":{"north":{"uv":[12,2,14,4],"texture":"#0"},"east":{"uv":[3.75,8.25,5.75,10.25],"texture":"#0"},"south":{"uv":[14,0,16,2],"texture":"#0"},"west":{"uv":[14,2,16,4],"texture":"#0"},"up":{"uv":[12,0,14,2],"texture":"#0"},"down":{"uv":[4,0,6,2],"texture":"#0"}}},{"from":[4,23.9,4],"to":[12,31.9,12],"faces":{"north":{"uv":[2,2,4,4],"texture":"#0"},"east":{"uv":[0,2,2,4],"texture":"#0"},"south":{"uv":[0,0,2,2],"texture":"#0"},"west":{"uv":[4.25,2,6.25,4],"texture":"#0"},"up":{"uv":[2,0,4,2],"texture":"#0"},"down":{"uv":[4,0,6,2],"texture":"#0"}}}],"display":{"head":{"translation":[0,-32,0],"scale":[1.6,1.6,1.6]}}}