{"textures":{"0":"asurvival:mobs/animations/cave_zombie"},"elements":[{"from":[4,12,6],"to":[12,24,10],"faces":{"north":{"uv":[2.5,2.5,3.5,4],"texture":"#0"},"east":{"uv":[2,2.5,2.5,4],"texture":"#0"},"south":{"uv":[4,2.5,5,4],"texture":"#0"},"west":{"uv":[3.5,2.5,4,4],"texture":"#0"},"up":{"uv":[2.5,2,3.5,2.5],"texture":"#0"},"down":{"uv":[3.5,2,4.5,2.5],"texture":"#0"}}},{"from":[3.99475,0.00001,6.00524],"to":[7.99475,12.00001,10.00524],"rotation":{"angle":22.5,"axis":"x","origin":[8,11,8]},"faces":{"north":{"uv":[0.5,2.5,1,4],"texture":"#0"},"east":{"uv":[1,2.5,1.5,4],"texture":"#0"},"south":{"uv":[1.5,2.5,2,4],"texture":"#0"},"west":{"uv":[0,2.5,0.5,4],"texture":"#0"},"up":{"uv":[0.5,2,1,2.5],"texture":"#0"},"down":{"uv":[1.125,3.75,1.5,4],"texture":"#0"}}},{"from":[7.99475,0.00001,6.00524],"to":[11.99475,12.00001,10.00524],"rotation":{"angle":-22.5,"axis":"x","origin":[8,11,8]},"faces":{"north":{"uv":[0.5,2.5,1,4],"texture":"#0"},"east":{"uv":[0,2.5,0.5,4],"texture":"#0"},"south":{"uv":[1.5,2.5,2,4],"texture":"#0"},"west":{"uv":[0,2.5,0.5,4],"texture":"#0"},"up":{"uv":[0.5,2,1,2.5],"texture":"#0"},"down":{"uv":[1.125,3.75,1.5,4],"texture":"#0"}}},{"from":[4,12,6],"to":[12,24,10],"faces":{"north":{"uv":[10.5,2.5,11.5,4],"texture":"#0"},"east":{"uv":[10,2.5,10.5,4],"texture":"#0"},"south":{"uv":[12,2.5,13,4],"texture":"#0"},"west":{"uv":[11.5,2.5,12,4],"texture":"#0"},"up":{"uv":[10.5,2,11.5,2.5],"texture":"#0"},"down":{"uv":[11.5,2,12.5,2.5],"texture":"#0"}}},{"from":[4,0,6],"to":[8,12,10],"faces":{"north":{"uv":[8.5,2.5,9,4],"texture":"#0"},"east":{"uv":[9,2.5,9.5,4],"texture":"#0"},"south":{"uv":[9.5,2.5,10,4],"texture":"#0"},"west":{"uv":[8,2.5,8.5,4],"texture":"#0"},"up":{"uv":[8.5,2,9,2.5],"texture":"#0"},"down":{"uv":[9.125,3.75,9.5,4],"texture":"#0"}}},{"from":[8,0,6],"to":[12,12,10],"faces":{"north":{"uv":[8.5,2.5,9,4],"texture":"#0"},"east":{"uv":[8,2.5,8.5,4],"texture":"#0"},"south":{"uv":[9.5,2.5,10,4],"texture":"#0"},"west":{"uv":[8,2.5,8.5,4],"texture":"#0"},"up":{"uv":[8.5,2,9,2.5],"texture":"#0"},"down":{"uv":[9.125,3.75,9.5,4],"texture":"#0"}}},{"from":[4,12,6],"to":[12,24,10],"faces":{"north":{"uv":[2.5,10.5,3.5,12],"texture":"#0"},"east":{"uv":[2,10.5,2.5,12],"texture":"#0"},"south":{"uv":[4,10.5,5,12],"texture":"#0"},"west":{"uv":[3.5,10.5,4,12],"texture":"#0"},"up":{"uv":[2.5,10,3.5,10.5],"texture":"#0"},"down":{"uv":[3.5,10,4.5,10.5],"texture":"#0"}}},{"from":[3.99475,0.00001,6.00524],"to":[7.99475,12.00001,10.00524],"rotation":{"angle":-22.5,"axis":"x","origin":[8,11,8]},"faces":{"north":{"uv":[0.5,10.5,1,12],"texture":"#0"},"east":{"uv":[1,10.5,1.5,12],"texture":"#0"},"south":{"uv":[1.5,10.5,2,12],"texture":"#0"},"west":{"uv":[0,10.5,0.5,12],"texture":"#0"},"up":{"uv":[0.5,10,1,10.5],"texture":"#0"},"down":{"uv":[1.125,11.75,1.5,12],"texture":"#0"}}},{"from":[7.99475,0.00001,6.00524],"to":[11.99475,12.00001,10.00524],"rotation":{"angle":22.5,"axis":"x","origin":[8,11,8]},"faces":{"north":{"uv":[0.5,10.5,1,12],"texture":"#0"},"east":{"uv":[0,10.5,0.5,12],"texture":"#0"},"south":{"uv":[1.5,10.5,2,12],"texture":"#0"},"west":{"uv":[0,10.5,0.5,12],"texture":"#0"},"up":{"uv":[0.5,10,1,10.5],"texture":"#0"},"down":{"uv":[1.125,11.75,1.5,12],"texture":"#0"}}}],"display":{"head":{"translation":[0,-68,0],"scale":[1.6,1.6,1.6]}}}