{
	"textures": {
		"0": "asurvival:mobs/mummy"
	},
	"elements": [
		{
			"from": [4, 11.5, 6],
			"to": [12, 23.5, 10],
			"faces": {
				"north": {"uv": [5, 5, 7, 8], "texture": "#0"},
				"east": {"uv": [4, 5, 5, 8], "texture": "#0"},
				"south": {"uv": [8, 5, 10, 8], "texture": "#0"},
				"west": {"uv": [7, 5, 8, 8], "texture": "#0"},
				"up": {"uv": [7, 5, 5, 4], "texture": "#0"},
				"down": {"uv": [9, 4, 7, 5], "texture": "#0"}
			}
		},
		{
			"from": [3.9, 11.5, 5.9],
			"to": [12.1, 23.5, 10.1],
			"faces": {
				"north": {"uv": [5, 13, 7, 16], "texture": "#0"},
				"east": {"uv": [4, 13, 5, 16], "texture": "#0"},
				"south": {"uv": [5.5, 13, 7.5, 16], "texture": "#0"},
				"west": {"uv": [7, 13, 8, 16], "texture": "#0"},
				"up": {"uv": [7, 13, 5, 12], "texture": "#0"},
				"down": {"uv": [9, 12, 7, 13], "texture": "#0"}
			}
		},
		{
			"from": [7.9, -0.5, 5.9],
			"to": [12.1, 11.5, 10.1],
			"faces": {
				"north": {"uv": [1.25, 12.5, 2.25, 15.5], "texture": "#0"},
				"east": {"uv": [1.25, 13, 2.25, 16], "texture": "#0"},
				"south": {"uv": [1.25, 12.75, 2.25, 15.75], "texture": "#0"},
				"west": {"uv": [2.5, 13, 3.5, 16], "texture": "#0"},
				"up": {"uv": [6, 13, 5, 12], "texture": "#0"},
				"down": {"uv": [11, 0.75, 10, 1.75], "texture": "#0"}
			}
		},
		{
			"from": [8, -0.5, 6],
			"to": [12, 11.5, 10],
			"faces": {
				"north": {"uv": [1, 5, 2, 8], "texture": "#0"},
				"east": {"uv": [0, 5, 1, 8], "texture": "#0"},
				"south": {"uv": [3, 5, 4, 8], "texture": "#0"},
				"west": {"uv": [2, 5, 3, 8], "texture": "#0"},
				"up": {"uv": [2, 5, 1, 4], "texture": "#0"},
				"down": {"uv": [3, 4, 2, 5], "texture": "#0"}
			}
		},
		{
			"from": [3.9, -0.5, 5.9],
			"to": [8.1, 11.5, 10.1],
			"faces": {
				"north": {"uv": [1.25, 12.75, 2.25, 15.75], "texture": "#0"},
				"east": {"uv": [3, 13, 4, 16], "texture": "#0"},
				"south": {"uv": [1.5, 12.25, 2.5, 15.25], "texture": "#0"},
				"west": {"uv": [3.75, 13, 4.75, 16], "texture": "#0"},
				"up": {"uv": [6, 13, 5, 12], "texture": "#0"},
				"down": {"uv": [11, 0.75, 10, 1.75], "texture": "#0"}
			}
		},
		{
			"from": [4, -0.5, 6],
			"to": [8, 11.5, 10],
			"faces": {
				"north": {"uv": [1, 5, 2, 8], "texture": "#0"},
				"east": {"uv": [0, 5, 1, 8], "texture": "#0"},
				"south": {"uv": [3, 5, 4, 8], "texture": "#0"},
				"west": {"uv": [2, 5, 3, 8], "texture": "#0"},
				"up": {"uv": [2, 5, 1, 4], "texture": "#0"},
				"down": {"uv": [3, 4, 2, 5], "texture": "#0"}
			}
		}
	],
	"display": {
		"head": {
			"translation": [0, -65.8, 0],
			"scale": [1.6, 1.68, 1.6]
		}
	}
}