{"textures":{"0":"asurvival:mobs/animations/mummy"},"elements":[{"from":[4,11.5,6],"to":[12,23.5,10],"faces":{"north":{"uv":[2.5,2.5,3.5,4],"texture":"#0"},"east":{"uv":[2,2.5,2.5,4],"texture":"#0"},"south":{"uv":[4,2.5,5,4],"texture":"#0"},"west":{"uv":[3.5,2.5,4,4],"texture":"#0"},"up":{"uv":[3.5,2.5,2.5,2],"texture":"#0"},"down":{"uv":[4.5,2,3.5,2.5],"texture":"#0"}}},{"from":[3.9,11.5,5.9],"to":[12.1,23.5,10.1],"faces":{"north":{"uv":[2.5,6.5,3.5,8],"texture":"#0"},"east":{"uv":[2,6.5,2.5,8],"texture":"#0"},"south":{"uv":[2.75,6.5,3.75,8],"texture":"#0"},"west":{"uv":[3.5,6.5,4,8],"texture":"#0"},"up":{"uv":[3.5,6.5,2.5,6],"texture":"#0"},"down":{"uv":[4.5,6,3.5,6.5],"texture":"#0"}}},{"from":[7.8965,-0.49999,5.90349],"to":[12.0965,11.50001,10.10349],"rotation":{"angle":22.5,"axis":"x","origin":[8,10,8]},"faces":{"north":{"uv":[0.625,6.25,1.125,7.75],"texture":"#0"},"east":{"uv":[0.625,6.5,1.125,8],"texture":"#0"},"south":{"uv":[0.625,6.375,1.125,7.875],"texture":"#0"},"west":{"uv":[1.25,6.5,1.75,8],"texture":"#0"},"up":{"uv":[3,6.5,2.5,6],"texture":"#0"},"down":{"uv":[5.5,0.375,5,0.875],"texture":"#0"}}},{"from":[7.9965,-0.49999,6.00349],"to":[11.9965,11.50001,10.00349],"rotation":{"angle":22.5,"axis":"x","origin":[8,10,8]},"faces":{"north":{"uv":[0.5,2.5,1,4],"texture":"#0"},"east":{"uv":[0,2.5,0.5,4],"texture":"#0"},"south":{"uv":[1.5,2.5,2,4],"texture":"#0"},"west":{"uv":[1,2.5,1.5,4],"texture":"#0"},"up":{"uv":[1,2.5,0.5,2],"texture":"#0"},"down":{"uv":[1.5,2,1,2.5],"texture":"#0"}}},{"from":[3.8965,-0.49999,5.90349],"to":[8.0965,11.50001,10.10349],"rotation":{"angle":-22.5,"axis":"x","origin":[8,10,8]},"faces":{"north":{"uv":[0.625,6.375,1.125,7.875],"texture":"#0"},"east":{"uv":[1.5,6.5,2,8],"texture":"#0"},"south":{"uv":[0.75,6.125,1.25,7.625],"texture":"#0"},"west":{"uv":[1.875,6.5,2.375,8],"texture":"#0"},"up":{"uv":[3,6.5,2.5,6],"texture":"#0"},"down":{"uv":[5.5,0.375,5,0.875],"texture":"#0"}}},{"from":[3.9965,-0.49999,6.00349],"to":[7.9965,11.50001,10.00349],"rotation":{"angle":-22.5,"axis":"x","origin":[8,10,8]},"faces":{"north":{"uv":[0.5,2.5,1,4],"texture":"#0"},"east":{"uv":[0,2.5,0.5,4],"texture":"#0"},"south":{"uv":[1.5,2.5,2,4],"texture":"#0"},"west":{"uv":[1,2.5,1.5,4],"texture":"#0"},"up":{"uv":[1,2.5,0.5,2],"texture":"#0"},"down":{"uv":[1.5,2,1,2.5],"texture":"#0"}}},{"from":[4,11.5,6],"to":[12,23.5,10],"faces":{"north":{"uv":[10.5,2.5,11.5,4],"texture":"#0"},"east":{"uv":[10,2.5,10.5,4],"texture":"#0"},"south":{"uv":[12,2.5,13,4],"texture":"#0"},"west":{"uv":[11.5,2.5,12,4],"texture":"#0"},"up":{"uv":[11.5,2.5,10.5,2],"texture":"#0"},"down":{"uv":[12.5,2,11.5,2.5],"texture":"#0"}}},{"from":[3.9,11.5,5.9],"to":[12.1,23.5,10.1],"faces":{"north":{"uv":[10.5,6.5,11.5,8],"texture":"#0"},"east":{"uv":[10,6.5,10.5,8],"texture":"#0"},"south":{"uv":[10.75,6.5,11.75,8],"texture":"#0"},"west":{"uv":[11.5,6.5,12,8],"texture":"#0"},"up":{"uv":[11.5,6.5,10.5,6],"texture":"#0"},"down":{"uv":[12.5,6,11.5,6.5],"texture":"#0"}}},{"from":[7.9,-0.5,5.9],"to":[12.1,11.5,10.1],"faces":{"north":{"uv":[8.625,6.25,9.125,7.75],"texture":"#0"},"east":{"uv":[8.625,6.5,9.125,8],"texture":"#0"},"south":{"uv":[8.625,6.375,9.125,7.875],"texture":"#0"},"west":{"uv":[9.25,6.5,9.75,8],"texture":"#0"},"up":{"uv":[11,6.5,10.5,6],"texture":"#0"},"down":{"uv":[13.5,0.375,13,0.875],"texture":"#0"}}},{"from":[8,-0.5,6],"to":[12,11.5,10],"faces":{"north":{"uv":[8.5,2.5,9,4],"texture":"#0"},"east":{"uv":[8,2.5,8.5,4],"texture":"#0"},"south":{"uv":[9.5,2.5,10,4],"texture":"#0"},"west":{"uv":[9,2.5,9.5,4],"texture":"#0"},"up":{"uv":[9,2.5,8.5,2],"texture":"#0"},"down":{"uv":[9.5,2,9,2.5],"texture":"#0"}}},{"from":[3.9,-0.5,5.9],"to":[8.1,11.5,10.1],"faces":{"north":{"uv":[8.625,6.375,9.125,7.875],"texture":"#0"},"east":{"uv":[9.5,6.5,10,8],"texture":"#0"},"south":{"uv":[8.75,6.125,9.25,7.625],"texture":"#0"},"west":{"uv":[9.875,6.5,10.375,8],"texture":"#0"},"up":{"uv":[11,6.5,10.5,6],"texture":"#0"},"down":{"uv":[13.5,0.375,13,0.875],"texture":"#0"}}},{"from":[4,-0.5,6],"to":[8,11.5,10],"faces":{"north":{"uv":[8.5,2.5,9,4],"texture":"#0"},"east":{"uv":[8,2.5,8.5,4],"texture":"#0"},"south":{"uv":[9.5,2.5,10,4],"texture":"#0"},"west":{"uv":[9,2.5,9.5,4],"texture":"#0"},"up":{"uv":[9,2.5,8.5,2],"texture":"#0"},"down":{"uv":[9.5,2,9,2.5],"texture":"#0"}}},{"from":[4,11.5,6],"to":[12,23.5,10],"faces":{"north":{"uv":[2.5,10.5,3.5,12],"texture":"#0"},"east":{"uv":[2,10.5,2.5,12],"texture":"#0"},"south":{"uv":[4,10.5,5,12],"texture":"#0"},"west":{"uv":[3.5,10.5,4,12],"texture":"#0"},"up":{"uv":[3.5,10.5,2.5,10],"texture":"#0"},"down":{"uv":[4.5,10,3.5,10.5],"texture":"#0"}}},{"from":[3.9,11.5,5.9],"to":[12.1,23.5,10.1],"faces":{"north":{"uv":[2.5,14.5,3.5,16],"texture":"#0"},"east":{"uv":[2,14.5,2.5,16],"texture":"#0"},"south":{"uv":[2.75,14.5,3.75,16],"texture":"#0"},"west":{"uv":[3.5,14.5,4,16],"texture":"#0"},"up":{"uv":[3.5,14.5,2.5,14],"texture":"#0"},"down":{"uv":[4.5,14,3.5,14.5],"texture":"#0"}}},{"from":[7.8965,-0.49999,5.90349],"to":[12.0965,11.50001,10.10349],"rotation":{"angle":-22.5,"axis":"x","origin":[8,10,8]},"faces":{"north":{"uv":[0.625,14.25,1.125,15.75],"texture":"#0"},"east":{"uv":[0.625,14.5,1.125,16],"texture":"#0"},"south":{"uv":[0.625,14.375,1.125,15.875],"texture":"#0"},"west":{"uv":[1.25,14.5,1.75,16],"texture":"#0"},"up":{"uv":[3,14.5,2.5,14],"texture":"#0"},"down":{"uv":[5.5,8.375,5,8.875],"texture":"#0"}}},{"from":[7.9965,-0.49999,6.00349],"to":[11.9965,11.50001,10.00349],"rotation":{"angle":-22.5,"axis":"x","origin":[8,10,8]},"faces":{"north":{"uv":[0.5,10.5,1,12],"texture":"#0"},"east":{"uv":[0,10.5,0.5,12],"texture":"#0"},"south":{"uv":[1.5,10.5,2,12],"texture":"#0"},"west":{"uv":[1,10.5,1.5,12],"texture":"#0"},"up":{"uv":[1,10.5,0.5,10],"texture":"#0"},"down":{"uv":[1.5,10,1,10.5],"texture":"#0"}}},{"from":[3.8965,-0.49999,5.90349],"to":[8.0965,11.50001,10.10349],"rotation":{"angle":22.5,"axis":"x","origin":[8,10,8]},"faces":{"north":{"uv":[0.625,14.375,1.125,15.875],"texture":"#0"},"east":{"uv":[1.5,14.5,2,16],"texture":"#0"},"south":{"uv":[0.75,14.125,1.25,15.625],"texture":"#0"},"west":{"uv":[1.875,14.5,2.375,16],"texture":"#0"},"up":{"uv":[3,14.5,2.5,14],"texture":"#0"},"down":{"uv":[5.5,8.375,5,8.875],"texture":"#0"}}},{"from":[3.9965,-0.49999,6.00349],"to":[7.9965,11.50001,10.00349],"rotation":{"angle":22.5,"axis":"x","origin":[8,10,8]},"faces":{"north":{"uv":[0.5,10.5,1,12],"texture":"#0"},"east":{"uv":[0,10.5,0.5,12],"texture":"#0"},"south":{"uv":[1.5,10.5,2,12],"texture":"#0"},"west":{"uv":[1,10.5,1.5,12],"texture":"#0"},"up":{"uv":[1,10.5,0.5,10],"texture":"#0"},"down":{"uv":[1.5,10,1,10.5],"texture":"#0"}}}],"display":{"head":{"translation":[0,-65.8,0],"scale":[1.6,1.68,1.6]}}}