{"textures":{"0":"asurvival:mobs/mummy"},"elements":[{"from":[12,11.5,6],"to":[15,23.5,10],"rotation":{"angle":45,"axis":"x","origin":[8,22.5,8]},"faces":{"north":{"uv":[11,5,11.75,8],"texture":"#0"},"east":{"uv":[10,5,11,8],"texture":"#0"},"south":{"uv":[12.75,5,13.5,8],"texture":"#0"},"west":{"uv":[11.75,5,12.75,8],"texture":"#0"},"up":{"uv":[11.75,5,11,4],"texture":"#0"},"down":{"uv":[12.5,4,11.75,5],"texture":"#0"}}},{"from":[11.9,11.4,5.9],"to":[15.1,23.6,10.1],"rotation":{"angle":45,"axis":"x","origin":[8,22.5,8]},"faces":{"north":{"uv":[10,13,10.75,16],"texture":"#0"},"east":{"uv":[13,13,14,16],"texture":"#0"},"south":{"uv":[12.25,13,13,16],"texture":"#0"},"west":{"uv":[11.5,13,12.5,16],"texture":"#0"},"up":{"uv":[12,13,11.25,12],"texture":"#0"},"down":{"uv":[12.75,12,12,13],"texture":"#0"}}}],"display":{"thirdperson_righthand":{"rotation":[45,0,0],"translation":[-6,-12.25,0.75]}}}