{"elements":[{"from":[1,0,25],"to":[15,2,31],"faces":{"north":{"uv":[0.502,2.502,6.498,3.498],"texture":"#0"},"east":{"uv":[0.502,2.502,4.498,3.498],"texture":"#0"},"south":{"uv":[0.502,2.502,6.498,3.498],"texture":"#0"},"west":{"uv":[2.502,2.502,6.498,3.498],"texture":"#0"},"up":{"uv":[0.502,1.502,6.498,3.498],"texture":"#0"},"down":{"uv":[0.502,3.252,6.498,5.248],"texture":"#0"}}},{"from":[1,0,1],"to":[15,1,21],"faces":{"north":{"uv":[0.502,4.502,6.498,4.998],"texture":"#0"},"east":{"uv":[0.502,4.502,5.248,4.998],"texture":"#0"},"west":{"uv":[0.502,4.502,5.248,4.998],"texture":"#0"},"up":{"uv":[0.502,7.002,6.498,10.998],"texture":"#0"},"down":{"uv":[0.502,8.002,6.498,10.998],"texture":"#0"}}},{"from":[1,0,21],"to":[15,1,25],"faces":{"east":{"uv":[5.252,4.502,6.498,4.998],"texture":"#0"},"west":{"uv":[5.25,4.5,6.496,4.996],"texture":"#0"},"up":{"uv":[0.502,5.498,6.498,4.252],"texture":"#0"},"down":{"uv":[0.502,7.002,6.498,7.998],"texture":"#0"}}}],"display":{"thirdperson_righthand":{"rotation":[37,49,23],"translation":[-2.25,1.25,1],"scale":[0.3,0.3,0.3]},"thirdperson_lefthand":{"rotation":[37,49,23],"translation":[-2.25,1.25,1],"scale":[0.3,0.3,0.3]},"firstperson_righthand":{"rotation":[29,163,-12],"translation":[-5.75,3.5,10],"scale":[0.4,0.4,0.4]},"firstperson_lefthand":{"rotation":[29,163,-12],"translation":[-5.75,3.5,10],"scale":[0.4,0.4,0.4]},"ground":{"translation":[0,1.5,-2],"scale":[0.3,0.3,0.3]},"gui":{"rotation":[50,150,-14],"translation":[-2.75,-0.5,0],"scale":[0.5,0.5,0.5]},"fixed":{"rotation":[-90,0,0],"translation":[0,-6,-8]},"head":{"rotation":[0,0,0],"translation":[0,-14.6,-36],"scale":[2.3,2.3,2.3]}}}