{
	"textures": {
		"0": "asurvival:mobs/surfaced_zombie",
		"1": "asurvival:mobs/overgrowth"
	},
	"elements": [
		{
			"from": [4, 6, 6],
			"to": [12, 18, 10],
			"faces": {
				"north": {"uv": [5, 5, 7, 7.98], "texture": "#0"},
				"east": {"uv": [4, 5, 5, 8], "texture": "#0"},
				"south": {"uv": [8, 5, 10, 8], "texture": "#0"},
				"west": {"uv": [7, 5, 8, 7.98], "texture": "#0"},
				"up": {"uv": [7, 5, 5, 4], "texture": "#0"},
				"down": {"uv": [9, 4, 7, 5], "texture": "#0"}
			}
		},
		{
			"from": [4, 6, 6],
			"to": [12, 18, 10],
			"faces": {
				"north": {"uv": [5, 13, 7, 15.98], "texture": "#0"},
				"east": {"uv": [4, 13, 5, 16], "texture": "#0"},
				"south": {"uv": [8, 13, 10, 16], "texture": "#0"},
				"west": {"uv": [7, 13, 8, 15.98], "texture": "#0"},
				"up": {"uv": [7, 13, 5, 12], "texture": "#0"},
				"down": {"uv": [9, 12, 7, 13], "texture": "#0"}
			}
		},
		{
			"from": [10, -5, 8],
			"to": [14, -1, 8],
			"faces": {
				"north": {"uv": [5.25, 12.75, 6.75, 14.25], "texture": "#1"},
				"east": {"uv": [5.25, 12.75, 6.75, 14.25], "texture": "#1"},
				"south": {"uv": [6.75, 12.75, 5.25, 14.25], "texture": "#1"},
				"west": {"uv": [5.25, 12.75, 6.75, 14.25], "texture": "#1"},
				"up": {"uv": [5.25, 12.75, 6.75, 14.25], "rotation": 270, "texture": "#1"},
				"down": {"uv": [5.25, 12.75, 6.75, 14.25], "rotation": 90, "texture": "#1"}
			}
		},
		{
			"from": [11, -6, 4],
			"to": [11, -2, 8],
			"faces": {
				"north": {"uv": [5.25, 12.75, 6.75, 14.25], "texture": "#1"},
				"east": {"uv": [5.25, 12.75, 6.75, 14.25], "texture": "#1"},
				"south": {"uv": [5.25, 12.75, 6.75, 14.25], "texture": "#1"},
				"west": {"uv": [6.75, 12.75, 5.25, 14.25], "texture": "#1"},
				"up": {"uv": [5.25, 12.75, 6.75, 14.25], "rotation": 180, "texture": "#1"},
				"down": {"uv": [5.25, 12.75, 6.75, 14.25], "rotation": 180, "texture": "#1"}
			}
		},
		{
			"from": [8, -6, 6],
			"to": [12, 6, 10],
			"faces": {
				"north": {"uv": [1, 13, 2, 16], "texture": "#0"},
				"east": {"uv": [0, 13, 1, 16], "texture": "#0"},
				"south": {"uv": [3, 13, 4, 16], "texture": "#0"},
				"west": {"uv": [2, 13, 3, 16], "texture": "#0"},
				"up": {"uv": [2.25, 13, 1.25, 12], "texture": "#0"},
				"down": {"uv": [3, 12, 2, 13], "texture": "#0"}
			}
		},
		{
			"from": [4, -6, 6],
			"to": [8, 6, 10],
			"faces": {
				"north": {"uv": [1, 13, 2, 16], "texture": "#0"},
				"east": {"uv": [0, 13, 1, 16], "texture": "#0"},
				"south": {"uv": [3, 13, 4, 16], "texture": "#0"},
				"west": {"uv": [2, 13, 3, 16], "texture": "#0"},
				"up": {"uv": [2.25, 13, 1.25, 12], "texture": "#0"},
				"down": {"uv": [3, 12, 2, 13], "texture": "#0"}
			}
		},
		{
			"from": [8, -6, 6],
			"to": [12, 6, 10],
			"faces": {
				"north": {"uv": [1, 5, 2, 8], "texture": "#0"},
				"east": {"uv": [0, 5, 1, 8], "texture": "#0"},
				"south": {"uv": [3, 5, 4, 8], "texture": "#0"},
				"west": {"uv": [2, 5, 3, 8], "texture": "#0"},
				"up": {"uv": [2, 5, 1, 4], "texture": "#0"},
				"down": {"uv": [3, 4, 2, 5], "texture": "#0"}
			}
		},
		{
			"from": [4, -6, 6],
			"to": [8, 6, 10],
			"faces": {
				"north": {"uv": [0, 5, 1, 8], "texture": "#0"},
				"east": {"uv": [3, 5, 4, 8], "texture": "#0"},
				"south": {"uv": [1, 5, 2, 8], "texture": "#0"},
				"west": {"uv": [2, 5, 3, 8], "texture": "#0"},
				"up": {"uv": [2, 5, 1, 4], "texture": "#0"},
				"down": {"uv": [3, 4, 2, 5], "texture": "#0"}
			}
		}
	],
	"display": {
		"head": {
			"translation": [0, -58, 0],
			"scale": [1.6, 1.6, 1.6]
		}
	}
}