{
	"textures": {
		"0": "asurvival:mobs/surfaced_zombie",
		"1": "asurvival:mobs/overgrowth"
	},
	"elements": [
		{
			"from": [4, 18, 4],
			"to": [12, 26, 12],
			"faces": {
				"north": {"uv": [2, 2, 4, 4], "texture": "#0"},
				"east": {"uv": [0, 2, 2, 4], "texture": "#0"},
				"south": {"uv": [6, 2, 8, 4], "texture": "#0"},
				"west": {"uv": [4, 2, 6, 4], "texture": "#0"},
				"up": {"uv": [4, 2, 2, 0], "texture": "#0"},
				"down": {"uv": [6, 0, 4, 2], "texture": "#0"}
			}
		},
		{
			"from": [3, 26, 9.25],
			"to": [7, 32, 9.25],
			"faces": {
				"north": {"uv": [0, 13, 2, 16], "texture": "#1"},
				"east": {"uv": [0, 12, 2, 16], "texture": "#1"},
				"south": {"uv": [2, 13, 0, 16], "texture": "#1"},
				"west": {"uv": [0, 12, 2, 16], "texture": "#1"},
				"up": {"uv": [0, 12, 2, 16], "texture": "#1"},
				"down": {"uv": [0, 12, 2, 16], "texture": "#1"}
			}
		},
		{
			"from": [5, 26, 7.25],
			"to": [5, 32, 11.25],
			"faces": {
				"north": {"uv": [0, 12, 2, 16], "texture": "#1"},
				"east": {"uv": [2, 13, 0, 16], "texture": "#1"},
				"south": {"uv": [0, 12, 2, 16], "texture": "#1"},
				"west": {"uv": [0, 13, 2, 16], "texture": "#1"},
				"up": {"uv": [0, 12, 2, 16], "rotation": 270, "texture": "#1"},
				"down": {"uv": [0, 12, 2, 16], "rotation": 90, "texture": "#1"}
			}
		},
		{
			"from": [10, 24, 4],
			"to": [10, 28, 8],
			"faces": {
				"north": {"uv": [5.25, 12.75, 6.75, 14.25], "texture": "#1"},
				"east": {"uv": [5.25, 12.75, 6.75, 14.25], "texture": "#1"},
				"south": {"uv": [5.25, 12.75, 6.75, 14.25], "texture": "#1"},
				"west": {"uv": [5.25, 12.75, 6.75, 14.25], "texture": "#1"},
				"up": {"uv": [5.25, 12.75, 6.75, 14.25], "texture": "#1"},
				"down": {"uv": [5.25, 12.75, 6.75, 14.25], "texture": "#1"}
			}
		},
		{
			"from": [8, 25, 6],
			"to": [12, 29, 6],
			"faces": {
				"north": {"uv": [5.25, 12.75, 6.75, 14.25], "texture": "#1"},
				"east": {"uv": [5.25, 12.75, 6.75, 14.25], "texture": "#1"},
				"south": {"uv": [5.25, 12.75, 6.75, 14.25], "texture": "#1"},
				"west": {"uv": [5.25, 12.75, 6.75, 14.25], "texture": "#1"},
				"up": {"uv": [5.25, 12.75, 6.75, 14.25], "texture": "#1"},
				"down": {"uv": [5.25, 12.75, 6.75, 14.25], "texture": "#1"}
			}
		}
	],
	"display": {
		"head": {
			"translation": [0, -22.5, 0],
			"scale": [1.6, 1.6, 1.6]
		}
	}
}