{
	"textures": {
		"0": "asurvival:mobs/surfaced_zombie",
		"1": "asurvival:mobs/overgrowth"
	},
	"elements": [
		{
			"from": [0, 6, 6],
			"to": [4, 18, 10],
			"rotation": {"angle": 45, "axis": "x", "origin": [8, 16, 8]},
			"faces": {
				"north": {"uv": [10, 9, 11, 12], "texture": "#0"},
				"east": {"uv": [13, 9, 14, 12], "texture": "#0"},
				"south": {"uv": [11, 9, 12, 12], "texture": "#0"},
				"west": {"uv": [12, 9, 13, 12], "texture": "#0"},
				"up": {"uv": [12, 9, 11, 8], "texture": "#0"},
				"down": {"uv": [13, 8, 12, 9], "texture": "#0"}
			}
		},
		{
			"from": [1, 16.25, 6.75],
			"to": [1, 20.25, 10.75],
			"faces": {
				"north": {"uv": [5.25, 12.75, 6.75, 14.25], "texture": "#1"},
				"east": {"uv": [5.25, 12.75, 6.75, 14.25], "texture": "#1"},
				"south": {"uv": [5.25, 12.75, 6.75, 14.25], "texture": "#1"},
				"west": {"uv": [5.25, 12.75, 6.75, 14.25], "texture": "#1"},
				"up": {"uv": [5.25, 12.75, 6.75, 14.25], "texture": "#1"},
				"down": {"uv": [5.25, 12.75, 6.75, 14.25], "texture": "#1"}
			}
		},
		{
			"from": [0, 16.75, 9],
			"to": [4, 20.75, 9],
			"faces": {
				"north": {"uv": [5.25, 12.75, 6.75, 14.25], "texture": "#1"},
				"east": {"uv": [5.25, 12.75, 6.75, 14.25], "texture": "#1"},
				"south": {"uv": [5.25, 12.75, 6.75, 14.25], "texture": "#1"},
				"west": {"uv": [5.25, 12.75, 6.75, 14.25], "texture": "#1"},
				"up": {"uv": [5.25, 12.75, 6.75, 14.25], "texture": "#1"},
				"down": {"uv": [5.25, 12.75, 6.75, 14.25], "texture": "#1"}
			}
		},
		{
			"from": [3, 16.75, 6],
			"to": [3, 20.75, 10],
			"faces": {
				"north": {"uv": [5.25, 12.75, 6.75, 14.25], "texture": "#1"},
				"east": {"uv": [5.25, 12.75, 6.75, 14.25], "texture": "#1"},
				"south": {"uv": [5.25, 12.75, 6.75, 14.25], "texture": "#1"},
				"west": {"uv": [5.25, 12.75, 6.75, 14.25], "texture": "#1"},
				"up": {"uv": [5.25, 12.75, 6.75, 14.25], "rotation": 270, "texture": "#1"},
				"down": {"uv": [5.25, 12.75, 6.75, 14.25], "rotation": 90, "texture": "#1"}
			}
		}
	],
	"display": {
		"thirdperson_lefthand": {
			"rotation": [45, 0, 0],
			"translation": [-6, -7.75, 4.25]
		}
	}
}