{
    "textures": {
        "0": "asurvival:mobs/animations/surfaced_zombie"
    },
    "elements": [
        {
            "from": [ 4, 6, 6 ],
            "to":   [ 12, 18, 10 ],
            "faces": {
                "north": { "uv": [ 1.25, 1.25, 1.75, 1.995 ], "texture": "#0" },
                "east":  { "uv": [ 1, 1.25, 1.25, 2 ], "texture": "#0" },
                "south": { "uv": [ 2, 1.25, 2.5, 2 ], "texture": "#0" },
                "west":  { "uv": [ 1.75, 1.25, 2, 1.995 ], "texture": "#0" },
                "up":    { "uv": [ 1.75, 1.25, 1.25, 1 ], "texture": "#0" },
                "down":  { "uv": [ 2.25, 1, 1.75, 1.25 ], "texture": "#0" }
            }
        },
        {
            "from": [ 4, 6, 6 ],
            "to":   [ 12, 18, 10 ],
            "faces": {
                "north": { "uv": [ 1.25, 3.25, 1.75, 3.995 ], "texture": "#0" },
                "east":  { "uv": [ 1, 3.25, 1.25, 4 ], "texture": "#0" },
                "south": { "uv": [ 2, 3.25, 2.5, 4 ], "texture": "#0" },
                "west":  { "uv": [ 1.75, 3.25, 2, 3.995 ], "texture": "#0" },
                "up":    { "uv": [ 1.75, 3.25, 1.25, 3 ], "texture": "#0" },
                "down":  { "uv": [ 2.25, 3, 1.75, 3.25 ], "texture": "#0" }
            }
        },
        {
            "from": [ 10, -5, 8 ],
            "to":   [ 14, -1, 8 ],
            "rotation": { "angle": -22.5, "axis": "x", "origin": [8, 5, 8] },
            "faces": {
                "north": { "uv": [ 5.3125, 3.1875, 5.6875, 3.5625 ], "texture": "#0" },
                "east":  { "uv": [ 5.3125, 3.1875, 5.6875, 3.5625 ], "texture": "#0" },
                "south": { "uv": [ 5.6875, 3.1875, 5.3125, 3.5625 ], "texture": "#0" },
                "west":  { "uv": [ 5.3125, 3.1875, 5.6875, 3.5625 ], "texture": "#0" },
                "up":    { "uv": [ 5.3125, 3.1875, 5.6875, 3.5625 ], "rotation":270, "texture": "#0" },
                "down":  { "uv": [ 5.3125, 3.1875, 5.6875, 3.5625 ], "rotation":90, "texture": "#0" }
            }
        },
        {
            "from": [ 11, -6, 4 ],
            "to":   [ 11, -2, 8 ],
            "rotation": { "angle": -22.5, "axis": "x", "origin": [8, 5, 8] },
            "faces": {
                "north": { "uv": [ 5.3125, 3.1875, 5.6875, 3.5625 ], "texture": "#0" },
                "east":  { "uv": [ 5.3125, 3.1875, 5.6875, 3.5625 ], "texture": "#0" },
                "south": { "uv": [ 5.3125, 3.1875, 5.6875, 3.5625 ], "texture": "#0" },
                "west":  { "uv": [ 5.6875, 3.1875, 5.3125, 3.5625 ], "texture": "#0" },
                "up":    { "uv": [ 5.3125, 3.1875, 5.6875, 3.5625 ], "rotation":180, "texture": "#0" },
                "down":  { "uv": [ 5.3125, 3.1875, 5.6875, 3.5625 ], "rotation":180, "texture": "#0" }
            }
        },
        {
            "from": [ 8, -6, 6 ],
            "to":   [ 12, 6, 10 ],
            "rotation": { "angle": -22.5, "axis": "x", "origin": [8, 4.5, 8] },
            "faces": {
                "north": { "uv": [ 0.25, 3.25, 0.5, 4 ], "texture": "#0" },
                "east":  { "uv": [ 0, 3.25, 0.25, 4 ], "texture": "#0" },
                "south": { "uv": [ 0.75, 3.25, 1, 4 ], "texture": "#0" },
                "west":  { "uv": [ 0.5, 3.25, 0.75, 4 ], "texture": "#0" },
                "up":    { "uv": [ 0.5625, 3.25, 0.3125, 3 ], "texture": "#0" },
                "down":  { "uv": [ 0.75, 3, 0.5, 3.25 ], "texture": "#0" }
            }
        },
        {
            "from": [ 4, -6, 6 ],
            "to":   [ 8, 6, 10 ],
            "rotation": { "angle": 22.5, "axis": "x", "origin": [8, 4.5, 8] },
            "faces": {
                "north": { "uv": [ 0.25, 3.25, 0.5, 4 ], "texture": "#0" },
                "east":  { "uv": [ 0, 3.25, 0.25, 4 ], "texture": "#0" },
                "south": { "uv": [ 0.75, 3.25, 1, 4 ], "texture": "#0" },
                "west":  { "uv": [ 0.5, 3.25, 0.75, 4 ], "texture": "#0" },
                "up":    { "uv": [ 0.5625, 3.25, 0.3125, 3 ], "texture": "#0" },
                "down":  { "uv": [ 0.75, 3, 0.5, 3.25 ], "texture": "#0" }
            }
        },
        {
            "from": [ 8, -6, 6 ],
            "to":   [ 12, 6, 10 ],
            "rotation": { "angle": -22.5, "axis": "x", "origin": [8, 4.5, 8] },
            "faces": {
                "north": { "uv": [ 0.25, 1.25, 0.5, 2 ], "texture": "#0" },
                "east":  { "uv": [ 0, 1.25, 0.25, 2 ], "texture": "#0" },
                "south": { "uv": [ 0.75, 1.25, 1, 2 ], "texture": "#0" },
                "west":  { "uv": [ 0.5, 1.25, 0.75, 2 ], "texture": "#0" },
                "up":    { "uv": [ 0.5, 1.25, 0.25, 1 ], "texture": "#0" },
                "down":  { "uv": [ 0.75, 1, 0.5, 1.25 ], "texture": "#0" }
            }
        },
        {
            "from": [ 4, -6, 6 ],
            "to":   [ 8, 6, 10 ],
            "rotation": { "angle": 22.5, "axis": "x", "origin": [8, 4.5, 8] },
            "faces": {
                "north": { "uv": [ 0, 1.25, 0.25, 2 ], "texture": "#0" },
                "east":  { "uv": [ 0.75, 1.25, 1, 2 ], "texture": "#0" },
                "south": { "uv": [ 0.25, 1.25, 0.5, 2 ], "texture": "#0" },
                "west":  { "uv": [ 0.5, 1.25, 0.75, 2 ], "texture": "#0" },
                "up":    { "uv": [ 0.5, 1.25, 0.25, 1 ], "texture": "#0" },
                "down":  { "uv": [ 0.75, 1, 0.5, 1.25 ], "texture": "#0" }
            }
        },
        {
            "from": [ 4, 6, 6 ],
            "to":   [ 12, 18, 10 ],
            "faces": {
                "north": { "uv": [ 9.25, 1.25, 9.75, 1.995 ], "texture": "#0" },
                "east":  { "uv": [ 9, 1.25, 9.25, 2 ], "texture": "#0" },
                "south": { "uv": [ 10, 1.25, 10.5, 2 ], "texture": "#0" },
                "west":  { "uv": [ 9.75, 1.25, 10, 1.995 ], "texture": "#0" },
                "up":    { "uv": [ 9.75, 1.25, 9.25, 1 ], "texture": "#0" },
                "down":  { "uv": [ 10.25, 1, 9.75, 1.25 ], "texture": "#0" }
            }
        },
        {
            "from": [ 4, 6, 6 ],
            "to":   [ 12, 18, 10 ],
            "faces": {
                "north": { "uv": [ 9.25, 3.25, 9.75, 3.995 ], "texture": "#0" },
                "east":  { "uv": [ 9, 3.25, 9.25, 4 ], "texture": "#0" },
                "south": { "uv": [ 10, 3.25, 10.5, 4 ], "texture": "#0" },
                "west":  { "uv": [ 9.75, 3.25, 10, 3.995 ], "texture": "#0" },
                "up":    { "uv": [ 9.75, 3.25, 9.25, 3 ], "texture": "#0" },
                "down":  { "uv": [ 10.25, 3, 9.75, 3.25 ], "texture": "#0" }
            }
        },
        {
            "from": [ 10, -5, 8 ],
            "to":   [ 14, -1, 8 ],
            "faces": {
                "north": { "uv": [ 13.3125, 3.1875, 13.6875, 3.5625 ], "texture": "#0" },
                "east":  { "uv": [ 13.3125, 3.1875, 13.6875, 3.5625 ], "texture": "#0" },
                "south": { "uv": [ 13.6875, 3.1875, 13.3125, 3.5625 ], "texture": "#0" },
                "west":  { "uv": [ 13.3125, 3.1875, 13.6875, 3.5625 ], "texture": "#0" },
                "up":    { "uv": [ 13.3125, 3.1875, 13.6875, 3.5625 ], "rotation":270, "texture": "#0" },
                "down":  { "uv": [ 13.3125, 3.1875, 13.6875, 3.5625 ], "rotation":90, "texture": "#0" }
            }
        },
        {
            "from": [ 11, -6, 4 ],
            "to":   [ 11, -2, 8 ],
            "faces": {
                "north": { "uv": [ 13.3125, 3.1875, 13.6875, 3.5625 ], "texture": "#0" },
                "east":  { "uv": [ 13.3125, 3.1875, 13.6875, 3.5625 ], "texture": "#0" },
                "south": { "uv": [ 13.3125, 3.1875, 13.6875, 3.5625 ], "texture": "#0" },
                "west":  { "uv": [ 13.6875, 3.1875, 13.3125, 3.5625 ], "texture": "#0" },
                "up":    { "uv": [ 13.3125, 3.1875, 13.6875, 3.5625 ], "rotation":180, "texture": "#0" },
                "down":  { "uv": [ 13.3125, 3.1875, 13.6875, 3.5625 ], "rotation":180, "texture": "#0" }
            }
        },
        {
            "from": [ 8, -6, 6 ],
            "to":   [ 12, 6, 10 ],
            "faces": {
                "north": { "uv": [ 8.25, 3.25, 8.5, 4 ], "texture": "#0" },
                "east":  { "uv": [ 8, 3.25, 8.25, 4 ], "texture": "#0" },
                "south": { "uv": [ 8.75, 3.25, 9, 4 ], "texture": "#0" },
                "west":  { "uv": [ 8.5, 3.25, 8.75, 4 ], "texture": "#0" },
                "up":    { "uv": [ 8.5625, 3.25, 8.3125, 3 ], "texture": "#0" },
                "down":  { "uv": [ 8.75, 3, 8.5, 3.25 ], "texture": "#0" }
            }
        },
        {
            "from": [ 4, -6, 6 ],
            "to":   [ 8, 6, 10 ],
            "faces": {
                "north": { "uv": [ 8.25, 3.25, 8.5, 4 ], "texture": "#0" },
                "east":  { "uv": [ 8, 3.25, 8.25, 4 ], "texture": "#0" },
                "south": { "uv": [ 8.75, 3.25, 9, 4 ], "texture": "#0" },
                "west":  { "uv": [ 8.5, 3.25, 8.75, 4 ], "texture": "#0" },
                "up":    { "uv": [ 8.5625, 3.25, 8.3125, 3 ], "texture": "#0" },
                "down":  { "uv": [ 8.75, 3, 8.5, 3.25 ], "texture": "#0" }
            }
        },
        {
            "from": [ 8, -6, 6 ],
            "to":   [ 12, 6, 10 ],
            "faces": {
                "north": { "uv": [ 8.25, 1.25, 8.5, 2 ], "texture": "#0" },
                "east":  { "uv": [ 8, 1.25, 8.25, 2 ], "texture": "#0" },
                "south": { "uv": [ 8.75, 1.25, 9, 2 ], "texture": "#0" },
                "west":  { "uv": [ 8.5, 1.25, 8.75, 2 ], "texture": "#0" },
                "up":    { "uv": [ 8.5, 1.25, 8.25, 1 ], "texture": "#0" },
                "down":  { "uv": [ 8.75, 1, 8.5, 1.25 ], "texture": "#0" }
            }
        },
        {
            "from": [ 4, -6, 6 ],
            "to":   [ 8, 6, 10 ],
            "faces": {
                "north": { "uv": [ 8, 1.25, 8.25, 2 ], "texture": "#0" },
                "east":  { "uv": [ 8.75, 1.25, 9, 2 ], "texture": "#0" },
                "south": { "uv": [ 8.25, 1.25, 8.5, 2 ], "texture": "#0" },
                "west":  { "uv": [ 8.5, 1.25, 8.75, 2 ], "texture": "#0" },
                "up":    { "uv": [ 8.5, 1.25, 8.25, 1 ], "texture": "#0" },
                "down":  { "uv": [ 8.75, 1, 8.5, 1.25 ], "texture": "#0" }
            }
        },
        {
            "from": [ 4, 6, 6 ],
            "to":   [ 12, 18, 10 ],
            "faces": {
                "north": { "uv": [ 1.25, 9.25, 1.75, 9.995000000000001 ], "texture": "#0" },
                "east":  { "uv": [ 1, 9.25, 1.25, 10 ], "texture": "#0" },
                "south": { "uv": [ 2, 9.25, 2.5, 10 ], "texture": "#0" },
                "west":  { "uv": [ 1.75, 9.25, 2, 9.995000000000001 ], "texture": "#0" },
                "up":    { "uv": [ 1.75, 9.25, 1.25, 9 ], "texture": "#0" },
                "down":  { "uv": [ 2.25, 9, 1.75, 9.25 ], "texture": "#0" }
            }
        },
        {
            "from": [ 4, 6, 6 ],
            "to":   [ 12, 18, 10 ],
            "faces": {
                "north": { "uv": [ 1.25, 11.25, 1.75, 11.995000000000001 ], "texture": "#0" },
                "east":  { "uv": [ 1, 11.25, 1.25, 12 ], "texture": "#0" },
                "south": { "uv": [ 2, 11.25, 2.5, 12 ], "texture": "#0" },
                "west":  { "uv": [ 1.75, 11.25, 2, 11.995000000000001 ], "texture": "#0" },
                "up":    { "uv": [ 1.75, 11.25, 1.25, 11 ], "texture": "#0" },
                "down":  { "uv": [ 2.25, 11, 1.75, 11.25 ], "texture": "#0" }
            }
        },
        {
            "from": [ 10, -5, 8 ],
            "to":   [ 14, -1, 8 ],
            "rotation": { "angle": 22.5, "axis": "x", "origin": [8, 5, 8] },
            "faces": {
                "north": { "uv": [ 5.3125, 11.1875, 5.6875, 11.5625 ], "texture": "#0" },
                "east":  { "uv": [ 5.3125, 11.1875, 5.6875, 11.5625 ], "texture": "#0" },
                "south": { "uv": [ 5.6875, 11.1875, 5.3125, 11.5625 ], "texture": "#0" },
                "west":  { "uv": [ 5.3125, 11.1875, 5.6875, 11.5625 ], "texture": "#0" },
                "up":    { "uv": [ 5.3125, 11.1875, 5.6875, 11.5625 ], "rotation":270, "texture": "#0" },
                "down":  { "uv": [ 5.3125, 11.1875, 5.6875, 11.5625 ], "rotation":90, "texture": "#0" }
            }
        },
        {
            "from": [ 11, -6, 4 ],
            "to":   [ 11, -2, 8 ],
            "rotation": { "angle": 22.5, "axis": "x", "origin": [8, 5, 8] },
            "faces": {
                "north": { "uv": [ 5.3125, 11.1875, 5.6875, 11.5625 ], "texture": "#0" },
                "east":  { "uv": [ 5.3125, 11.1875, 5.6875, 11.5625 ], "texture": "#0" },
                "south": { "uv": [ 5.3125, 11.1875, 5.6875, 11.5625 ], "texture": "#0" },
                "west":  { "uv": [ 5.6875, 11.1875, 5.3125, 11.5625 ], "texture": "#0" },
                "up":    { "uv": [ 5.3125, 11.1875, 5.6875, 11.5625 ], "rotation":180, "texture": "#0" },
                "down":  { "uv": [ 5.3125, 11.1875, 5.6875, 11.5625 ], "rotation":180, "texture": "#0" }
            }
        },
        {
            "from": [ 8, -6, 6 ],
            "to":   [ 12, 6, 10 ],
            "rotation": { "angle": 22.5, "axis": "x", "origin": [8, 5, 8] },
            "faces": {
                "north": { "uv": [ 0.25, 11.25, 0.5, 12 ], "texture": "#0" },
                "east":  { "uv": [ 0, 11.25, 0.25, 12 ], "texture": "#0" },
                "south": { "uv": [ 0.75, 11.25, 1, 12 ], "texture": "#0" },
                "west":  { "uv": [ 0.5, 11.25, 0.75, 12 ], "texture": "#0" },
                "up":    { "uv": [ 0.5625, 11.25, 0.3125, 11 ], "texture": "#0" },
                "down":  { "uv": [ 0.75, 11, 0.5, 11.25 ], "texture": "#0" }
            }
        },
        {
            "from": [ 4, -6, 6 ],
            "to":   [ 8, 6, 10 ],
            "rotation": { "angle": -22.5, "axis": "x", "origin": [8, 4.5, 8] },
            "faces": {
                "north": { "uv": [ 0.25, 11.25, 0.5, 12 ], "texture": "#0" },
                "east":  { "uv": [ 0, 11.25, 0.25, 12 ], "texture": "#0" },
                "south": { "uv": [ 0.75, 11.25, 1, 12 ], "texture": "#0" },
                "west":  { "uv": [ 0.5, 11.25, 0.75, 12 ], "texture": "#0" },
                "up":    { "uv": [ 0.5625, 11.25, 0.3125, 11 ], "texture": "#0" },
                "down":  { "uv": [ 0.75, 11, 0.5, 11.25 ], "texture": "#0" }
            }
        },
        {
            "from": [ 8, -6, 6 ],
            "to":   [ 12, 6, 10 ],
            "rotation": { "angle": 22.5, "axis": "x", "origin": [8, 5, 8] },
            "faces": {
                "north": { "uv": [ 0.25, 9.25, 0.5, 10 ], "texture": "#0" },
                "east":  { "uv": [ 0, 9.25, 0.25, 10 ], "texture": "#0" },
                "south": { "uv": [ 0.75, 9.25, 1, 10 ], "texture": "#0" },
                "west":  { "uv": [ 0.5, 9.25, 0.75, 10 ], "texture": "#0" },
                "up":    { "uv": [ 0.5, 9.25, 0.25, 9 ], "texture": "#0" },
                "down":  { "uv": [ 0.75, 9, 0.5, 9.25 ], "texture": "#0" }
            }
        },
        {
            "from": [ 4, -6, 6 ],
            "to":   [ 8, 6, 10 ],
            "rotation": { "angle": -22.5, "axis": "x", "origin": [8, 4.5, 8] },
            "faces": {
                "north": { "uv": [ 0, 9.25, 0.25, 10 ], "texture": "#0" },
                "east":  { "uv": [ 0.75, 9.25, 1, 10 ], "texture": "#0" },
                "south": { "uv": [ 0.25, 9.25, 0.5, 10 ], "texture": "#0" },
                "west":  { "uv": [ 0.5, 9.25, 0.75, 10 ], "texture": "#0" },
                "up":    { "uv": [ 0.5, 9.25, 0.25, 9 ], "texture": "#0" },
                "down":  { "uv": [ 0.75, 9, 0.5, 9.25 ], "texture": "#0" }
            }
        }
    ],
    "display": {
        "head": {
            "translation": [ 0, -58, 0 ],
            "scale": [ 1.6, 1.6, 1.6 ]
        }
    }
}