{
	"textures": {
		"0": "asurvival:mobs/surfaced_zombie",
		"1": "asurvival:mobs/overgrowth"
	},
	"elements": [
		{
			"from": [12, 6, 6],
			"to": [16, 18, 10],
			"rotation": {"angle": 45, "axis": "x", "origin": [8, 16, 8]},
			"faces": {
				"north": {"uv": [11, 5, 12, 8], "texture": "#0"},
				"east": {"uv": [10, 5, 11, 8], "texture": "#0"},
				"south": {"uv": [13, 5, 14, 8], "texture": "#0"},
				"west": {"uv": [12, 5, 13, 8], "texture": "#0"},
				"up": {"uv": [12, 5, 11, 4], "texture": "#0"},
				"down": {"uv": [13, 4, 12, 5], "texture": "#0"}
			}
		},
		{
			"from": [16, 17, 6],
			"to": [16, 21, 10],
			"rotation": {"angle": -45, "axis": "y", "origin": [14, 20, 8]},
			"faces": {
				"north": {"uv": [5.25, 12.75, 6.75, 14.25], "texture": "#1"},
				"east": {"uv": [5.25, 12.75, 6.75, 14.25], "texture": "#1"},
				"south": {"uv": [5.25, 12.75, 6.75, 14.25], "texture": "#1"},
				"west": {"uv": [5.25, 12.75, 6.75, 14.25], "texture": "#1"},
				"up": {"uv": [5.25, 12.75, 6.75, 14.25], "texture": "#1"},
				"down": {"uv": [5.25, 12.75, 6.75, 14.25], "texture": "#1"}
			}
		},
		{
			"from": [16, 17, 6],
			"to": [16, 21, 10],
			"rotation": {"angle": -22.5, "axis": "z", "origin": [14, 20, 8]},
			"faces": {
				"north": {"uv": [5.25, 12.75, 6.75, 14.25], "texture": "#1"},
				"east": {"uv": [5.25, 12.75, 6.75, 14.25], "texture": "#1"},
				"south": {"uv": [5.25, 12.75, 6.75, 14.25], "texture": "#1"},
				"west": {"uv": [5.25, 12.75, 6.75, 14.25], "texture": "#1"},
				"up": {"uv": [5.25, 12.75, 6.75, 14.25], "texture": "#1"},
				"down": {"uv": [5.25, 12.75, 6.75, 14.25], "texture": "#1"}
			}
		},
		{
			"from": [14, 17, 6],
			"to": [14, 21, 10],
			"faces": {
				"north": {"uv": [5.25, 12.75, 6.75, 14.25], "texture": "#1"},
				"east": {"uv": [5.25, 12.75, 6.75, 14.25], "texture": "#1"},
				"south": {"uv": [5.25, 12.75, 6.75, 14.25], "texture": "#1"},
				"west": {"uv": [5.25, 12.75, 6.75, 14.25], "texture": "#1"},
				"up": {"uv": [5.25, 12.75, 6.75, 14.25], "texture": "#1"},
				"down": {"uv": [5.25, 12.75, 6.75, 14.25], "texture": "#1"}
			}
		},
		{
			"from": [12, 18, 8],
			"to": [16, 22, 8],
			"faces": {
				"north": {"uv": [5.25, 12.75, 6.75, 14.25], "texture": "#1"},
				"east": {"uv": [5.25, 12.75, 6.75, 14.25], "texture": "#1"},
				"south": {"uv": [5.25, 12.75, 6.75, 14.25], "texture": "#1"},
				"west": {"uv": [5.25, 12.75, 6.75, 14.25], "texture": "#1"},
				"up": {"uv": [5.25, 12.75, 6.75, 14.25], "texture": "#1"},
				"down": {"uv": [5.25, 12.75, 6.75, 14.25], "texture": "#1"}
			}
		}
	],
	"display": {
		"thirdperson_righthand": {
			"rotation": [45, 0, 0],
			"translation": [-6, -7.75, 4.25]
		}
	}
}