{"textures":{"0":"asurvival:mobs/animations/jungle_fuse_moving"},"elements":[{"from":[4,6,6],"to":[12,18,10],"faces":{"north":{"uv":[0.25,1.25,0.75,2],"texture":"#0"},"east":{"uv":[0,1.25,0.25,2],"texture":"#0"},"south":{"uv":[0.75,1.25,1.25,2],"texture":"#0"},"west":{"uv":[1.25,1.25,1.5,2],"texture":"#0"},"up":{"uv":[0,1,0.5,1.25],"texture":"#0"},"down":{"uv":[0.5,1,1,1.25],"texture":"#0"}}},{"from":[4,0,2],"to":[8,6,6],"rotation":{"angle":-22.5,"axis":"x","origin":[8,6,6]},"faces":{"north":{"uv":[1.5,0,1.75,0.375],"texture":"#0"},"east":{"uv":[1.5,0.375,1.75,0.75],"texture":"#0"},"south":{"uv":[1.75,0.375,2,0.75],"texture":"#0"},"west":{"uv":[1.75,0,2,0.375],"texture":"#0"},"up":{"uv":[1.5,0.75,1.75,1],"texture":"#0"},"down":{"uv":[1.75,0.75,2,1],"texture":"#0"}}},{"from":[8,0,2],"to":[12,6,6],"rotation":{"angle":22.5,"axis":"x","origin":[8,6,6]},"faces":{"north":{"uv":[1.5,0,1.75,0.375],"texture":"#0"},"east":{"uv":[1.5,0.375,1.75,0.75],"texture":"#0"},"south":{"uv":[1.75,0.375,2,0.75],"texture":"#0"},"west":{"uv":[1.75,0,2,0.375],"texture":"#0"},"up":{"uv":[1.5,0.75,1.75,1],"texture":"#0"},"down":{"uv":[1.75,0.75,2,1],"texture":"#0"}}},{"from":[4,0,10],"to":[8,6,14],"rotation":{"angle":-22.5,"axis":"x","origin":[8,6,10]},"faces":{"north":{"uv":[1.5,0,1.75,0.375],"texture":"#0"},"east":{"uv":[1.5,0.375,1.75,0.75],"texture":"#0"},"south":{"uv":[1.75,0.375,2,0.75],"texture":"#0"},"west":{"uv":[1.75,0,2,0.375],"texture":"#0"},"up":{"uv":[1.5,0.75,1.75,1],"texture":"#0"},"down":{"uv":[1.75,0.75,2,1],"texture":"#0"}}},{"from":[8,0,10],"to":[12,6,14],"rotation":{"angle":22.5,"axis":"x","origin":[8,6,10]},"faces":{"north":{"uv":[1.5,0,1.75,0.375],"texture":"#0"},"east":{"uv":[1.5,0.375,1.75,0.75],"texture":"#0"},"south":{"uv":[1.75,0.375,2,0.75],"texture":"#0"},"west":{"uv":[1.75,0,2,0.375],"texture":"#0"},"up":{"uv":[1.5,0.75,1.75,1],"texture":"#0"},"down":{"uv":[1.75,0.75,2,1],"texture":"#0"}}},{"from":[1,7,8],"to":[5,11,8],"rotation":{"angle":-45,"axis":"z","origin":[4,9,8]},"faces":{"north":{"uv":[7,0.5,6.5,0],"rotation":270,"texture":"#0"},"east":{"uv":[7,0,6.5,0.5],"rotation":270,"texture":"#0"},"south":{"uv":[7,0,6.5,0.5],"rotation":270,"texture":"#0"},"west":{"uv":[7,0,6.5,0.5],"rotation":270,"texture":"#0"},"up":{"uv":[7,0,6.5,0.5],"rotation":270,"texture":"#0"},"down":{"uv":[7,0,6.5,0.5],"rotation":270,"texture":"#0"}}},{"from":[1,9,6],"to":[5,9,10],"rotation":{"angle":-45,"axis":"z","origin":[4,9,8]},"faces":{"north":{"uv":[7,0,6.5,0.5],"rotation":270,"texture":"#0"},"east":{"uv":[7,0,6.5,0.5],"rotation":270,"texture":"#0"},"south":{"uv":[7,0,6.5,0.5],"rotation":270,"texture":"#0"},"west":{"uv":[7,0,6.5,0.5],"rotation":270,"texture":"#0"},"up":{"uv":[7,0,6.5,0.5],"rotation":270,"texture":"#0"},"down":{"uv":[7,0,6.5,0.5],"rotation":270,"texture":"#0"}}},{"from":[1,2,5],"to":[1,10,13],"rotation":{"angle":-45,"axis":"z","origin":[12,-6,10]},"faces":{"north":{"uv":[6.0625,1.0625,6.9375,1.9375],"texture":"#0"},"east":{"uv":[6.0625,1.0625,6.9375,1.9375],"texture":"#0"},"south":{"uv":[6.9375,1.0625,6.0625,1.9375],"texture":"#0"},"west":{"uv":[6.0625,1.0625,6.9375,1.9375],"texture":"#0"},"up":{"uv":[6.0625,1.0625,6.9375,1.9375],"rotation":270,"texture":"#0"},"down":{"uv":[6.0625,1.0625,6.9375,1.9375],"rotation":90,"texture":"#0"}}},{"from":[-3,2,9],"to":[5,10,9],"rotation":{"angle":-45,"axis":"z","origin":[12,-6,10]},"faces":{"north":{"uv":[6.0625,1.0625,6.9375,1.9375],"texture":"#0"},"east":{"uv":[6.0625,1.0625,6.9375,1.9375],"texture":"#0"},"south":{"uv":[6.9375,1.0625,6.0625,1.9375],"texture":"#0"},"west":{"uv":[6.0625,1.0625,6.9375,1.9375],"texture":"#0"},"up":{"uv":[6.0625,1.0625,6.9375,1.9375],"texture":"#0"},"down":{"uv":[6.0625,1.0625,6.9375,1.9375],"texture":"#0"}}},{"from":[4,6,6],"to":[12,18,10],"faces":{"north":{"uv":[8.25,1.25,8.75,2],"texture":"#0"},"east":{"uv":[8,1.25,8.25,2],"texture":"#0"},"south":{"uv":[8.75,1.25,9.25,2],"texture":"#0"},"west":{"uv":[9.25,1.25,9.5,2],"texture":"#0"},"up":{"uv":[8,1,8.5,1.25],"texture":"#0"},"down":{"uv":[8.5,1,9,1.25],"texture":"#0"}}},{"from":[4,0,2],"to":[8,6,6],"faces":{"north":{"uv":[9.5,0,9.75,0.375],"texture":"#0"},"east":{"uv":[9.5,0.375,9.75,0.75],"texture":"#0"},"south":{"uv":[9.75,0.375,10,0.75],"texture":"#0"},"west":{"uv":[9.75,0,10,0.375],"texture":"#0"},"up":{"uv":[9.5,0.75,9.75,1],"texture":"#0"},"down":{"uv":[9.75,0.75,10,1],"texture":"#0"}}},{"from":[8,0,2],"to":[12,6,6],"faces":{"north":{"uv":[9.5,0,9.75,0.375],"texture":"#0"},"east":{"uv":[9.5,0.375,9.75,0.75],"texture":"#0"},"south":{"uv":[9.75,0.375,10,0.75],"texture":"#0"},"west":{"uv":[9.75,0,10,0.375],"texture":"#0"},"up":{"uv":[9.5,0.75,9.75,1],"texture":"#0"},"down":{"uv":[9.75,0.75,10,1],"texture":"#0"}}},{"from":[4,0,10],"to":[8,6,14],"faces":{"north":{"uv":[9.5,0,9.75,0.375],"texture":"#0"},"east":{"uv":[9.5,0.375,9.75,0.75],"texture":"#0"},"south":{"uv":[9.75,0.375,10,0.75],"texture":"#0"},"west":{"uv":[9.75,0,10,0.375],"texture":"#0"},"up":{"uv":[9.5,0.75,9.75,1],"texture":"#0"},"down":{"uv":[9.75,0.75,10,1],"texture":"#0"}}},{"from":[8,0,10],"to":[12,6,14],"faces":{"north":{"uv":[9.5,0,9.75,0.375],"texture":"#0"},"east":{"uv":[9.5,0.375,9.75,0.75],"texture":"#0"},"south":{"uv":[9.75,0.375,10,0.75],"texture":"#0"},"west":{"uv":[9.75,0,10,0.375],"texture":"#0"},"up":{"uv":[9.5,0.75,9.75,1],"texture":"#0"},"down":{"uv":[9.75,0.75,10,1],"texture":"#0"}}},{"from":[1,7,8],"to":[5,11,8],"rotation":{"angle":-45,"axis":"z","origin":[4,9,8]},"faces":{"north":{"uv":[15,0.5,14.5,0],"rotation":270,"texture":"#0"},"east":{"uv":[15,0,14.5,0.5],"rotation":270,"texture":"#0"},"south":{"uv":[15,0,14.5,0.5],"rotation":270,"texture":"#0"},"west":{"uv":[15,0,14.5,0.5],"rotation":270,"texture":"#0"},"up":{"uv":[15,0,14.5,0.5],"rotation":270,"texture":"#0"},"down":{"uv":[15,0,14.5,0.5],"rotation":270,"texture":"#0"}}},{"from":[1,9,6],"to":[5,9,10],"rotation":{"angle":-45,"axis":"z","origin":[4,9,8]},"faces":{"north":{"uv":[15,0,14.5,0.5],"rotation":270,"texture":"#0"},"east":{"uv":[15,0,14.5,0.5],"rotation":270,"texture":"#0"},"south":{"uv":[15,0,14.5,0.5],"rotation":270,"texture":"#0"},"west":{"uv":[15,0,14.5,0.5],"rotation":270,"texture":"#0"},"up":{"uv":[15,0,14.5,0.5],"rotation":270,"texture":"#0"},"down":{"uv":[15,0,14.5,0.5],"rotation":270,"texture":"#0"}}},{"from":[1,2,5],"to":[1,10,13],"rotation":{"angle":-45,"axis":"z","origin":[12,-6,10]},"faces":{"north":{"uv":[14.0625,1.0625,14.9375,1.9375],"texture":"#0"},"east":{"uv":[14.0625,1.0625,14.9375,1.9375],"texture":"#0"},"south":{"uv":[14.9375,1.0625,14.0625,1.9375],"texture":"#0"},"west":{"uv":[14.0625,1.0625,14.9375,1.9375],"texture":"#0"},"up":{"uv":[14.0625,1.0625,14.9375,1.9375],"rotation":270,"texture":"#0"},"down":{"uv":[14.0625,1.0625,14.9375,1.9375],"rotation":90,"texture":"#0"}}},{"from":[-3,2,9],"to":[5,10,9],"rotation":{"angle":-45,"axis":"z","origin":[12,-6,10]},"faces":{"north":{"uv":[14.0625,1.0625,14.9375,1.9375],"texture":"#0"},"east":{"uv":[14.0625,1.0625,14.9375,1.9375],"texture":"#0"},"south":{"uv":[14.9375,1.0625,14.0625,1.9375],"texture":"#0"},"west":{"uv":[14.0625,1.0625,14.9375,1.9375],"texture":"#0"},"up":{"uv":[14.0625,1.0625,14.9375,1.9375],"texture":"#0"},"down":{"uv":[14.0625,1.0625,14.9375,1.9375],"texture":"#0"}}},{"from":[4,6,6],"to":[12,18,10],"faces":{"north":{"uv":[0.25,9.25,0.75,10],"texture":"#0"},"east":{"uv":[0,9.25,0.25,10],"texture":"#0"},"south":{"uv":[0.75,9.25,1.25,10],"texture":"#0"},"west":{"uv":[1.25,9.25,1.5,10],"texture":"#0"},"up":{"uv":[0,9,0.5,9.25],"texture":"#0"},"down":{"uv":[0.5,9,1,9.25],"texture":"#0"}}},{"from":[4,0,2],"to":[8,6,6],"rotation":{"angle":22.5,"axis":"x","origin":[8,6,6]},"faces":{"north":{"uv":[1.5,8,1.75,8.375],"texture":"#0"},"east":{"uv":[1.5,8.375,1.75,8.75],"texture":"#0"},"south":{"uv":[1.75,8.375,2,8.75],"texture":"#0"},"west":{"uv":[1.75,8,2,8.375],"texture":"#0"},"up":{"uv":[1.5,8.75,1.75,9],"texture":"#0"},"down":{"uv":[1.75,8.75,2,9],"texture":"#0"}}},{"from":[8,0,2],"to":[12,6,6],"rotation":{"angle":-22.5,"axis":"x","origin":[8,6,6]},"faces":{"north":{"uv":[1.5,8,1.75,8.375],"texture":"#0"},"east":{"uv":[1.5,8.375,1.75,8.75],"texture":"#0"},"south":{"uv":[1.75,8.375,2,8.75],"texture":"#0"},"west":{"uv":[1.75,8,2,8.375],"texture":"#0"},"up":{"uv":[1.5,8.75,1.75,9],"texture":"#0"},"down":{"uv":[1.75,8.75,2,9],"texture":"#0"}}},{"from":[4,0,10],"to":[8,6,14],"rotation":{"angle":22.5,"axis":"x","origin":[8,6,10]},"faces":{"north":{"uv":[1.5,8,1.75,8.375],"texture":"#0"},"east":{"uv":[1.5,8.375,1.75,8.75],"texture":"#0"},"south":{"uv":[1.75,8.375,2,8.75],"texture":"#0"},"west":{"uv":[1.75,8,2,8.375],"texture":"#0"},"up":{"uv":[1.5,8.75,1.75,9],"texture":"#0"},"down":{"uv":[1.75,8.75,2,9],"texture":"#0"}}},{"from":[8,0,10],"to":[12,6,14],"rotation":{"angle":-22.5,"axis":"x","origin":[8,6,10]},"faces":{"north":{"uv":[1.5,8,1.75,8.375],"texture":"#0"},"east":{"uv":[1.5,8.375,1.75,8.75],"texture":"#0"},"south":{"uv":[1.75,8.375,2,8.75],"texture":"#0"},"west":{"uv":[1.75,8,2,8.375],"texture":"#0"},"up":{"uv":[1.5,8.75,1.75,9],"texture":"#0"},"down":{"uv":[1.75,8.75,2,9],"texture":"#0"}}},{"from":[1,7,8],"to":[5,11,8],"rotation":{"angle":-45,"axis":"z","origin":[4,9,8]},"faces":{"north":{"uv":[7,8.5,6.5,8],"rotation":270,"texture":"#0"},"east":{"uv":[7,8,6.5,8.5],"rotation":270,"texture":"#0"},"south":{"uv":[7,8,6.5,8.5],"rotation":270,"texture":"#0"},"west":{"uv":[7,8,6.5,8.5],"rotation":270,"texture":"#0"},"up":{"uv":[7,8,6.5,8.5],"rotation":270,"texture":"#0"},"down":{"uv":[7,8,6.5,8.5],"rotation":270,"texture":"#0"}}},{"from":[1,9,6],"to":[5,9,10],"rotation":{"angle":-45,"axis":"z","origin":[4,9,8]},"faces":{"north":{"uv":[7,8,6.5,8.5],"rotation":270,"texture":"#0"},"east":{"uv":[7,8,6.5,8.5],"rotation":270,"texture":"#0"},"south":{"uv":[7,8,6.5,8.5],"rotation":270,"texture":"#0"},"west":{"uv":[7,8,6.5,8.5],"rotation":270,"texture":"#0"},"up":{"uv":[7,8,6.5,8.5],"rotation":270,"texture":"#0"},"down":{"uv":[7,8,6.5,8.5],"rotation":270,"texture":"#0"}}},{"from":[1,2,5],"to":[1,10,13],"rotation":{"angle":-45,"axis":"z","origin":[12,-6,10]},"faces":{"north":{"uv":[6.0625,9.0625,6.9375,9.9375],"texture":"#0"},"east":{"uv":[6.0625,9.0625,6.9375,9.9375],"texture":"#0"},"south":{"uv":[6.9375,9.0625,6.0625,9.9375],"texture":"#0"},"west":{"uv":[6.0625,9.0625,6.9375,9.9375],"texture":"#0"},"up":{"uv":[6.0625,9.0625,6.9375,9.9375],"rotation":270,"texture":"#0"},"down":{"uv":[6.0625,9.0625,6.9375,9.9375],"rotation":90,"texture":"#0"}}},{"from":[-3,2,9],"to":[5,10,9],"rotation":{"angle":-45,"axis":"z","origin":[12,-6,10]},"faces":{"north":{"uv":[6.0625,9.0625,6.9375,9.9375],"texture":"#0"},"east":{"uv":[6.0625,9.0625,6.9375,9.9375],"texture":"#0"},"south":{"uv":[6.9375,9.0625,6.0625,9.9375],"texture":"#0"},"west":{"uv":[6.0625,9.0625,6.9375,9.9375],"texture":"#0"},"up":{"uv":[6.0625,9.0625,6.9375,9.9375],"texture":"#0"},"down":{"uv":[6.0625,9.0625,6.9375,9.9375],"texture":"#0"}}}],"display":{"head":{"translation":[0,-69.8,0],"scale":[1.5,1.5,1.5]}}}