{"textures":{"0":"block/cobblestone"},"elements":[{"from":[0,12,12],"to":[16,16,16],"faces":{"north":{"uv":[0,0,16,4],"texture":"#0"},"east":{"uv":[5,0,9,4],"texture":"#0"},"south":{"uv":[0,3,16,7],"texture":"#0"},"west":{"uv":[5,0,9,4],"texture":"#0"},"up":{"uv":[0,0,16,4],"texture":"#0"},"down":{"uv":[0,3,16,7],"texture":"#0"}}}],"display":{"thirdperson_righthand":{"rotation":[0,0,0],"translation":[0,-2,0],"scale":[0.5,0.5,0.5]},"thirdperson_lefthand":{"rotation":[0,0,0],"translation":[0,-2,0],"scale":[0.5,0.5,0.5]},"firstperson_righthand":{"rotation":[0,0,0],"translation":[0,0,0],"scale":[0.5,0.5,0.5]},"firstperson_lefthand":{"rotation":[0,0,0],"translation":[0,0,0],"scale":[0.5,0.5,0.5]},"ground":{"scale":[0.55,0.55,0.55]},"gui":{"rotation":[25,30,1],"translation":[-2,-1.5,0],"scale":[0.7,0.7,0.7]},"fixed":{"translation":[0,0,-8]}}}