{"textures":{"0":"asurvival:mobs/miskull"},"elements":[{"from":[9,-3,7],"to":[11,3,9],"faces":{"north":{"uv":[1,12,2,15],"texture":"#0"},"east":{"uv":[2,12,3,15],"texture":"#0"},"south":{"uv":[3,12,4,15],"texture":"#0"},"west":{"uv":[0,12,1,15],"texture":"#0"},"up":{"uv":[1,8,2,9],"texture":"#0"},"down":{"uv":[5,8,6,9],"texture":"#0"}}},{"from":[9,3,7],"to":[11,9,9],"faces":{"north":{"uv":[1,9,2,12],"texture":"#0"},"east":{"uv":[2,9,3,12],"texture":"#0"},"south":{"uv":[3,9,4,12],"texture":"#0"},"west":{"uv":[0,9,1,12],"texture":"#0"},"up":{"uv":[2,8,3,9],"texture":"#0"},"down":{"uv":[1,8,2,9],"texture":"#0"}}},{"from":[5,-3,7],"to":[7,3,9],"faces":{"north":{"uv":[3,12,4,15],"texture":"#0"},"east":{"uv":[1,12,2,15],"texture":"#0"},"south":{"uv":[0,12,1,15],"texture":"#0"},"west":{"uv":[2,12,3,15],"texture":"#0"},"up":{"uv":[6,8,7,9],"texture":"#0"},"down":{"uv":[6,8,7,9],"texture":"#0"}}},{"from":[5,3,7],"to":[7,9,9],"faces":{"north":{"uv":[3,9,4,12],"texture":"#0"},"east":{"uv":[0,9,1,12],"texture":"#0"},"south":{"uv":[1,9,2,12],"texture":"#0"},"west":{"uv":[2,9,3,12],"texture":"#0"},"up":{"uv":[2,8,3,9],"texture":"#0"},"down":{"uv":[7,12,8,15],"texture":"#0"}}},{"from":[4,9,6],"to":[12,21,10],"faces":{"north":{"uv":[10,10,14,16],"texture":"#0"},"east":{"uv":[14,10,16,16],"texture":"#0"},"south":{"uv":[12,2,16,8],"texture":"#0"},"west":{"uv":[8,10,10,16],"texture":"#0"},"up":{"uv":[11.25,8.75,13.25,9.75],"rotation":180,"texture":"#0"},"down":{"uv":[12,0,16,2],"rotation":180,"texture":"#0"}}},{"from":[7,10,10],"to":[9,21,11],"faces":{"north":{"uv":[13.5,2,14.5,7.5],"texture":"#0"},"east":{"uv":[14,2,14.5,7.5],"texture":"#0"},"south":{"uv":[13.5,2,14.5,7.5],"texture":"#0"},"west":{"uv":[13.5,2,14,7.5],"texture":"#0"},"up":{"uv":[13.5,2.5,14.5,3],"rotation":180,"texture":"#0"},"down":{"uv":[13.5,7.5,14.5,8],"rotation":180,"texture":"#0"}}},{"from":[7.5,18,11],"to":[8.5,20,12],"faces":{"north":{"uv":[4,9.5,4.5,10.5],"texture":"#0"},"east":{"uv":[4,9.5,4.5,10.5],"texture":"#0"},"south":{"uv":[4,9.5,4.5,10.5],"texture":"#0"},"west":{"uv":[4,9.5,4.5,10.5],"texture":"#0"},"up":{"uv":[4,9.5,4.5,10.5],"texture":"#0"},"down":{"uv":[4,9.5,4.5,10.5],"texture":"#0"}}},{"from":[7.5,15,11],"to":[8.5,17,12],"faces":{"north":{"uv":[4,9.5,4.5,10.5],"texture":"#0"},"east":{"uv":[4,9.5,4.5,10.5],"texture":"#0"},"south":{"uv":[4,9.5,4.5,10.5],"texture":"#0"},"west":{"uv":[4,9.5,4.5,10.5],"texture":"#0"},"up":{"uv":[4,9.5,4.5,10.5],"texture":"#0"},"down":{"uv":[4,9.5,4.5,10.5],"texture":"#0"}}},{"from":[7.5,12,11],"to":[8.5,14,12],"faces":{"north":{"uv":[4,9.5,4.5,10.5],"texture":"#0"},"east":{"uv":[4,9.5,4.5,10.5],"texture":"#0"},"south":{"uv":[4,9.5,4.5,10.5],"texture":"#0"},"west":{"uv":[4,9.5,4.5,10.5],"texture":"#0"},"up":{"uv":[4,9.5,4.5,10.5],"texture":"#0"},"down":{"uv":[4,9.5,4.5,10.5],"texture":"#0"}}},{"from":[7.5,8.75,10.5],"to":[8.5,10.75,11.5],"rotation":{"angle":22.5,"axis":"x","origin":[8,10,11.5]},"faces":{"north":{"uv":[4,9.5,4.5,10.5],"texture":"#0"},"east":{"uv":[4,9.5,4.5,10.5],"texture":"#0"},"south":{"uv":[4,9.5,4.5,10.5],"texture":"#0"},"west":{"uv":[4,9.5,4.5,10.5],"texture":"#0"},"up":{"uv":[4,9.5,4.5,10.5],"texture":"#0"},"down":{"uv":[4,9.5,4.5,10.5],"texture":"#0"}}}],"display":{"head":{"translation":[0,-64,0],"scale":[1.6,1.6,1.6]}}}