{"textures":{"0":"asurvival:mobs/miskull"},"elements":[{"from":[13.1,20.9,5.1],"to":[18.9,26.9,10.9],"rotation":{"angle":22.5,"axis":"y","origin":[15,23.9,8]},"faces":{"north":{"uv":[8,4,4,8],"texture":"#0"},"east":{"uv":[0,4,4,8],"texture":"#0"},"south":{"uv":[4,0,0,4],"texture":"#0"},"west":{"uv":[8,4,12,8],"texture":"#0"},"up":{"uv":[8,4,4,0],"texture":"#0"},"down":{"uv":[12,4,8,0],"texture":"#0"}}},{"from":[-2.9,20.9,5.1],"to":[2.9,26.9,10.9],"rotation":{"angle":-22.5,"axis":"y","origin":[1,23.9,8]},"faces":{"north":{"uv":[8,4,4,8],"texture":"#0"},"east":{"uv":[0,4,4,8],"texture":"#0"},"south":{"uv":[4,0,0,4],"texture":"#0"},"west":{"uv":[8,4,12,8],"texture":"#0"},"up":{"uv":[8,4,4,0],"texture":"#0"},"down":{"uv":[12,4,8,0],"texture":"#0"}}},{"from":[4.1,20.9,4.1],"to":[11.9,28.9,11.9],"faces":{"north":{"uv":[8,4,4,8],"texture":"#0"},"east":{"uv":[0,4,4,8],"texture":"#0"},"south":{"uv":[4,0,0,4],"texture":"#0"},"west":{"uv":[8,4,12,8],"texture":"#0"},"up":{"uv":[8,4,4,0],"texture":"#0"},"down":{"uv":[12,4,8,0],"texture":"#0"}}},{"from":[1.5,19,10.2],"to":[14.5,21,11.2],"faces":{"north":{"uv":[13.5,2,14.5,8],"rotation":270,"texture":"#0"},"east":{"uv":[13.5,2.5,14.5,3],"rotation":270,"texture":"#0"},"south":{"uv":[13.5,2,14.5,8],"rotation":90,"texture":"#0"},"west":{"uv":[13.5,7.5,14.5,8],"rotation":270,"texture":"#0"},"up":{"uv":[13.5,2,14,8],"rotation":270,"texture":"#0"},"down":{"uv":[14,2,14.5,8],"rotation":90,"texture":"#0"}}}],"display":{"head":{"translation":[0,-27.25,0],"scale":[1.6,1.6,1.6]}}}