{
	"textures": {
		"0": "asurvival:mobs/miskull"
	},
	"elements": [
		{
			"from": [2, 9, 7],
			"to": [4, 21, 9],
			"faces": {
				"north": {"uv": [4.5, 9, 5.5, 15], "texture": "#0"},
				"east": {"uv": [5, 9, 6, 15], "texture": "#0"},
				"south": {"uv": [6, 9, 7, 15], "texture": "#0"},
				"west": {"uv": [5, 9, 6, 15], "texture": "#0"},
				"up": {"uv": [5, 8, 6, 9], "texture": "#0"},
				"down": {"uv": [1, 8, 2, 9], "texture": "#0"}
			}
		}
	],
	"display": {
		"thirdperson_lefthand": {
			"rotation": [90, 0, 0],
			"translation": [-5, -2, -1]
		}
	}
}