{
    "textures": {
        "0": "asurvival:mobs/animations/miskull"
    },
    "elements": [
        {
            "from": [ 9, -3, 7 ],
            "to":   [ 11, 3, 9 ],
            "rotation": { "angle": 22.5, "axis": "x", "origin": [10, 8, 8] },
            "faces": {
                "north": { "uv": [ 0.5, 6, 1, 7.5 ], "texture": "#0" },
                "east":  { "uv": [ 1, 6, 1.5, 7.5 ], "texture": "#0" },
                "south": { "uv": [ 1.5, 6, 2, 7.5 ], "texture": "#0" },
                "west":  { "uv": [ 0, 6, 0.5, 7.5 ], "texture": "#0" },
                "up":    { "uv": [ 0.5, 4, 1, 4.5 ], "texture": "#0" },
                "down":  { "uv": [ 2.5, 4, 3, 4.5 ], "texture": "#0" }
            }
        },
        {
            "from": [ 9, 3, 7 ],
            "to":   [ 11, 9, 9 ],
            "rotation": { "angle": 22.5, "axis": "x", "origin": [10, 8, 8] },
            "faces": {
                "north": { "uv": [ 0.5, 4.5, 1, 6 ], "texture": "#0" },
                "east":  { "uv": [ 1, 4.5, 1.5, 6 ], "texture": "#0" },
                "south": { "uv": [ 1.5, 4.5, 2, 6 ], "texture": "#0" },
                "west":  { "uv": [ 0, 4.5, 0.5, 6 ], "texture": "#0" },
                "up":    { "uv": [ 1, 4, 1.5, 4.5 ], "texture": "#0" },
                "down":  { "uv": [ 0.5, 4, 1, 4.5 ], "texture": "#0" }
            }
        },
        {
            "from": [ 5, -3, 7 ],
            "to":   [ 7, 3, 9 ],
            "rotation": { "angle": -22.5, "axis": "x", "origin": [6, 8, 8] },
            "faces": {
                "north": { "uv": [ 1.5, 6, 2, 7.5 ], "texture": "#0" },
                "east":  { "uv": [ 0.5, 6, 1, 7.5 ], "texture": "#0" },
                "south": { "uv": [ 0, 6, 0.5, 7.5 ], "texture": "#0" },
                "west":  { "uv": [ 1, 6, 1.5, 7.5 ], "texture": "#0" },
                "up":    { "uv": [ 3, 4, 3.5, 4.5 ], "texture": "#0" },
                "down":  { "uv": [ 3, 4, 3.5, 4.5 ], "texture": "#0" }
            }
        },
        {
            "from": [ 5, 3, 7 ],
            "to":   [ 7, 9, 9 ],
            "rotation": { "angle": -22.5, "axis": "x", "origin": [6, 8, 8] },
            "faces": {
                "north": { "uv": [ 1.5, 4.5, 2, 6 ], "texture": "#0" },
                "east":  { "uv": [ 0, 4.5, 0.5, 6 ], "texture": "#0" },
                "south": { "uv": [ 0.5, 4.5, 1, 6 ], "texture": "#0" },
                "west":  { "uv": [ 1, 4.5, 1.5, 6 ], "texture": "#0" },
                "up":    { "uv": [ 1, 4, 1.5, 4.5 ], "texture": "#0" },
                "down":  { "uv": [ 3.5, 6, 4, 7.5 ], "texture": "#0" }
            }
        },
        {
            "from": [ 4, 9, 6 ],
            "to":   [ 12, 21, 10 ],
            "faces": {
                "north": { "uv": [ 5, 5, 7, 8 ], "texture": "#0" },
                "east":  { "uv": [ 7, 5, 8, 8 ], "texture": "#0" },
                "south": { "uv": [ 6, 1, 8, 4 ], "texture": "#0" },
                "west":  { "uv": [ 4, 5, 5, 8 ], "texture": "#0" },
                "up":    { "uv": [ 5.625, 4.375, 6.625, 4.875 ], "rotation":180, "texture": "#0" },
                "down":  { "uv": [ 6, 0, 8, 1 ], "rotation":180, "texture": "#0" }
            }
        },
        {
            "from": [ 7, 10, 10 ],
            "to":   [ 9, 21, 11 ],
            "faces": {
                "north": { "uv": [ 6.75, 1, 7.25, 3.75 ], "texture": "#0" },
                "east":  { "uv": [ 7, 1, 7.25, 3.75 ], "texture": "#0" },
                "south": { "uv": [ 6.75, 1, 7.25, 3.75 ], "texture": "#0" },
                "west":  { "uv": [ 6.75, 1, 7, 3.75 ], "texture": "#0" },
                "up":    { "uv": [ 6.75, 1.25, 7.25, 1.5 ], "rotation":180, "texture": "#0" },
                "down":  { "uv": [ 6.75, 3.75, 7.25, 4 ], "rotation":180, "texture": "#0" }
            }
        },
        {
            "from": [ 7.5, 18, 11 ],
            "to":   [ 8.5, 20, 12 ],
            "faces": {
                "north": { "uv": [ 2, 4.75, 2.25, 5.25 ], "texture": "#0" },
                "east":  { "uv": [ 2, 4.75, 2.25, 5.25 ], "texture": "#0" },
                "south": { "uv": [ 2, 4.75, 2.25, 5.25 ], "texture": "#0" },
                "west":  { "uv": [ 2, 4.75, 2.25, 5.25 ], "texture": "#0" },
                "up":    { "uv": [ 2, 4.75, 2.25, 5.25 ], "texture": "#0" },
                "down":  { "uv": [ 2, 4.75, 2.25, 5.25 ], "texture": "#0" }
            }
        },
        {
            "from": [ 7.5, 15, 11 ],
            "to":   [ 8.5, 17, 12 ],
            "faces": {
                "north": { "uv": [ 2, 4.75, 2.25, 5.25 ], "texture": "#0" },
                "east":  { "uv": [ 2, 4.75, 2.25, 5.25 ], "texture": "#0" },
                "south": { "uv": [ 2, 4.75, 2.25, 5.25 ], "texture": "#0" },
                "west":  { "uv": [ 2, 4.75, 2.25, 5.25 ], "texture": "#0" },
                "up":    { "uv": [ 2, 4.75, 2.25, 5.25 ], "texture": "#0" },
                "down":  { "uv": [ 2, 4.75, 2.25, 5.25 ], "texture": "#0" }
            }
        },
        {
            "from": [ 7.5, 12, 11 ],
            "to":   [ 8.5, 14, 12 ],
            "faces": {
                "north": { "uv": [ 2, 4.75, 2.25, 5.25 ], "texture": "#0" },
                "east":  { "uv": [ 2, 4.75, 2.25, 5.25 ], "texture": "#0" },
                "south": { "uv": [ 2, 4.75, 2.25, 5.25 ], "texture": "#0" },
                "west":  { "uv": [ 2, 4.75, 2.25, 5.25 ], "texture": "#0" },
                "up":    { "uv": [ 2, 4.75, 2.25, 5.25 ], "texture": "#0" },
                "down":  { "uv": [ 2, 4.75, 2.25, 5.25 ], "texture": "#0" }
            }
        },
        {
            "from": [ 7.5, 8.75, 10.5 ],
            "to":   [ 8.5, 10.75, 11.5 ],
            "rotation": { "angle": 22.5, "axis": "x", "origin": [8, 10, 11.5] },
            "faces": {
                "north": { "uv": [ 2, 4.75, 2.25, 5.25 ], "texture": "#0" },
                "east":  { "uv": [ 2, 4.75, 2.25, 5.25 ], "texture": "#0" },
                "south": { "uv": [ 2, 4.75, 2.25, 5.25 ], "texture": "#0" },
                "west":  { "uv": [ 2, 4.75, 2.25, 5.25 ], "texture": "#0" },
                "up":    { "uv": [ 2, 4.75, 2.25, 5.25 ], "texture": "#0" },
                "down":  { "uv": [ 2, 4.75, 2.25, 5.25 ], "texture": "#0" }
            }
        },
        {
            "from": [ 9, -3, 7 ],
            "to":   [ 11, 3, 9 ],
            "faces": {
                "north": { "uv": [ 8.5, 6, 9, 7.5 ], "texture": "#0" },
                "east":  { "uv": [ 9, 6, 9.5, 7.5 ], "texture": "#0" },
                "south": { "uv": [ 9.5, 6, 10, 7.5 ], "texture": "#0" },
                "west":  { "uv": [ 8, 6, 8.5, 7.5 ], "texture": "#0" },
                "up":    { "uv": [ 8.5, 4, 9, 4.5 ], "texture": "#0" },
                "down":  { "uv": [ 10.5, 4, 11, 4.5 ], "texture": "#0" }
            }
        },
        {
            "from": [ 9, 3, 7 ],
            "to":   [ 11, 9, 9 ],
            "faces": {
                "north": { "uv": [ 8.5, 4.5, 9, 6 ], "texture": "#0" },
                "east":  { "uv": [ 9, 4.5, 9.5, 6 ], "texture": "#0" },
                "south": { "uv": [ 9.5, 4.5, 10, 6 ], "texture": "#0" },
                "west":  { "uv": [ 8, 4.5, 8.5, 6 ], "texture": "#0" },
                "up":    { "uv": [ 9, 4, 9.5, 4.5 ], "texture": "#0" },
                "down":  { "uv": [ 8.5, 4, 9, 4.5 ], "texture": "#0" }
            }
        },
        {
            "from": [ 5, -3, 7 ],
            "to":   [ 7, 3, 9 ],
            "faces": {
                "north": { "uv": [ 9.5, 6, 10, 7.5 ], "texture": "#0" },
                "east":  { "uv": [ 8.5, 6, 9, 7.5 ], "texture": "#0" },
                "south": { "uv": [ 8, 6, 8.5, 7.5 ], "texture": "#0" },
                "west":  { "uv": [ 9, 6, 9.5, 7.5 ], "texture": "#0" },
                "up":    { "uv": [ 11, 4, 11.5, 4.5 ], "texture": "#0" },
                "down":  { "uv": [ 11, 4, 11.5, 4.5 ], "texture": "#0" }
            }
        },
        {
            "from": [ 5, 3, 7 ],
            "to":   [ 7, 9, 9 ],
            "faces": {
                "north": { "uv": [ 9.5, 4.5, 10, 6 ], "texture": "#0" },
                "east":  { "uv": [ 8, 4.5, 8.5, 6 ], "texture": "#0" },
                "south": { "uv": [ 8.5, 4.5, 9, 6 ], "texture": "#0" },
                "west":  { "uv": [ 9, 4.5, 9.5, 6 ], "texture": "#0" },
                "up":    { "uv": [ 9, 4, 9.5, 4.5 ], "texture": "#0" },
                "down":  { "uv": [ 11.5, 6, 12, 7.5 ], "texture": "#0" }
            }
        },
        {
            "from": [ 4, 9, 6 ],
            "to":   [ 12, 21, 10 ],
            "faces": {
                "north": { "uv": [ 13, 5, 15, 8 ], "texture": "#0" },
                "east":  { "uv": [ 15, 5, 16, 8 ], "texture": "#0" },
                "south": { "uv": [ 14, 1, 16, 4 ], "texture": "#0" },
                "west":  { "uv": [ 12, 5, 13, 8 ], "texture": "#0" },
                "up":    { "uv": [ 13.625, 4.375, 14.625, 4.875 ], "rotation":180, "texture": "#0" },
                "down":  { "uv": [ 14, 0, 16, 1 ], "rotation":180, "texture": "#0" }
            }
        },
        {
            "from": [ 7, 10, 10 ],
            "to":   [ 9, 21, 11 ],
            "faces": {
                "north": { "uv": [ 14.75, 1, 15.25, 3.75 ], "texture": "#0" },
                "east":  { "uv": [ 15, 1, 15.25, 3.75 ], "texture": "#0" },
                "south": { "uv": [ 14.75, 1, 15.25, 3.75 ], "texture": "#0" },
                "west":  { "uv": [ 14.75, 1, 15, 3.75 ], "texture": "#0" },
                "up":    { "uv": [ 14.75, 1.25, 15.25, 1.5 ], "rotation":180, "texture": "#0" },
                "down":  { "uv": [ 14.75, 3.75, 15.25, 4 ], "rotation":180, "texture": "#0" }
            }
        },
        {
            "from": [ 7.5, 18, 11 ],
            "to":   [ 8.5, 20, 12 ],
            "faces": {
                "north": { "uv": [ 10, 4.75, 10.25, 5.25 ], "texture": "#0" },
                "east":  { "uv": [ 10, 4.75, 10.25, 5.25 ], "texture": "#0" },
                "south": { "uv": [ 10, 4.75, 10.25, 5.25 ], "texture": "#0" },
                "west":  { "uv": [ 10, 4.75, 10.25, 5.25 ], "texture": "#0" },
                "up":    { "uv": [ 10, 4.75, 10.25, 5.25 ], "texture": "#0" },
                "down":  { "uv": [ 10, 4.75, 10.25, 5.25 ], "texture": "#0" }
            }
        },
        {
            "from": [ 7.5, 15, 11 ],
            "to":   [ 8.5, 17, 12 ],
            "faces": {
                "north": { "uv": [ 10, 4.75, 10.25, 5.25 ], "texture": "#0" },
                "east":  { "uv": [ 10, 4.75, 10.25, 5.25 ], "texture": "#0" },
                "south": { "uv": [ 10, 4.75, 10.25, 5.25 ], "texture": "#0" },
                "west":  { "uv": [ 10, 4.75, 10.25, 5.25 ], "texture": "#0" },
                "up":    { "uv": [ 10, 4.75, 10.25, 5.25 ], "texture": "#0" },
                "down":  { "uv": [ 10, 4.75, 10.25, 5.25 ], "texture": "#0" }
            }
        },
        {
            "from": [ 7.5, 12, 11 ],
            "to":   [ 8.5, 14, 12 ],
            "faces": {
                "north": { "uv": [ 10, 4.75, 10.25, 5.25 ], "texture": "#0" },
                "east":  { "uv": [ 10, 4.75, 10.25, 5.25 ], "texture": "#0" },
                "south": { "uv": [ 10, 4.75, 10.25, 5.25 ], "texture": "#0" },
                "west":  { "uv": [ 10, 4.75, 10.25, 5.25 ], "texture": "#0" },
                "up":    { "uv": [ 10, 4.75, 10.25, 5.25 ], "texture": "#0" },
                "down":  { "uv": [ 10, 4.75, 10.25, 5.25 ], "texture": "#0" }
            }
        },
        {
            "from": [ 7.5, 8.75, 10.5 ],
            "to":   [ 8.5, 10.75, 11.5 ],
            "rotation": { "angle": 22.5, "axis": "x", "origin": [8, 10, 11.5] },
            "faces": {
                "north": { "uv": [ 10, 4.75, 10.25, 5.25 ], "texture": "#0" },
                "east":  { "uv": [ 10, 4.75, 10.25, 5.25 ], "texture": "#0" },
                "south": { "uv": [ 10, 4.75, 10.25, 5.25 ], "texture": "#0" },
                "west":  { "uv": [ 10, 4.75, 10.25, 5.25 ], "texture": "#0" },
                "up":    { "uv": [ 10, 4.75, 10.25, 5.25 ], "texture": "#0" },
                "down":  { "uv": [ 10, 4.75, 10.25, 5.25 ], "texture": "#0" }
            }
        },
        {
            "from": [ 9, -3, 7 ],
            "to":   [ 11, 3, 9 ],
            "rotation": { "angle": -22.5, "axis": "x", "origin": [10, 8, 8] },
            "faces": {
                "north": { "uv": [ 0.5, 14, 1, 15.5 ], "texture": "#0" },
                "east":  { "uv": [ 1, 14, 1.5, 15.5 ], "texture": "#0" },
                "south": { "uv": [ 1.5, 14, 2, 15.5 ], "texture": "#0" },
                "west":  { "uv": [ 0, 14, 0.5, 15.5 ], "texture": "#0" },
                "up":    { "uv": [ 0.5, 12, 1, 12.5 ], "texture": "#0" },
                "down":  { "uv": [ 2.5, 12, 3, 12.5 ], "texture": "#0" }
            }
        },
        {
            "from": [ 9, 3, 7 ],
            "to":   [ 11, 9, 9 ],
            "rotation": { "angle": -22.5, "axis": "x", "origin": [10, 8, 8] },
            "faces": {
                "north": { "uv": [ 0.5, 12.5, 1, 14 ], "texture": "#0" },
                "east":  { "uv": [ 1, 12.5, 1.5, 14 ], "texture": "#0" },
                "south": { "uv": [ 1.5, 12.5, 2, 14 ], "texture": "#0" },
                "west":  { "uv": [ 0, 12.5, 0.5, 14 ], "texture": "#0" },
                "up":    { "uv": [ 1, 12, 1.5, 12.5 ], "texture": "#0" },
                "down":  { "uv": [ 0.5, 12, 1, 12.5 ], "texture": "#0" }
            }
        },
        {
            "from": [ 5, -3, 7 ],
            "to":   [ 7, 3, 9 ],
            "rotation": { "angle": 22.5, "axis": "x", "origin": [6, 8, 8] },
            "faces": {
                "north": { "uv": [ 1.5, 14, 2, 15.5 ], "texture": "#0" },
                "east":  { "uv": [ 0.5, 14, 1, 15.5 ], "texture": "#0" },
                "south": { "uv": [ 0, 14, 0.5, 15.5 ], "texture": "#0" },
                "west":  { "uv": [ 1, 14, 1.5, 15.5 ], "texture": "#0" },
                "up":    { "uv": [ 3, 12, 3.5, 12.5 ], "texture": "#0" },
                "down":  { "uv": [ 3, 12, 3.5, 12.5 ], "texture": "#0" }
            }
        },
        {
            "from": [ 5, 3, 7 ],
            "to":   [ 7, 9, 9 ],
            "rotation": { "angle": 22.5, "axis": "x", "origin": [6, 8, 8] },
            "faces": {
                "north": { "uv": [ 1.5, 12.5, 2, 14 ], "texture": "#0" },
                "east":  { "uv": [ 0, 12.5, 0.5, 14 ], "texture": "#0" },
                "south": { "uv": [ 0.5, 12.5, 1, 14 ], "texture": "#0" },
                "west":  { "uv": [ 1, 12.5, 1.5, 14 ], "texture": "#0" },
                "up":    { "uv": [ 1, 12, 1.5, 12.5 ], "texture": "#0" },
                "down":  { "uv": [ 3.5, 14, 4, 15.5 ], "texture": "#0" }
            }
        },
        {
            "from": [ 4, 9, 6 ],
            "to":   [ 12, 21, 10 ],
            "faces": {
                "north": { "uv": [ 5, 13, 7, 16 ], "texture": "#0" },
                "east":  { "uv": [ 7, 13, 8, 16 ], "texture": "#0" },
                "south": { "uv": [ 6, 9, 8, 12 ], "texture": "#0" },
                "west":  { "uv": [ 4, 13, 5, 16 ], "texture": "#0" },
                "up":    { "uv": [ 5.625, 12.375, 6.625, 12.875 ], "rotation":180, "texture": "#0" },
                "down":  { "uv": [ 6, 8, 8, 9 ], "rotation":180, "texture": "#0" }
            }
        },
        {
            "from": [ 7, 10, 10 ],
            "to":   [ 9, 21, 11 ],
            "faces": {
                "north": { "uv": [ 6.75, 9, 7.25, 11.75 ], "texture": "#0" },
                "east":  { "uv": [ 7, 9, 7.25, 11.75 ], "texture": "#0" },
                "south": { "uv": [ 6.75, 9, 7.25, 11.75 ], "texture": "#0" },
                "west":  { "uv": [ 6.75, 9, 7, 11.75 ], "texture": "#0" },
                "up":    { "uv": [ 6.75, 9.25, 7.25, 9.5 ], "rotation":180, "texture": "#0" },
                "down":  { "uv": [ 6.75, 11.75, 7.25, 12 ], "rotation":180, "texture": "#0" }
            }
        },
        {
            "from": [ 7.5, 18, 11 ],
            "to":   [ 8.5, 20, 12 ],
            "faces": {
                "north": { "uv": [ 2, 12.75, 2.25, 13.25 ], "texture": "#0" },
                "east":  { "uv": [ 2, 12.75, 2.25, 13.25 ], "texture": "#0" },
                "south": { "uv": [ 2, 12.75, 2.25, 13.25 ], "texture": "#0" },
                "west":  { "uv": [ 2, 12.75, 2.25, 13.25 ], "texture": "#0" },
                "up":    { "uv": [ 2, 12.75, 2.25, 13.25 ], "texture": "#0" },
                "down":  { "uv": [ 2, 12.75, 2.25, 13.25 ], "texture": "#0" }
            }
        },
        {
            "from": [ 7.5, 15, 11 ],
            "to":   [ 8.5, 17, 12 ],
            "faces": {
                "north": { "uv": [ 2, 12.75, 2.25, 13.25 ], "texture": "#0" },
                "east":  { "uv": [ 2, 12.75, 2.25, 13.25 ], "texture": "#0" },
                "south": { "uv": [ 2, 12.75, 2.25, 13.25 ], "texture": "#0" },
                "west":  { "uv": [ 2, 12.75, 2.25, 13.25 ], "texture": "#0" },
                "up":    { "uv": [ 2, 12.75, 2.25, 13.25 ], "texture": "#0" },
                "down":  { "uv": [ 2, 12.75, 2.25, 13.25 ], "texture": "#0" }
            }
        },
        {
            "from": [ 7.5, 12, 11 ],
            "to":   [ 8.5, 14, 12 ],
            "faces": {
                "north": { "uv": [ 2, 12.75, 2.25, 13.25 ], "texture": "#0" },
                "east":  { "uv": [ 2, 12.75, 2.25, 13.25 ], "texture": "#0" },
                "south": { "uv": [ 2, 12.75, 2.25, 13.25 ], "texture": "#0" },
                "west":  { "uv": [ 2, 12.75, 2.25, 13.25 ], "texture": "#0" },
                "up":    { "uv": [ 2, 12.75, 2.25, 13.25 ], "texture": "#0" },
                "down":  { "uv": [ 2, 12.75, 2.25, 13.25 ], "texture": "#0" }
            }
        },
        {
            "from": [ 7.5, 8.75, 10.5 ],
            "to":   [ 8.5, 10.75, 11.5 ],
            "rotation": { "angle": 22.5, "axis": "x", "origin": [8, 10, 11.5] },
            "faces": {
                "north": { "uv": [ 2, 12.75, 2.25, 13.25 ], "texture": "#0" },
                "east":  { "uv": [ 2, 12.75, 2.25, 13.25 ], "texture": "#0" },
                "south": { "uv": [ 2, 12.75, 2.25, 13.25 ], "texture": "#0" },
                "west":  { "uv": [ 2, 12.75, 2.25, 13.25 ], "texture": "#0" },
                "up":    { "uv": [ 2, 12.75, 2.25, 13.25 ], "texture": "#0" },
                "down":  { "uv": [ 2, 12.75, 2.25, 13.25 ], "texture": "#0" }
            }
        }
    ],
    "display": {
        "head": {
            "translation": [ 0, -64, 0 ],
            "scale": [ 1.6, 1.6, 1.6 ]
        }
    }
}