{
	"textures": {
		"0": "asurvival:mobs/miskull",
		"1": "asurvival:mobs/overgrowth"
	},
	"elements": [
		{
			"from": [12, 9, 7],
			"to": [14, 21, 9],
			"faces": {
				"north": {"uv": [4.5, 9, 5.5, 15], "texture": "#0"},
				"east": {"uv": [5.5, 9, 6.5, 15], "texture": "#0"},
				"south": {"uv": [5.5, 9, 6.5, 15], "texture": "#0"},
				"west": {"uv": [5.5, 9, 6.5, 15], "texture": "#0"},
				"up": {"uv": [6, 8, 7, 9], "texture": "#0"},
				"down": {"uv": [1, 8, 2, 9], "texture": "#0"}
			}
		},
		{
			"from": [12.5, 9.5, 6],
			"to": [13.5, 10.5, 13],
			"faces": {
				"north": {"uv": [2.25, 6.25, 2.5, 6.5], "rotation": 90, "texture": "#1"},
				"east": {"uv": [2.25, 6.25, 2.5, 8], "rotation": 90, "texture": "#1"},
				"south": {"uv": [2.25, 7.75, 2.5, 8], "rotation": 90, "texture": "#1"},
				"west": {"uv": [2.25, 8, 2.5, 6.25], "rotation": 90, "texture": "#1"},
				"up": {"uv": [2.25, 6.25, 2.5, 8], "texture": "#1"},
				"down": {"uv": [2.25, 6.25, 2.5, 8], "rotation": 180, "texture": "#1"}
			}
		},
		{
			"from": [12.5, 10, 1],
			"to": [13.5, 11, 6],
			"faces": {
				"north": {"uv": [2.25, 5, 2.5, 5.25], "rotation": 90, "texture": "#1"},
				"east": {"uv": [2.25, 5, 2.5, 6.25], "rotation": 90, "texture": "#1"},
				"south": {"uv": [2.25, 6, 2.5, 6.25], "rotation": 90, "texture": "#1"},
				"west": {"uv": [2.25, 6.25, 2.5, 5], "rotation": 90, "texture": "#1"},
				"up": {"uv": [2.25, 5, 2.5, 6.25], "texture": "#1"},
				"down": {"uv": [2.25, 5, 2.5, 6.25], "rotation": 180, "texture": "#1"}
			}
		},
		{
			"from": [12.5, 9.5, -2],
			"to": [13.5, 10.5, 1],
			"faces": {
				"north": {"uv": [2.25, 4, 2.5, 4.75], "rotation": 90, "texture": "#1"},
				"east": {"uv": [2.25, 4, 2.5, 4.75], "rotation": 90, "texture": "#1"},
				"south": {"uv": [2.25, 4.5, 2.5, 4.75], "rotation": 90, "texture": "#1"},
				"west": {"uv": [2.25, 4.75, 2.5, 4], "rotation": 90, "texture": "#1"},
				"up": {"uv": [2.25, 4, 2.5, 4.75], "texture": "#1"},
				"down": {"uv": [2.25, 4, 2.5, 4.75], "rotation": 180, "texture": "#1"}
			}
		},
		{
			"from": [12.5, 8.5, -3],
			"to": [13.5, 11.5, -2],
			"faces": {
				"north": {"uv": [2.25, 6.25, 2.5, 7], "texture": "#1"},
				"east": {"uv": [2.25, 6.25, 2.5, 7], "texture": "#1"},
				"south": {"uv": [2.25, 6.25, 2.5, 7], "texture": "#1"},
				"west": {"uv": [2.25, 6.25, 2.5, 7], "texture": "#1"},
				"up": {"uv": [2.25, 6.25, 2.5, 6.5], "texture": "#1"},
				"down": {"uv": [2.25, 6.75, 2.5, 7], "texture": "#1"}
			}
		},
		{
			"from": [12.5, 11.5, -4.75],
			"to": [13.5, 12.5, -2.75],
			"faces": {
				"north": {"uv": [2.75, 6.25, 3, 6.5], "texture": "#1"},
				"east": {"uv": [2.5, 6.25, 3, 6.5], "texture": "#1"},
				"south": {"uv": [2.5, 6.25, 2.75, 6.5], "texture": "#1"},
				"west": {"uv": [2.5, 6.25, 3, 6.5], "texture": "#1"},
				"up": {"uv": [2.5, 6.25, 3, 6.5], "rotation": 270, "texture": "#1"},
				"down": {"uv": [2.5, 6.25, 3, 6.5], "rotation": 90, "texture": "#1"}
			}
		},
		{
			"from": [12.5, 7.5, -5.75],
			"to": [13.5, 8.5, -2.75],
			"faces": {
				"north": {"uv": [2.25, 6.5, 2.5, 6.75], "texture": "#1"},
				"east": {"uv": [2.25, 6.5, 3, 6.75], "texture": "#1"},
				"south": {"uv": [2.75, 6.5, 3, 6.75], "texture": "#1"},
				"west": {"uv": [2.25, 6.5, 3, 6.75], "texture": "#1"},
				"up": {"uv": [2.25, 6.5, 3, 6.75], "rotation": 270, "texture": "#1"},
				"down": {"uv": [2.25, 6.5, 3, 6.75], "rotation": 90, "texture": "#1"}
			}
		},
		{
			"from": [12.5, 6.5, -7.75],
			"to": [13.5, 7.5, -4.75],
			"faces": {
				"north": {"uv": [2.25, 6.5, 2.5, 6.75], "texture": "#1"},
				"east": {"uv": [2.25, 6.5, 3, 6.75], "texture": "#1"},
				"south": {"uv": [2.75, 6.5, 3, 6.75], "texture": "#1"},
				"west": {"uv": [2.25, 6.5, 3, 6.75], "texture": "#1"},
				"up": {"uv": [2.25, 6.5, 3, 6.75], "rotation": 270, "texture": "#1"},
				"down": {"uv": [2.25, 6.5, 3, 6.75], "rotation": 90, "texture": "#1"}
			}
		},
		{
			"from": [12.5, 12.5, -6.75],
			"to": [13.5, 13.5, -3.75],
			"faces": {
				"north": {"uv": [2.25, 6.5, 2.5, 6.75], "texture": "#1"},
				"east": {"uv": [2.25, 6.5, 3, 6.75], "texture": "#1"},
				"south": {"uv": [2.75, 6.5, 3, 6.75], "texture": "#1"},
				"west": {"uv": [2.25, 6.5, 3, 6.75], "texture": "#1"},
				"up": {"uv": [2.25, 6.5, 3, 6.75], "rotation": 270, "texture": "#1"},
				"down": {"uv": [2.25, 6.5, 3, 6.75], "rotation": 90, "texture": "#1"}
			}
		},
		{
			"from": [12.5, 9.5, -8],
			"to": [13.5, 10.5, -5],
			"faces": {
				"north": {"uv": [3.5, 7, 3.75, 7.25], "texture": "#1"},
				"east": {"uv": [3.5, 7, 3.75, 7.25], "texture": "#1"},
				"south": {"uv": [3.5, 7, 3.75, 7.25], "texture": "#1"},
				"west": {"uv": [3.5, 7, 3.75, 7.25], "texture": "#1"},
				"up": {"uv": [3.5, 7, 3.75, 7.25], "texture": "#1"},
				"down": {"uv": [3.5, 7, 3.75, 7.25], "texture": "#1"}
			}
		}
	],
	"display": {
		"thirdperson_righthand": {
			"rotation": [90, 0, 0],
			"translation": [-5, -2, -1]
		}
	}
}