{"parent":"item/generated","textures":{"layer0":"item/apple"},"overrides":[
{"predicate":{"custom_model_data":1},"model":"asurvival:item/food/grilled_brown_mushroom"},
{"predicate":{"custom_model_data":2},"model":"asurvival:item/food/grilled_allium"},
{"predicate":{"custom_model_data":3},"model":"asurvival:item/food/grilled_azure_bluet"},
{"predicate":{"custom_model_data":4},"model":"asurvival:item/food/grilled_blue_orchid"},
{"predicate":{"custom_model_data":5},"model":"asurvival:item/food/grilled_cornflower"},
{"predicate":{"custom_model_data":6},"model":"asurvival:item/food/grilled_dandelion"},
{"predicate":{"custom_model_data":7},"model":"asurvival:item/food/grilled_lily_of_the_valley"},
{"predicate":{"custom_model_data":8},"model":"asurvival:item/food/grilled_orange_tulip"},
{"predicate":{"custom_model_data":9},"model":"asurvival:item/food/grilled_oxeye_daisy"},
{"predicate":{"custom_model_data":10},"model":"asurvival:item/food/grilled_pink_tulip"},
{"predicate":{"custom_model_data":11},"model":"asurvival:item/food/grilled_poppy"},
{"predicate":{"custom_model_data":12},"model":"asurvival:item/food/grilled_red_tulip"},
{"predicate":{"custom_model_data":13},"model":"asurvival:item/food/grilled_white_tulip"},
{"predicate":{"custom_model_data":14},"model":"asurvival:item/food/grilled_sea_pickle"},
{"predicate":{"custom_model_data":15},"model":"asurvival:item/food/grilled_lilac"},
{"predicate":{"custom_model_data":16},"model":"asurvival:item/food/grilled_peony"},
{"predicate":{"custom_model_data":17},"model":"asurvival:item/food/grilled_rose_bush"},
{"predicate":{"custom_model_data":18},"model":"asurvival:item/food/grilled_sunflower"},
{"predicate":{"custom_model_data":19},"model":"asurvival:item/food/brain"},
{"predicate":{"custom_model_data":20},"model":"asurvival:item/food/ghastmallow"},
{"predicate":{"custom_model_data":21},"model":"asurvival:item/food/ghastmallow_on_a_stick"},
{"predicate":{"custom_model_data":22},"model":"asurvival:item/food/flower_stew"},
{"predicate":{"custom_model_data":23},"model":"asurvival:item/food/sweet_and_sour_stew"},
{"predicate":{"custom_model_data":24},"model":"asurvival:item/food/baked_apple"},
{"predicate":{"custom_model_data":25},"model":"asurvival:item/food/roasted_beetroot"},
{"predicate":{"custom_model_data":26},"model":"asurvival:item/food/fried_egg"},
{"predicate":{"custom_model_data":27},"model":"asurvival:item/food/jerky_pufferfish"},
{"predicate":{"custom_model_data":28},"model":"asurvival:item/food/piece_of_cake"}
]}