{
	"textures": {
		"1": "block/obsidian",
		"2": "block/stone_bricks",
		"3": "block/chiseled_stone_bricks",
		"5": "block/gold_block",
		"6": "block/water_still"
	},
	"elements": [
		{
			"from": [15, 14, 0],
			"to": [16, 15, 16],
			"faces": {
				"north": {"uv": [0, 0, 1, 1], "texture": "#2"},
				"east": {"uv": [0, 0, 16, 1], "texture": "#2"},
				"south": {"uv": [0, 0, 1, 1], "texture": "#2"},
				"west": {"uv": [0, 0, 16, 1], "texture": "#2"},
				"up": {"uv": [0, 0, 1, 16], "texture": "#2"},
				"down": {"uv": [0, 0, 1, 16], "texture": "#2"}
			}
		},
		{
			"from": [0, 14, 0],
			"to": [1, 15, 16],
			"faces": {
				"north": {"uv": [0, 0, 1, 1], "texture": "#2"},
				"east": {"uv": [0, 0, 16, 1], "texture": "#2"},
				"south": {"uv": [0, 0, 1, 1], "texture": "#2"},
				"west": {"uv": [0, 0, 16, 1], "texture": "#2"},
				"up": {"uv": [0, 0, 1, 16], "texture": "#2"},
				"down": {"uv": [0, 0, 1, 16], "texture": "#2"}
			}
		},
		{
			"from": [1, 14, 0],
			"to": [15, 15, 1],
			"faces": {
				"north": {"uv": [0, 0, 14, 1], "texture": "#2"},
				"east": {"uv": [0, 0, 1, 1], "texture": "#2"},
				"south": {"uv": [0, 0, 14, 1], "texture": "#2"},
				"west": {"uv": [0, 0, 1, 1], "texture": "#2"},
				"up": {"uv": [0, 0, 14, 1], "texture": "#2"},
				"down": {"uv": [0, 0, 14, 1], "texture": "#2"}
			}
		},
		{
			"from": [1, 14, 15],
			"to": [15, 15, 16],
			"faces": {
				"north": {"uv": [0, 0, 14, 1], "texture": "#2"},
				"east": {"uv": [0, 0, 1, 1], "texture": "#2"},
				"south": {"uv": [0, 0, 14, 1], "texture": "#2"},
				"west": {"uv": [0, 0, 1, 1], "texture": "#2"},
				"up": {"uv": [0, 0, 14, 1], "texture": "#2"},
				"down": {"uv": [0, 0, 14, 1], "texture": "#2"}
			}
		},
		{
			"from": [14, 12, 1],
			"to": [15, 14, 15],
			"faces": {
				"north": {"uv": [0, 0, 1, 2], "texture": "#2"},
				"east": {"uv": [0, 0, 14, 2], "texture": "#2"},
				"south": {"uv": [0, 0, 1, 2], "texture": "#2"},
				"west": {"uv": [0, 0, 14, 2], "texture": "#2"},
				"up": {"uv": [0, 0, 1, 14], "texture": "#2"},
				"down": {"uv": [0, 0, 1, 14], "texture": "#2"}
			}
		},
		{
			"from": [1, 12, 1],
			"to": [2, 14, 15],
			"faces": {
				"north": {"uv": [0, 0, 1, 2], "texture": "#2"},
				"east": {"uv": [0, 0, 14, 2], "texture": "#2"},
				"south": {"uv": [0, 0, 1, 2], "texture": "#2"},
				"west": {"uv": [0, 0, 14, 2], "texture": "#2"},
				"up": {"uv": [0, 0, 1, 14], "texture": "#2"},
				"down": {"uv": [0, 0, 1, 14], "texture": "#2"}
			}
		},
		{
			"from": [2, 12, 1],
			"to": [14, 14, 2],
			"faces": {
				"north": {"uv": [0, 0, 12, 2], "texture": "#2"},
				"east": {"uv": [0, 0, 1, 2], "texture": "#2"},
				"south": {"uv": [0, 0, 12, 2], "texture": "#2"},
				"west": {"uv": [0, 0, 1, 2], "texture": "#2"},
				"up": {"uv": [0, 0, 12, 1], "texture": "#2"},
				"down": {"uv": [0, 0, 12, 1], "texture": "#2"}
			}
		},
		{
			"from": [2, 12, 14],
			"to": [14, 14, 15],
			"faces": {
				"north": {"uv": [0, 0, 12, 2], "texture": "#2"},
				"east": {"uv": [0, 0, 1, 2], "texture": "#2"},
				"south": {"uv": [0, 0, 12, 2], "texture": "#2"},
				"west": {"uv": [0, 0, 1, 2], "texture": "#2"},
				"up": {"uv": [0, 0, 12, 1], "texture": "#2"},
				"down": {"uv": [0, 0, 12, 1], "texture": "#2"}
			}
		},
		{
			"from": [5, 15, 5],
			"to": [11, 16, 11],
			"faces": {
				"north": {"uv": [0, 0, 6, 1], "texture": "#5"},
				"east": {"uv": [0, 0, 6, 1], "texture": "#5"},
				"south": {"uv": [0, 0, 6, 1], "texture": "#5"},
				"west": {"uv": [0, 0, 6, 1], "texture": "#5"},
				"up": {"uv": [5, 5, 11, 11], "texture": "#5"},
				"down": {"uv": [0, 0, 6, 6], "texture": "#5"}
			}
		},
		{
			"from": [6, 13, 6],
			"to": [10, 15, 10],
			"faces": {
				"north": {"uv": [0, 0, 4, 2], "texture": "#5"},
				"east": {"uv": [0, 0, 4, 2], "texture": "#5"},
				"south": {"uv": [0, 0, 4, 2], "texture": "#5"},
				"west": {"uv": [0, 0, 4, 2], "texture": "#5"},
				"up": {"uv": [4, 5, 8, 9], "texture": "#5"},
				"down": {"uv": [0, 0, 4, 4], "texture": "#5"}
			}
		},
		{
			"from": [7, 12, 7],
			"to": [9, 13, 9],
			"faces": {
				"north": {"uv": [0, 0, 2, 1], "texture": "#5"},
				"east": {"uv": [0, 0, 2, 1], "texture": "#5"},
				"south": {"uv": [0, 0, 2, 1], "texture": "#5"},
				"west": {"uv": [0, 0, 2, 1], "texture": "#5"},
				"up": {"uv": [5, 6, 7, 8], "texture": "#5"},
				"down": {"uv": [0, 0, 2, 2], "texture": "#5"}
			}
		},
		{
			"from": [2, 10, 2],
			"to": [14, 12, 14],
			"faces": {
				"north": {"uv": [0, 0, 12, 3], "texture": "#2"},
				"east": {"uv": [0, 0, 12, 3], "texture": "#2"},
				"south": {"uv": [0, 0, 12, 3], "texture": "#2"},
				"west": {"uv": [0, 0, 12, 3], "texture": "#2"},
				"up": {"uv": [0, 0, 12, 12], "texture": "#2"},
				"down": {"uv": [0, 0, 12, 12], "texture": "#2"}
			}
		},
		{
			"from": [3, 1, 3],
			"to": [13, 10, 13],
			"faces": {
				"north": {"uv": [0, 0, 16, 16], "texture": "#3"},
				"east": {"uv": [0, 0, 16, 16], "texture": "#3"},
				"south": {"uv": [0, 0, 16, 16], "texture": "#3"},
				"west": {"uv": [0, 0, 16, 16], "texture": "#3"},
				"up": {"uv": [0, 0, 10, 10], "texture": "#3"},
				"down": {"uv": [0, 0, 10, 10], "texture": "#3"}
			}
		},
		{
			"from": [1, 0, 1],
			"to": [15, 1, 15],
			"faces": {
				"north": {"uv": [0, 0, 14, 1], "texture": "#1"},
				"east": {"uv": [0, 0, 14, 1], "texture": "#1"},
				"south": {"uv": [0, 0, 16, 16], "texture": "#1"},
				"west": {"uv": [0, 0, 14, 1], "texture": "#1"},
				"up": {"uv": [1, 1, 15, 15], "texture": "#1"},
				"down": {"uv": [0, 0, 16, 16], "texture": "#1"}
			}
		},
		{
			"from": [0, 0, 0],
			"to": [16, 0, 16],
			"faces": {
				"north": {"uv": [0, 0, 14, 1], "texture": "#1"},
				"east": {"uv": [0, 0, 14, 1], "texture": "#1"},
				"south": {"uv": [0, 0, 16, 16], "texture": "#1"},
				"west": {"uv": [0, 0, 14, 1], "texture": "#1"},
				"up": {"uv": [0, 0, 16, 16], "texture": "#1"},
				"down": {"uv": [1, 1, 15, 15], "texture": "#1"}
			}
		},
		{
			"from": [2, 12, 2],
			"to": [14, 14, 14],
			"faces": {
				"north": {"uv": [0, 0, 12, 2], "texture": "#6"},
				"east": {"uv": [0, 0, 12, 2], "texture": "#6"},
				"south": {"uv": [0, 0, 12, 2], "texture": "#6"},
				"west": {"uv": [0, 0, 12, 2], "texture": "#6"},
				"up": {"uv": [0, 0, 12, 12], "texture": "#6"},
				"down": {"uv": [0, 0, 12, 12], "texture": "#6"}
			}
		}
	],
	"display": {},
	"groups": [
		{
			"name": "up",
			"children": [0, 1, 2, 3]
		},
		{
			"name": "up",
			"children": [4, 5, 6, 7]
		}, 8, 9, 10, 11, 12, 13, 14, 15]
}