{
	"parent": "block/block",
	"textures": {
		"side": "block/crafting_table_front",
		"top": "asurvival:block/enhanced_crafting_table_top",
		"down": "asurvival:block/enhanced_crafting_table_down",
		"ring": "asurvival:block/enhanced_crafting_table_ring"
	},
	"elements": [
		{
			"from": [ 0.0, 0.0, 0.0 ], 
			"to": [ 16.0, 16.0, 16.0 ], 
			"faces": {
				"north": { "texture": "#side", "uv": [ 0.0, 16.0, 16.0, 0.0 ], "rotation": 180 },
				"east": { "texture": "#side", "uv": [ 0.0, 0.0, 15.9, 16.0 ] },
				"south": { "texture": "#side", "uv": [ 0.0, 0.0, 16.0, 16.0 ] },
				"west": { "texture": "#side", "uv": [ 0.0, 0.0, 15.9, 16.0 ] },
				"up": { "texture": "#top", "uv": [ 0.0, 0.0, 16.0, 15.9 ] },
				"down": { "texture": "#down", "uv": [ 0.0, 0.0, 16.0, 16.0 ] }
			}
		},
		{
			"from": [ -0.5, -0.5, -0.5 ], 
			"to": [ 0.5, 16.5, 0.5 ], 
			"faces": {
				"north": { "texture": "#ring", "uv": [ 0.0, 0.0, 1.0, 16.0 ] },
				"east": { "texture": "#ring", "uv": [ 0.0, 0.0, 1.0, 16.0 ] },
				"south": { "texture": "#ring", "uv": [ 0.0, 0.0, 1.0, 16.0 ] },
				"west": { "texture": "#ring", "uv": [ 0.0, 0.0, 1.0, 16.0 ] },
				"up": { "texture": "#ring", "uv": [ 0.0, 0.0, 1.0, 1.0 ] },
				"down": { "texture": "#ring", "uv": [ 0.0, 0.0, 1.0, 1.0 ] }
			}
		},
		{
			"from": [ 15.5, -0.5, -0.5 ], 
			"to": [ 16.5, 16.5, 0.5 ], 
			"faces": {
				"north": { "texture": "#ring", "uv": [ 0.0, 0.0, 1.0, 16.0 ] },
				"east": { "texture": "#ring", "uv": [ 0.0, 0.0, 1.0, 16.0 ] },
				"south": { "texture": "#ring", "uv": [ 0.0, 0.0, 1.0, 16.0 ] },
				"west": { "texture": "#ring", "uv": [ 0.0, 0.0, 1.0, 16.0 ] },
				"up": { "texture": "#ring", "uv": [ 0.0, 0.0, 1.0, 1.0 ] },
				"down": { "texture": "#ring", "uv": [ 0.0, 0.0, 1.0, 1.0 ] }
			}
		},
		{
			"from": [ 15.5, -0.5, 15.5 ], 
			"to": [ 16.5, 16.5, 16.5 ], 
			"faces": {
				"north": { "texture": "#ring", "uv": [ 0.0, 0.0, 1.0, 16.0 ] },
				"east": { "texture": "#ring", "uv": [ 0.0, 0.0, 1.0, 16.0 ] },
				"south": { "texture": "#ring", "uv": [ 0.0, 0.0, 1.0, 16.0 ] },
				"west": { "texture": "#ring", "uv": [ 0.0, 0.0, 1.0, 16.0 ] },
				"up": { "texture": "#ring", "uv": [ 0.0, 0.0, 1.0, 1.0 ] },
				"down": { "texture": "#ring", "uv": [ 0.0, 0.0, 1.0, 1.0 ] }
			}
		},
		{
			"from": [ -0.5, -0.5, 15.5 ], 
			"to": [ 0.5, 16.5, 16.5 ], 
			"faces": {
				"north": { "texture": "#ring", "uv": [ 0.0, 0.0, 1.0, 16.0 ] },
				"east": { "texture": "#ring", "uv": [ 0.0, 0.0, 1.0, 16.0 ] },
				"south": { "texture": "#ring", "uv": [ 0.0, 0.0, 1.0, 16.0 ] },
				"west": { "texture": "#ring", "uv": [ 0.0, 0.0, 1.0, 16.0 ] },
				"up": { "texture": "#ring", "uv": [ 0.0, 0.0, 1.0, 1.0 ] },
				"down": { "texture": "#ring", "uv": [ 0.0, 0.0, 1.0, 1.0 ] }
			}
		},
		{
			"from": [ 0.5, -0.5, -0.5 ], 
			"to": [ 15.5, 0.5, 0.5 ], 
			"faces": {
				"north": { "texture": "#ring", "uv": [ 0.0, 0.0, 15.0, 1.0 ] },
				"south": { "texture": "#ring", "uv": [ 0.0, 0.0, 15.0, 1.0 ] },
				"up": { "texture": "#ring", "uv": [ 0.0, 0.0, 15.0, 1.0 ] },
				"down": { "texture": "#ring", "uv": [ 0.0, 0.0, 15.0, 1.0 ] }
			}
		},
		{
			"from": [ 0.5, 15.5, -0.5 ], 
			"to": [ 15.5, 16.5, 0.5 ], 
			"faces": {
				"north": { "texture": "#ring", "uv": [ 0.0, 0.0, 15.0, 1.0 ] },
				"south": { "texture": "#ring", "uv": [ 0.0, 0.0, 15.0, 1.0 ] },
				"up": { "texture": "#ring", "uv": [ 0.0, 0.0, 15.0, 1.0 ] },
				"down": { "texture": "#ring", "uv": [ 0.0, 0.0, 15.0, 1.0 ] }
			}
		},
		{
			"from": [ 0.5, 15.5, 15.5 ], 
			"to": [ 15.5, 16.5, 16.5 ], 
			"faces": {
				"north": { "texture": "#ring", "uv": [ 0.0, 0.0, 15.0, 1.0 ] },
				"south": { "texture": "#ring", "uv": [ 0.0, 0.0, 15.0, 1.0 ] },
				"up": { "texture": "#ring", "uv": [ 0.0, 0.0, 15.0, 1.0 ] },
				"down": { "texture": "#ring", "uv": [ 0.0, 0.0, 15.0, 1.0 ] }
			}
		},
		{
			"from": [ 0.5, -0.5, 15.5 ], 
			"to": [ 15.5, 0.5, 16.5 ], 
			"faces": {
				"north": { "texture": "#ring", "uv": [ 0.0, 0.0, 15.0, 1.0 ] },
				"south": { "texture": "#ring", "uv": [ 0.0, 0.0, 15.0, 1.0 ] },
				"up": { "texture": "#ring", "uv": [ 0.0, 0.0, 15.0, 1.0 ] },
				"down": { "texture": "#ring", "uv": [ 0.0, 0.0, 15.0, 1.0 ] }
			}
		},
		{
			"from": [ -0.5, -0.5, 0.5 ], 
			"to": [ 0.5, 0.5, 15.5 ], 
			"faces": {
				"east": { "texture": "#ring", "uv": [ 0.0, 0.0, 15.0, 1.0 ] },
				"west": { "texture": "#ring", "uv": [ 0.0, 0.0, 15.0, 1.0 ] },
				"up": { "texture": "#ring", "uv": [ 0.0, 0.0, 1.0, 15.0 ] },
				"down": { "texture": "#ring", "uv": [ 0.0, 0.0, 1.0, 15.0 ] }
			}
		},
		{
			"from": [ -0.5, 15.5, 0.5 ], 
			"to": [ 0.5, 16.5, 15.5 ], 
			"faces": {
				"east": { "texture": "#ring", "uv": [ 0.0, 0.0, 15.0, 1.0 ] },
				"west": { "texture": "#ring", "uv": [ 0.0, 0.0, 15.0, 1.0 ] },
				"up": { "texture": "#ring", "uv": [ 0.0, 0.0, 1.0, 15.0 ] },
				"down": { "texture": "#ring", "uv": [ 0.0, 0.0, 1.0, 15.0 ] }
			}
		},
		{
			"from": [ 15.5, 15.5, 0.5 ], 
			"to": [ 16.5, 16.5, 15.5 ], 
			"faces": {
				"east": { "texture": "#ring", "uv": [ 0.0, 0.0, 15.0, 1.0 ] },
				"west": { "texture": "#ring", "uv": [ 0.0, 0.0, 15.0, 1.0 ] },
				"up": { "texture": "#ring", "uv": [ 0.0, 0.0, 1.0, 15.0 ] },
				"down": { "texture": "#ring", "uv": [ 0.0, 0.0, 1.0, 15.0 ] }
			}
		},
		{
			"from": [ 15.5, -0.5, 0.5 ], 
			"to": [ 16.5, 0.5, 15.5 ], 
			"faces": {
				"east": { "texture": "#ring", "uv": [ 0.0, 0.0, 15.0, 1.0 ] },
				"west": { "texture": "#ring", "uv": [ 0.0, 0.0, 15.0, 1.0 ] },
				"up": { "texture": "#ring", "uv": [ 0.0, 0.0, 1.0, 15.0 ] },
				"down": { "texture": "#ring", "uv": [ 0.0, 0.0, 1.0, 15.0 ] }
			}
		}
	]
}