{"textures":{"0":"block/gold_block","1":"block/redstone_block"},"elements":[{"from":[-9,-16,24],"to":[25,-13,25],"faces":{"north":{"uv":[0,13,16,16],"texture":"#0"},"east":{"uv":[11,13,12,16],"texture":"#0"},"south":{"uv":[0,13,15,16],"texture":"#0"},"west":{"uv":[9,13,10,16],"texture":"#0"},"up":{"uv":[0,0,16,1],"texture":"#0"},"down":{"uv":[0,15,16,16],"texture":"#0"}}},{"from":[-9,-16,-9],"to":[25,-13,-8],"faces":{"north":{"uv":[0,13,15,16],"texture":"#0"},"east":{"uv":[14,13,15,16],"texture":"#0"},"south":{"uv":[0,13,15,16],"texture":"#0"},"west":{"uv":[9,13,10,16],"texture":"#0"},"up":{"uv":[0,0,16,1],"texture":"#0"},"down":{"uv":[0,15,16,16],"texture":"#0"}}},{"from":[-9,-16,-8],"to":[-8,-13,24],"faces":{"north":{"uv":[0,0,1,3],"texture":"#0"},"east":{"uv":[0,13,16,16],"texture":"#0"},"south":{"uv":[0,0,1,3],"texture":"#0"},"west":{"uv":[0,13,15,16],"texture":"#0"},"up":{"uv":[0,0,1,16],"texture":"#0"},"down":{"uv":[15,0,16,16],"texture":"#0"}}},{"from":[24,-16,-8],"to":[25,-13,24],"faces":{"north":{"uv":[0,0,1,3],"texture":"#0"},"east":{"uv":[0,13,15,16],"texture":"#0"},"south":{"uv":[0,0,1,3],"texture":"#0"},"west":{"uv":[0,13,16,16],"texture":"#0"},"up":{"uv":[0,0,1,16],"texture":"#0"},"down":{"uv":[15,0,16,16],"texture":"#0"}}},{"from":[4,-15,23],"to":[12,-7,24],"faces":{"north":{"uv":[0,0,8,8],"texture":"#0"},"east":{"uv":[0,0,1,8],"texture":"#0"},"south":{"uv":[0,0,8,8],"texture":"#0"},"west":{"uv":[0,0,1,8],"texture":"#0"},"up":{"uv":[0,0,8,1],"texture":"#0"},"down":{"uv":[0,0,8,1],"texture":"#0"}}},{"from":[6,-7,23],"to":[10,-5,24],"faces":{"north":{"uv":[0,0,4,2],"texture":"#0"},"east":{"uv":[0,0,1,2],"texture":"#0"},"south":{"uv":[0,0,4,2],"texture":"#0"},"west":{"uv":[0,0,1,2],"texture":"#0"},"up":{"uv":[0,0,4,1],"texture":"#0"},"down":{"uv":[0,0,4,1],"texture":"#0"}}},{"from":[-8,-15,23],"to":[-5,-13,24],"faces":{"north":{"uv":[0,0,3,2],"texture":"#0"},"east":{"uv":[0,0,1,2],"texture":"#0"},"south":{"uv":[0,0,3,2],"texture":"#0"},"west":{"uv":[0,0,1,2],"texture":"#0"},"up":{"uv":[0,0,3,1],"texture":"#0"},"down":{"uv":[0,0,3,1],"texture":"#0"}}},{"from":[12,-15,23],"to":[15,-8,24],"faces":{"north":{"uv":[0,0,3,7],"texture":"#0"},"east":{"uv":[0,0,1,7],"texture":"#0"},"south":{"uv":[0,0,3,7],"texture":"#0"},"west":{"uv":[0,0,1,7],"texture":"#0"},"up":{"uv":[0,0,3,1],"texture":"#0"},"down":{"uv":[0,0,3,1],"texture":"#0"}}},{"from":[15,-15,23],"to":[18,-9,24],"faces":{"north":{"uv":[0,0,3,6],"texture":"#0"},"east":{"uv":[0,0,1,6],"texture":"#0"},"south":{"uv":[0,0,3,6],"texture":"#0"},"west":{"uv":[0,0,1,6],"texture":"#0"},"up":{"uv":[0,0,3,1],"texture":"#0"},"down":{"uv":[0,0,3,1],"texture":"#0"}}},{"from":[18,-15,23],"to":[21,-11,24],"faces":{"north":{"uv":[0,0,3,4],"texture":"#0"},"east":{"uv":[0,0,1,4],"texture":"#0"},"south":{"uv":[0,0,3,4],"texture":"#0"},"west":{"uv":[0,0,1,4],"texture":"#0"},"up":{"uv":[0,0,3,1],"texture":"#0"},"down":{"uv":[0,0,3,1],"texture":"#0"}}},{"from":[21,-15,23],"to":[24,-13,24],"faces":{"north":{"uv":[0,0,3,2],"texture":"#0"},"east":{"uv":[0,0,1,2],"texture":"#0"},"south":{"uv":[0,0,3,2],"texture":"#0"},"west":{"uv":[0,0,1,2],"texture":"#0"},"up":{"uv":[0,0,3,1],"texture":"#0"},"down":{"uv":[0,0,3,1],"texture":"#0"}}},{"from":[-5,-15,23],"to":[-2,-11,24],"faces":{"north":{"uv":[0,0,3,4],"texture":"#0"},"east":{"uv":[0,0,1,4],"texture":"#0"},"south":{"uv":[0,0,3,4],"texture":"#0"},"west":{"uv":[0,0,1,4],"texture":"#0"},"up":{"uv":[0,0,3,1],"texture":"#0"},"down":{"uv":[0,0,3,1],"texture":"#0"}}},{"from":[-2,-15,23],"to":[1,-9,24],"faces":{"north":{"uv":[0,0,3,6],"texture":"#0"},"east":{"uv":[0,0,1,6],"texture":"#0"},"south":{"uv":[0,0,3,6],"texture":"#0"},"west":{"uv":[0,0,1,6],"texture":"#0"},"up":{"uv":[0,0,3,1],"texture":"#0"},"down":{"uv":[0,0,3,1],"texture":"#0"}}},{"from":[1,-15,23],"to":[4,-8,24],"faces":{"north":{"uv":[0,0,3,7],"texture":"#0"},"east":{"uv":[0,0,1,7],"texture":"#0"},"south":{"uv":[0,0,3,7],"texture":"#0"},"west":{"uv":[0,0,1,7],"texture":"#0"},"up":{"uv":[0,0,3,1],"texture":"#0"},"down":{"uv":[0,0,3,1],"texture":"#0"}}},{"from":[4,-15,-8],"to":[12,-5,-7],"faces":{"north":{"uv":[4,4,12,12],"texture":"#0"},"east":{"uv":[0,0,1,8],"texture":"#0"},"south":{"uv":[6,7,14,15],"texture":"#0"},"west":{"uv":[0,0,1,8],"texture":"#0"},"up":{"uv":[0,0,8,1],"texture":"#0"},"down":{"uv":[0,0,8,1],"texture":"#0"}}},{"from":[6,-5,-8],"to":[10,-1,-7],"faces":{"north":{"uv":[6,3,10,8],"texture":"#0"},"east":{"uv":[0,0,1,5],"texture":"#0"},"south":{"uv":[7,6,11,11],"texture":"#0"},"west":{"uv":[0,0,1,5],"texture":"#0"},"up":{"uv":[0,0,4,1],"texture":"#0"},"down":{"uv":[0,0,4,1],"texture":"#0"}}},{"from":[-8,-15,-8],"to":[-5,-13,-7],"faces":{"north":{"uv":[0,0,3,2],"texture":"#0"},"east":{"uv":[0,0,1,2],"texture":"#0"},"south":{"uv":[8,7,11,9],"texture":"#0"},"west":{"uv":[0,0,1,2],"texture":"#0"},"up":{"uv":[0,0,3,1],"texture":"#0"},"down":{"uv":[0,0,3,1],"texture":"#0"}}},{"from":[12,-15,-8],"to":[15,-7,-7],"faces":{"north":{"uv":[8,4,11,11],"texture":"#0"},"east":{"uv":[0,0,1,7],"texture":"#0"},"south":{"uv":[5,4,8,11],"texture":"#0"},"west":{"uv":[0,0,1,7],"texture":"#0"},"up":{"uv":[0,0,3,1],"texture":"#0"},"down":{"uv":[0,0,3,1],"texture":"#0"}}},{"from":[15,-15,-8],"to":[18,-9,-7],"faces":{"north":{"uv":[7,5,10,11],"texture":"#0"},"east":{"uv":[0,0,1,6],"texture":"#0"},"south":{"uv":[5,5,8,11],"texture":"#0"},"west":{"uv":[0,0,1,6],"texture":"#0"},"up":{"uv":[0,0,3,1],"texture":"#0"},"down":{"uv":[0,0,3,1],"texture":"#0"}}},{"from":[18,-15,-8],"to":[21,-11,-7],"faces":{"north":{"uv":[3,6,6,10],"texture":"#0"},"east":{"uv":[0,0,1,4],"texture":"#0"},"south":{"uv":[8,8,11,12],"texture":"#0"},"west":{"uv":[0,0,1,4],"texture":"#0"},"up":{"uv":[0,0,3,1],"texture":"#0"},"down":{"uv":[0,0,3,1],"texture":"#0"}}},{"from":[21,-15,-8],"to":[24,-13,-7],"faces":{"north":{"uv":[0,0,3,2],"texture":"#0"},"east":{"uv":[0,0,1,2],"texture":"#0"},"south":{"uv":[6,7,9,9],"texture":"#0"},"west":{"uv":[0,0,1,2],"texture":"#0"},"up":{"uv":[0,0,3,1],"texture":"#0"},"down":{"uv":[0,0,3,1],"texture":"#0"}}},{"from":[-5,-15,-8],"to":[-2,-11,-7],"faces":{"north":{"uv":[9,4,12,8],"texture":"#0"},"east":{"uv":[0,0,1,4],"texture":"#0"},"south":{"uv":[7,8,10,12],"texture":"#0"},"west":{"uv":[0,0,1,4],"texture":"#0"},"up":{"uv":[0,0,3,1],"texture":"#0"},"down":{"uv":[0,0,3,1],"texture":"#0"}}},{"from":[-2,-15,-8],"to":[1,-9,-7],"faces":{"north":{"uv":[7,4,10,10],"texture":"#0"},"east":{"uv":[0,0,1,6],"texture":"#0"},"south":{"uv":[8,5,11,11],"texture":"#0"},"west":{"uv":[0,0,1,6],"texture":"#0"},"up":{"uv":[0,0,3,1],"texture":"#0"},"down":{"uv":[0,0,3,1],"texture":"#0"}}},{"from":[1,-15,-8],"to":[4,-7,-7],"faces":{"north":{"uv":[8,5,11,12],"texture":"#0"},"east":{"uv":[0,0,1,7],"texture":"#0"},"south":{"uv":[7,6,10,13],"texture":"#0"},"west":{"uv":[0,0,1,7],"texture":"#0"},"up":{"uv":[0,0,3,1],"texture":"#0"},"down":{"uv":[0,0,3,1],"texture":"#0"}}},{"from":[-8,-15,21],"to":[-7,-13,23],"faces":{"north":{"uv":[0,0,1,2],"texture":"#0"},"east":{"uv":[0,0,2,2],"texture":"#0"},"south":{"uv":[0,0,1,2],"texture":"#0"},"west":{"uv":[0,0,2,2],"texture":"#0"},"up":{"uv":[0,0,1,2],"texture":"#0"},"down":{"uv":[0,0,1,2],"texture":"#0"}}},{"from":[-8,-15,-5],"to":[-7,-11,-2],"faces":{"north":{"uv":[0,0,1,4],"texture":"#0"},"east":{"uv":[0,0,3,4],"texture":"#0"},"south":{"uv":[0,0,1,4],"texture":"#0"},"west":{"uv":[0,0,3,4],"texture":"#0"},"up":{"uv":[0,0,1,3],"texture":"#0"},"down":{"uv":[0,0,1,3],"texture":"#0"}}},{"from":[-8,-15,-2],"to":[-7,-9,1],"faces":{"north":{"uv":[0,0,1,6],"texture":"#0"},"east":{"uv":[0,0,3,6],"texture":"#0"},"south":{"uv":[0,0,1,6],"texture":"#0"},"west":{"uv":[0,0,3,6],"texture":"#0"},"up":{"uv":[0,0,1,3],"texture":"#0"},"down":{"uv":[0,0,1,3],"texture":"#0"}}},{"from":[-8,-15,1],"to":[-7,-8,4],"faces":{"north":{"uv":[0,0,1,7],"texture":"#0"},"east":{"uv":[0,0,3,7],"texture":"#0"},"south":{"uv":[0,0,1,7],"texture":"#0"},"west":{"uv":[0,0,3,7],"texture":"#0"},"up":{"uv":[0,0,1,3],"texture":"#0"},"down":{"uv":[0,0,1,3],"texture":"#0"}}},{"from":[-8,-15,4],"to":[-7,-7,12],"faces":{"north":{"uv":[0,0,1,8],"texture":"#0"},"east":{"uv":[0,0,8,8],"texture":"#0"},"south":{"uv":[0,0,1,8],"texture":"#0"},"west":{"uv":[0,0,8,8],"texture":"#0"},"up":{"uv":[0,0,1,8],"texture":"#0"},"down":{"uv":[0,0,1,8],"texture":"#0"}}},{"from":[-8,-7,6],"to":[-7,-5,10],"faces":{"north":{"uv":[0,0,1,2],"texture":"#0"},"east":{"uv":[0,0,4,2],"texture":"#0"},"south":{"uv":[0,0,1,2],"texture":"#0"},"west":{"uv":[0,0,4,2],"texture":"#0"},"up":{"uv":[0,0,1,4],"texture":"#0"},"down":{"uv":[0,0,1,4],"texture":"#0"}}},{"from":[-8,-15,-7],"to":[-7,-13,-5],"faces":{"north":{"uv":[0,0,1,2],"texture":"#0"},"east":{"uv":[0,0,2,2],"texture":"#0"},"south":{"uv":[0,0,1,2],"texture":"#0"},"west":{"uv":[0,0,2,2],"texture":"#0"},"up":{"uv":[0,0,1,2],"texture":"#0"},"down":{"uv":[0,0,1,2],"texture":"#0"}}},{"from":[-8,-15,18],"to":[-7,-11,21],"faces":{"north":{"uv":[0,0,1,4],"texture":"#0"},"east":{"uv":[0,0,3,4],"texture":"#0"},"south":{"uv":[0,0,1,4],"texture":"#0"},"west":{"uv":[0,0,3,4],"texture":"#0"},"up":{"uv":[0,0,1,3],"texture":"#0"},"down":{"uv":[0,0,1,3],"texture":"#0"}}},{"from":[-8,-15,15],"to":[-7,-9,18],"faces":{"north":{"uv":[0,0,1,6],"texture":"#0"},"east":{"uv":[0,0,3,6],"texture":"#0"},"south":{"uv":[0,0,1,6],"texture":"#0"},"west":{"uv":[0,0,3,6],"texture":"#0"},"up":{"uv":[0,0,1,3],"texture":"#0"},"down":{"uv":[0,0,1,3],"texture":"#0"}}},{"from":[-8,-15,12],"to":[-7,-8,15],"faces":{"north":{"uv":[0,0,1,7],"texture":"#0"},"east":{"uv":[0,0,3,7],"texture":"#0"},"south":{"uv":[0,0,1,7],"texture":"#0"},"west":{"uv":[0,0,3,7],"texture":"#0"},"up":{"uv":[0,0,1,3],"texture":"#0"},"down":{"uv":[0,0,1,3],"texture":"#0"}}},{"from":[23,-15,21],"to":[24,-13,23],"faces":{"north":{"uv":[0,0,1,2],"texture":"#0"},"east":{"uv":[0,0,2,2],"texture":"#0"},"south":{"uv":[0,0,1,2],"texture":"#0"},"west":{"uv":[0,0,2,2],"texture":"#0"},"up":{"uv":[0,0,1,2],"texture":"#0"},"down":{"uv":[0,0,1,2],"texture":"#0"}}},{"from":[23,-15,-5],"to":[24,-11,-2],"faces":{"north":{"uv":[0,0,1,4],"texture":"#0"},"east":{"uv":[0,0,3,4],"texture":"#0"},"south":{"uv":[0,0,1,4],"texture":"#0"},"west":{"uv":[0,0,3,4],"texture":"#0"},"up":{"uv":[0,0,1,3],"texture":"#0"},"down":{"uv":[0,0,1,3],"texture":"#0"}}},{"from":[23,-15,-2],"to":[24,-9,1],"faces":{"north":{"uv":[0,0,1,6],"texture":"#0"},"east":{"uv":[0,0,3,6],"texture":"#0"},"south":{"uv":[0,0,1,6],"texture":"#0"},"west":{"uv":[0,0,3,6],"texture":"#0"},"up":{"uv":[0,0,1,3],"texture":"#0"},"down":{"uv":[0,0,1,3],"texture":"#0"}}},{"from":[23,-15,1],"to":[24,-8,4],"faces":{"north":{"uv":[0,0,1,7],"texture":"#0"},"east":{"uv":[0,0,3,7],"texture":"#0"},"south":{"uv":[0,0,1,7],"texture":"#0"},"west":{"uv":[0,0,3,7],"texture":"#0"},"up":{"uv":[0,0,1,3],"texture":"#0"},"down":{"uv":[0,0,1,3],"texture":"#0"}}},{"from":[23,-15,4],"to":[24,-7,12],"faces":{"north":{"uv":[0,0,1,8],"texture":"#0"},"east":{"uv":[0,0,8,8],"texture":"#0"},"south":{"uv":[0,0,1,8],"texture":"#0"},"west":{"uv":[0,0,8,8],"texture":"#0"},"up":{"uv":[0,0,1,8],"texture":"#0"},"down":{"uv":[0,0,1,8],"texture":"#0"}}},{"from":[23,-7,6],"to":[24,-5,10],"faces":{"north":{"uv":[0,0,1,2],"texture":"#0"},"east":{"uv":[0,0,4,2],"texture":"#0"},"south":{"uv":[0,0,1,2],"texture":"#0"},"west":{"uv":[0,0,4,2],"texture":"#0"},"up":{"uv":[0,0,1,4],"texture":"#0"},"down":{"uv":[0,0,1,4],"texture":"#0"}}},{"from":[23,-15,-7],"to":[24,-13,-5],"faces":{"north":{"uv":[0,0,1,2],"texture":"#0"},"east":{"uv":[0,0,2,2],"texture":"#0"},"south":{"uv":[0,0,1,2],"texture":"#0"},"west":{"uv":[0,0,2,2],"texture":"#0"},"up":{"uv":[0,0,1,2],"texture":"#0"},"down":{"uv":[0,0,1,2],"texture":"#0"}}},{"from":[23,-15,18],"to":[24,-11,21],"faces":{"north":{"uv":[0,0,1,4],"texture":"#0"},"east":{"uv":[0,0,3,4],"texture":"#0"},"south":{"uv":[0,0,1,4],"texture":"#0"},"west":{"uv":[0,0,3,4],"texture":"#0"},"up":{"uv":[0,0,1,3],"texture":"#0"},"down":{"uv":[0,0,1,3],"texture":"#0"}}},{"from":[23,-15,15],"to":[24,-9,18],"faces":{"north":{"uv":[0,0,1,6],"texture":"#0"},"east":{"uv":[0,0,3,6],"texture":"#0"},"south":{"uv":[0,0,1,6],"texture":"#0"},"west":{"uv":[0,0,3,6],"texture":"#0"},"up":{"uv":[0,0,1,3],"texture":"#0"},"down":{"uv":[0,0,1,3],"texture":"#0"}}},{"from":[23,-15,12],"to":[24,-8,15],"faces":{"north":{"uv":[0,0,1,7],"texture":"#0"},"east":{"uv":[0,0,3,7],"texture":"#0"},"south":{"uv":[0,0,1,7],"texture":"#0"},"west":{"uv":[0,0,3,7],"texture":"#0"},"up":{"uv":[0,0,1,3],"texture":"#0"},"down":{"uv":[0,0,1,3],"texture":"#0"}}},{"from":[5.4,-11.2,-8.3],"to":[10.6,-6,-8],"rotation":{"angle":45,"axis":"z","origin":[8,-8.6,-8]},"faces":{"north":{"uv":[0,0,1.2,1.2],"rotation":270,"texture":"#1"},"east":{"uv":[0,0,1.2,0.3],"rotation":270,"texture":"#1"},"south":{"uv":[0,0,1.2,1.2],"rotation":90,"texture":"#1"},"west":{"uv":[0,0,1.2,0.3],"rotation":270,"texture":"#1"},"up":{"uv":[0,0,0.3,1.2],"rotation":90,"texture":"#1"},"down":{"uv":[0,0,0.3,1.2],"rotation":270,"texture":"#1"}}},{"from":[5.55,-11.05,-8.4],"to":[10.45,-6.15,-8.1],"rotation":{"angle":-45,"axis":"z","origin":[8,-8.6,-8]},"faces":{"north":{"uv":[0,0,0.9,0.9],"texture":"#1"},"east":{"uv":[0,0,0.3,0.9],"rotation":180,"texture":"#1"},"south":{"uv":[0,0,0.9,0.9],"texture":"#1"},"west":{"uv":[0,0,0.3,0.9],"rotation":180,"texture":"#1"},"up":{"uv":[0,0,0.9,0.3],"rotation":180,"texture":"#1"},"down":{"uv":[0,0,0.9,0.3],"rotation":180,"texture":"#1"}}},{"from":[5.55,-11.05,-8.4],"to":[10.45,-6.15,-8.1],"rotation":{"angle":-45,"axis":"z","origin":[8,-8.6,-8]},"faces":{"north":{"uv":[6,3,8.9,5.9],"texture":"#1"},"east":{"uv":[6,3,8.9,5.9],"texture":"#1"},"south":{"uv":[6,3,8.9,5.9],"texture":"#1"},"west":{"uv":[6,3,8.9,5.9],"texture":"#1"},"up":{"uv":[6,3,8.9,5.9],"texture":"#1"},"down":{"uv":[6,3,8.9,5.9],"texture":"#1"}}},{"from":[5.4,-11.2,-8.3],"to":[10.6,-6,-8],"rotation":{"angle":45,"axis":"z","origin":[8,-8.6,-8]},"faces":{"north":{"uv":[6,3,8.9,5.9],"rotation":270,"texture":"#1"},"east":{"uv":[6,3,8.9,5.9],"rotation":270,"texture":"#1"},"south":{"uv":[6,3,8.9,5.9],"rotation":270,"texture":"#1"},"west":{"uv":[6,3,8.9,5.9],"rotation":270,"texture":"#1"},"up":{"uv":[6,3,8.9,5.9],"rotation":270,"texture":"#1"},"down":{"uv":[6,3,8.9,5.9],"rotation":270,"texture":"#1"}}},{"from":[4.875,-10.85,-8.2],"to":[11.175,-6.4,-8],"faces":{"north":{"uv":[13,1,14,2],"rotation":180,"texture":"#1"},"east":{"uv":[13,1,14,2],"rotation":180,"texture":"#1"},"south":{"uv":[13,1,14,2],"rotation":180,"texture":"#1"},"west":{"uv":[13,1,14,2],"rotation":180,"texture":"#1"},"up":{"uv":[13,1,14,2],"rotation":180,"texture":"#1"},"down":{"uv":[13,1,14,2],"rotation":180,"texture":"#1"}}},{"from":[5.4,-10,-8.2],"to":[10.6,-5.8,-8],"rotation":{"angle":45,"axis":"z","origin":[8,-8.6,-8]},"faces":{"north":{"uv":[13,1,14,2],"rotation":270,"texture":"#1"},"east":{"uv":[13,1,14,2],"rotation":270,"texture":"#1"},"south":{"uv":[13,1,14,2],"rotation":270,"texture":"#1"},"west":{"uv":[13,1,14,2],"rotation":270,"texture":"#1"},"up":{"uv":[13,1,14,2],"rotation":270,"texture":"#1"},"down":{"uv":[13,1,14,2],"rotation":270,"texture":"#1"}}},{"from":[5.775,-11.75,-8.2],"to":[10.225,-5.45,-8],"faces":{"north":{"uv":[13,1,14,2],"rotation":270,"texture":"#1"},"east":{"uv":[13,1,14,2],"rotation":270,"texture":"#1"},"south":{"uv":[13,1,14,2],"rotation":270,"texture":"#1"},"west":{"uv":[13,1,14,2],"rotation":270,"texture":"#1"},"up":{"uv":[13,1,14,2],"rotation":270,"texture":"#1"},"down":{"uv":[13,1,14,2],"rotation":270,"texture":"#1"}}},{"from":[6.6,-11.2,-8.2],"to":[10.8,-6,-8],"rotation":{"angle":45,"axis":"z","origin":[8,-8.6,-8]},"faces":{"north":{"uv":[13,1,14,2],"rotation":180,"texture":"#1"},"east":{"uv":[13,1,14,2],"rotation":180,"texture":"#1"},"south":{"uv":[13,1,14,2],"rotation":180,"texture":"#1"},"west":{"uv":[13,1,14,2],"rotation":180,"texture":"#1"},"up":{"uv":[13,1,14,2],"rotation":180,"texture":"#1"},"down":{"uv":[13,1,14,2],"rotation":180,"texture":"#1"}}},{"from":[5.4,-11.4,-8.2],"to":[10.6,-7.2,-8],"rotation":{"angle":45,"axis":"z","origin":[8,-8.6,-8]},"faces":{"north":{"uv":[13,1,14,2],"rotation":270,"texture":"#1"},"east":{"uv":[13,1,14,2],"rotation":270,"texture":"#1"},"south":{"uv":[13,1,14,2],"rotation":270,"texture":"#1"},"west":{"uv":[13,1,14,2],"rotation":270,"texture":"#1"},"up":{"uv":[13,1,14,2],"rotation":270,"texture":"#1"},"down":{"uv":[13,1,14,2],"rotation":270,"texture":"#1"}}},{"from":[5.2,-11.2,-8.2],"to":[9.4,-6,-8],"rotation":{"angle":45,"axis":"z","origin":[8,-8.6,-8]},"faces":{"north":{"uv":[13,1,14,2],"texture":"#1"},"east":{"uv":[13,1,14,2],"texture":"#1"},"south":{"uv":[13,1,14,2],"texture":"#1"},"west":{"uv":[13,1,14,2],"texture":"#1"},"up":{"uv":[13,1,14,2],"texture":"#1"},"down":{"uv":[13,1,14,2],"texture":"#1"}}}],"display":{"head":{"translation":[0,65,0],"scale":[4,4,4]}}}