{"textures":{"0":"asurvival:mobs/frozen_zombie"},"elements":[{"from":[4,23.5,4],"to":[12,31.5,12],"faces":{"north":{"uv":[2,2,4,4],"texture":"#0"},"east":{"uv":[0,2,2,4],"texture":"#0"},"south":{"uv":[6,2,8,4],"texture":"#0"},"west":{"uv":[4,2,6,4],"texture":"#0"},"up":{"uv":[4,2,2,0],"texture":"#0"},"down":{"uv":[6,0,4,2],"texture":"#0"}}},{"from":[3.9,23.35,3.9],"to":[12.1,31.55,12.1],"faces":{"north":{"uv":[2,10,4,12],"texture":"#0"},"east":{"uv":[0,10,2,12],"texture":"#0"},"south":{"uv":[0,10,2,12],"texture":"#0"},"west":{"uv":[4,10,6,12],"texture":"#0"},"up":{"uv":[2,8,4,10],"texture":"#0"},"down":{"uv":[2,10,4,12],"texture":"#0"}}}],"display":{"head":{"translation":[0,-31,0],"scale":[1.6,1.6,1.6]}}}