{"textures":{"0":"asurvival:mobs/frozen_zombie"},"elements":[{"from":[-0.1,11.5,5.9],"to":[4.1,23.6,10.1],"rotation":{"angle":45,"axis":"x","origin":[8,22,8]},"faces":{"north":{"uv":[11,13,12,16],"texture":"#0"},"east":{"uv":[10,13,11,16],"texture":"#0"},"south":{"uv":[13,13,14,16],"texture":"#0"},"west":{"uv":[12,13,13,16],"texture":"#0"},"up":{"uv":[12,13,11,12],"texture":"#0"},"down":{"uv":[13,10,12,11],"texture":"#0"}}},{"from":[0,11.5,6],"to":[4,23.5,10],"rotation":{"angle":45,"axis":"x","origin":[8,22,8]},"faces":{"north":{"uv":[11,5,12,8],"texture":"#0"},"east":{"uv":[10,5,11,8],"texture":"#0"},"south":{"uv":[13,5,14,8],"texture":"#0"},"west":{"uv":[12,5,13,8],"texture":"#0"},"up":{"uv":[12,5,11,4],"texture":"#0"},"down":{"uv":[13,4,12,5],"texture":"#0"}}}],"display":{"thirdperson_lefthand":{"rotation":[45,0,0],"translation":[-6,-12,0.5]}}}