{"textures":{"0":"asurvival:mobs/animations/frozen_zombie"},"elements":[{"from":[4,11.5,6],"to":[12,23.5,10],"faces":{"north":{"uv":[2.5,2.5,3.5,3.99],"texture":"#0"},"east":{"uv":[2,2.5,2.5,4],"texture":"#0"},"south":{"uv":[4,2.5,5,4],"texture":"#0"},"west":{"uv":[3.5,2.5,4,3.99],"texture":"#0"},"up":{"uv":[3.5,2.5,2.5,2],"texture":"#0"},"down":{"uv":[4.5,2,3.5,2.5],"texture":"#0"}}},{"from":[7.99563,-0.49999,6.00436],"to":[11.99563,11.50001,10.00436],"rotation":{"angle":22.5,"axis":"x","origin":[8,10.5,8]},"faces":{"north":{"uv":[0.5,2.5,1,4],"texture":"#0"},"east":{"uv":[0,2.5,0.5,4],"texture":"#0"},"south":{"uv":[1.5,2.5,2,4],"texture":"#0"},"west":{"uv":[1,2.5,1.5,4],"texture":"#0"},"up":{"uv":[1,2.5,0.5,2],"texture":"#0"},"down":{"uv":[1.5,2,1,2.5],"texture":"#0"}}},{"from":[8,-0.5,6],"to":[12,11.5,10],"rotation":{"angle":22.5,"axis":"x","origin":[8,10.5,8]},"faces":{"north":{"uv":[0.5,6.5,1,8],"texture":"#0"},"east":{"uv":[0,6.5,0.5,8],"texture":"#0"},"south":{"uv":[1.5,6.5,2,8],"texture":"#0"},"west":{"uv":[1,6.5,1.5,8],"texture":"#0"},"up":{"uv":[0.5,0.5,0,0],"texture":"#0"},"down":{"uv":[0.5,0,0,0.5],"texture":"#0"}}},{"from":[3.99563,-0.49999,6.00436],"to":[7.99563,11.50001,10.00436],"rotation":{"angle":-22.5,"axis":"x","origin":[8,10.5,8]},"faces":{"north":{"uv":[0.5,6.5,1,8],"texture":"#0"},"east":{"uv":[0,6.5,0.5,8],"texture":"#0"},"south":{"uv":[1.5,6.5,2,8],"texture":"#0"},"west":{"uv":[1,6.5,1.5,8],"texture":"#0"},"up":{"uv":[0.5,0.5,0,0],"texture":"#0"},"down":{"uv":[0.5,0,0,0.5],"texture":"#0"}}},{"from":[4,-0.5,6],"to":[8,11.5,10],"rotation":{"angle":-22.5,"axis":"x","origin":[8,10.5,8]},"faces":{"north":{"uv":[0.5,2.5,1,4],"texture":"#0"},"east":{"uv":[0,2.5,0.5,4],"texture":"#0"},"south":{"uv":[1.5,2.5,2,4],"texture":"#0"},"west":{"uv":[1,2.5,1.5,4],"texture":"#0"},"up":{"uv":[1,2.5,0.5,2],"texture":"#0"},"down":{"uv":[1.5,2,1,2.5],"texture":"#0"}}},{"from":[4,-0.5,6],"to":[8,11.5,10],"faces":{"north":{"uv":[8.5,6.5,9,8],"texture":"#0"},"east":{"uv":[8,6.5,8.5,8],"texture":"#0"},"south":{"uv":[9.5,6.5,10,8],"texture":"#0"},"west":{"uv":[9,6.5,9.5,8],"texture":"#0"},"up":{"uv":[8.5,0.5,8,0],"texture":"#0"},"down":{"uv":[8.5,0,8,0.5],"texture":"#0"}}},{"from":[4,11.5,6],"to":[12,23.5,10],"faces":{"north":{"uv":[10.5,2.5,11.5,3.99],"texture":"#0"},"east":{"uv":[10,2.5,10.5,4],"texture":"#0"},"south":{"uv":[12,2.5,13,4],"texture":"#0"},"west":{"uv":[11.5,2.5,12,3.99],"texture":"#0"},"up":{"uv":[11.5,2.5,10.5,2],"texture":"#0"},"down":{"uv":[12.5,2,11.5,2.5],"texture":"#0"}}},{"from":[8,-0.5,6],"to":[12,11.5,10],"faces":{"north":{"uv":[8.5,2.5,9,4],"texture":"#0"},"east":{"uv":[8,2.5,8.5,4],"texture":"#0"},"south":{"uv":[9.5,2.5,10,4],"texture":"#0"},"west":{"uv":[9,2.5,9.5,4],"texture":"#0"},"up":{"uv":[9,2.5,8.5,2],"texture":"#0"},"down":{"uv":[9.5,2,9,2.5],"texture":"#0"}}},{"from":[4,-0.5,6],"to":[8,11.5,10],"faces":{"north":{"uv":[8.5,2.5,9,4],"texture":"#0"},"east":{"uv":[8,2.5,8.5,4],"texture":"#0"},"south":{"uv":[9.5,2.5,10,4],"texture":"#0"},"west":{"uv":[9,2.5,9.5,4],"texture":"#0"},"up":{"uv":[9,2.5,8.5,2],"texture":"#0"},"down":{"uv":[9.5,2,9,2.5],"texture":"#0"}}},{"from":[8,-0.5,6],"to":[12,11.5,10],"faces":{"north":{"uv":[8.5,6.5,9,8],"texture":"#0"},"east":{"uv":[8,6.5,8.5,8],"texture":"#0"},"south":{"uv":[9.5,6.5,10,8],"texture":"#0"},"west":{"uv":[9,6.5,9.5,8],"texture":"#0"},"up":{"uv":[8.5,0.5,8,0],"texture":"#0"},"down":{"uv":[8.5,0,8,0.5],"texture":"#0"}}},{"from":[4,11.5,6],"to":[12,23.5,10],"faces":{"north":{"uv":[2.5,10.5,3.5,11.99],"texture":"#0"},"east":{"uv":[2,10.5,2.5,12],"texture":"#0"},"south":{"uv":[4,10.5,5,12],"texture":"#0"},"west":{"uv":[3.5,10.5,4,11.99],"texture":"#0"},"up":{"uv":[3.5,10.5,2.5,10],"texture":"#0"},"down":{"uv":[4.5,10,3.5,10.5],"texture":"#0"}}},{"from":[7.99563,-0.49999,6.00436],"to":[11.99563,11.50001,10.00436],"rotation":{"angle":-22.5,"axis":"x","origin":[8,10.5,8]},"faces":{"north":{"uv":[0.5,10.5,1,12],"texture":"#0"},"east":{"uv":[0,10.5,0.5,12],"texture":"#0"},"south":{"uv":[1.5,10.5,2,12],"texture":"#0"},"west":{"uv":[1,10.5,1.5,12],"texture":"#0"},"up":{"uv":[1,10.5,0.5,10],"texture":"#0"},"down":{"uv":[1.5,10,1,10.5],"texture":"#0"}}},{"from":[8,-0.5,6],"to":[12,11.5,10],"rotation":{"angle":-22.5,"axis":"x","origin":[8,10.5,8]},"faces":{"north":{"uv":[0.5,14.5,1,16],"texture":"#0"},"east":{"uv":[0,14.5,0.5,16],"texture":"#0"},"south":{"uv":[1.5,14.5,2,16],"texture":"#0"},"west":{"uv":[1,14.5,1.5,16],"texture":"#0"},"up":{"uv":[0.5,8.5,0,8],"texture":"#0"},"down":{"uv":[0.5,8,0,8.5],"texture":"#0"}}},{"from":[3.99563,-0.49999,6.00436],"to":[7.99563,11.50001,10.00436],"rotation":{"angle":22.5,"axis":"x","origin":[8,10.5,8]},"faces":{"north":{"uv":[0.5,14.5,1,16],"texture":"#0"},"east":{"uv":[0,14.5,0.5,16],"texture":"#0"},"south":{"uv":[1.5,14.5,2,16],"texture":"#0"},"west":{"uv":[1,14.5,1.5,16],"texture":"#0"},"up":{"uv":[0.5,8.5,0,8],"texture":"#0"},"down":{"uv":[0.5,8,0,8.5],"texture":"#0"}}},{"from":[4,-0.5,6],"to":[8,11.5,10],"rotation":{"angle":22.5,"axis":"x","origin":[8,10.5,8]},"faces":{"north":{"uv":[0.5,10.5,1,12],"texture":"#0"},"east":{"uv":[0,10.5,0.5,12],"texture":"#0"},"south":{"uv":[1.5,10.5,2,12],"texture":"#0"},"west":{"uv":[1,10.5,1.5,12],"texture":"#0"},"up":{"uv":[1,10.5,0.5,10],"texture":"#0"},"down":{"uv":[1.5,10,1,10.5],"texture":"#0"}}}],"display":{"head":{"translation":[0,-66.8,0],"scale":[1.6,1.6,1.6]}}}