{
	"textures": {
		"0": "asurvival:mobs/infected_skeleton",
		"1": "asurvival:mobs/overgrowth"
	},
	"elements": [
		{
			"from": [4, 9, 6],
			"to": [12, 21, 10],
			"faces": {
				"north": {"uv": [10, 10, 14, 16], "texture": "#0"},
				"east": {"uv": [14, 10, 16, 16], "texture": "#0"},
				"south": {"uv": [12, 2, 16, 8], "texture": "#0"},
				"west": {"uv": [8, 10, 10, 16], "texture": "#0"},
				"up": {"uv": [11.25, 8.75, 13.25, 9.75], "rotation": 180, "texture": "#0"},
				"down": {"uv": [12, 0, 16, 2], "rotation": 180, "texture": "#0"}
			}
		},
		{
			"from": [5, 3, 7],
			"to": [7, 9, 9],
			"faces": {
				"north": {"uv": [7, 12, 8, 15], "texture": "#0"},
				"east": {"uv": [7, 12, 8, 15], "texture": "#0"},
				"south": {"uv": [7, 12, 8, 15], "texture": "#0"},
				"west": {"uv": [7, 12, 8, 15], "texture": "#0"},
				"up": {"uv": [7, 9, 8, 10], "texture": "#0"},
				"down": {"uv": [7, 12, 8, 15], "texture": "#0"}
			}
		},
		{
			"from": [5, -3, 7],
			"to": [7, 3, 9],
			"faces": {
				"north": {"uv": [12, 2.5, 12.5, 4], "texture": "#1"},
				"east": {"uv": [12, 2.5, 12.5, 4], "texture": "#1"},
				"south": {"uv": [12, 2.5, 12.5, 4], "texture": "#1"},
				"west": {"uv": [12, 2.5, 12.5, 4], "texture": "#1"},
				"up": {"uv": [12, 2.5, 12.5, 4], "texture": "#1"},
				"down": {"uv": [12, 2, 12.5, 2.5], "texture": "#1"}
			}
		},
		{
			"from": [9, -3, 7],
			"to": [11, 3, 9],
			"faces": {
				"north": {"uv": [1, 12, 2, 15], "texture": "#0"},
				"east": {"uv": [2, 12, 3, 15], "texture": "#0"},
				"south": {"uv": [3, 12, 4, 15], "texture": "#0"},
				"west": {"uv": [0, 12, 1, 15], "texture": "#0"},
				"up": {"uv": [1, 8, 2, 9], "texture": "#0"},
				"down": {"uv": [1, 8, 2, 9], "texture": "#0"}
			}
		},
		{
			"from": [9, 3, 7],
			"to": [11, 9, 9],
			"faces": {
				"north": {"uv": [1, 9, 2, 12], "texture": "#0"},
				"east": {"uv": [2, 9, 3, 12], "texture": "#0"},
				"south": {"uv": [3, 9, 4, 12], "texture": "#0"},
				"west": {"uv": [0, 9, 1, 12], "texture": "#0"},
				"up": {"uv": [1, 8, 2, 9], "texture": "#0"},
				"down": {"uv": [1, 8, 2, 9], "texture": "#0"}
			}
		},
		{
			"from": [4, 9, 10.1],
			"to": [12, 21, 10.1],
			"faces": {
				"north": {"uv": [10, 9, 12, 12], "texture": "#1"},
				"east": {"uv": [14, 10, 16, 16], "texture": "#0"},
				"south": {"uv": [10, 9, 12, 12], "texture": "#1"},
				"west": {"uv": [8, 10, 10, 16], "texture": "#0"},
				"up": {"uv": [11.25, 8.75, 13.25, 9.75], "rotation": 180, "texture": "#0"},
				"down": {"uv": [12, 0, 16, 2], "rotation": 180, "texture": "#0"}
			}
		},
		{
			"from": [8, 9, 7.5],
			"to": [11, 12, 7.5],
			"faces": {
				"north": {"uv": [8, 0, 10, 1.75], "texture": "#1"},
				"east": {"uv": [0, 0, 0, 5], "texture": "#1"},
				"south": {"uv": [8, 0, 10, 1.75], "texture": "#1"},
				"west": {"uv": [0, 0, 0, 5], "rotation": 180, "texture": "#1"},
				"up": {"uv": [0, 0, 4, 0], "texture": "#1"},
				"down": {"uv": [0, 0, 4, 0], "rotation": 180, "texture": "#1"}
			}
		},
		{
			"from": [9.5, 9, 6],
			"to": [9.5, 12, 9],
			"faces": {
				"north": {"uv": [0, 0, 0, 5], "texture": "#1"},
				"east": {"uv": [8, 0, 10, 1.75], "texture": "#1"},
				"south": {"uv": [0, 0, 0, 5], "rotation": 180, "texture": "#1"},
				"west": {"uv": [8, 0, 10, 1.75], "texture": "#1"},
				"up": {"uv": [0, 0, 4, 0], "rotation": 270, "texture": "#1"},
				"down": {"uv": [0, 0, 4, 0], "rotation": 270, "texture": "#1"}
			}
		},
		{
			"from": [7.7, -2.00003, 8],
			"to": [12.7, 2.99997, 8],
			"rotation": {"angle": -22.5, "axis": "z", "origin": [11.5, -1.50003, 8]},
			"faces": {
				"north": {"uv": [14.25, 10.5, 15.5, 11.75], "rotation": 180, "texture": "#1"},
				"east": {"uv": [0, 0, 0, 5], "texture": "#1"},
				"south": {"uv": [14.25, 10.5, 15.5, 11.75], "rotation": 180, "texture": "#1"},
				"west": {"uv": [0, 0, 0, 5], "rotation": 180, "texture": "#1"},
				"up": {"uv": [0, 0, 4, 0], "texture": "#1"},
				"down": {"uv": [0, 0, 4, 0], "rotation": 180, "texture": "#1"}
			}
		},
		{
			"from": [9.7966, -2.00309, 5.55646],
			"to": [9.7966, 2.99691, 10.55646],
			"faces": {
				"north": {"uv": [0, 0, 0, 5], "texture": "#1"},
				"east": {"uv": [14.25, 10.5, 15.5, 11.75], "rotation": 180, "texture": "#1"},
				"south": {"uv": [0, 0, 0, 5], "rotation": 180, "texture": "#1"},
				"west": {"uv": [14.25, 10.5, 15.5, 11.75], "rotation": 180, "texture": "#1"},
				"up": {"uv": [0, 0, 4, 0], "rotation": 270, "texture": "#1"},
				"down": {"uv": [0, 0, 4, 0], "rotation": 270, "texture": "#1"}
			}
		},
		{
			"from": [9.7966, -2.00309, 5.55646],
			"to": [9.7966, 2.99691, 10.55646],
			"rotation": {"angle": 45, "axis": "y", "origin": [9.7966, 0.49691, 8.05646]},
			"faces": {
				"north": {"uv": [0, 0, 0, 5], "texture": "#1"},
				"east": {"uv": [14.25, 10.5, 15.5, 11.75], "rotation": 180, "texture": "#1"},
				"south": {"uv": [0, 0, 0, 5], "rotation": 180, "texture": "#1"},
				"west": {"uv": [14.25, 10.5, 15.5, 11.75], "rotation": 180, "texture": "#1"},
				"up": {"uv": [0, 0, 4, 0], "rotation": 270, "texture": "#1"},
				"down": {"uv": [0, 0, 4, 0], "rotation": 270, "texture": "#1"}
			}
		},
		{
			"from": [9.7966, -2.00309, 5.55646],
			"to": [9.7966, 2.99691, 10.55646],
			"rotation": {"angle": -45, "axis": "y", "origin": [9.7966, 0.49691, 8.05646]},
			"faces": {
				"north": {"uv": [0, 0, 0, 5], "texture": "#1"},
				"east": {"uv": [14.25, 10.5, 15.5, 11.75], "rotation": 180, "texture": "#1"},
				"south": {"uv": [0, 0, 0, 5], "rotation": 180, "texture": "#1"},
				"west": {"uv": [14.25, 10.5, 15.5, 11.75], "rotation": 180, "texture": "#1"},
				"up": {"uv": [0, 0, 4, 0], "rotation": 270, "texture": "#1"},
				"down": {"uv": [0, 0, 4, 0], "rotation": 270, "texture": "#1"}
			}
		}
	],
	"display": {
		"head": {
			"translation": [0, -64, 0],
			"scale": [1.6, 1.6, 1.6]
		}
	}
}