{"textures":{"0":"asurvival:mobs/infected_skeleton","1":"asurvival:mobs/jungle_bow_0"},"elements":[{"from":[2,9,7],"to":[4,21,9],"faces":{"north":{"uv":[4.5,9,5.5,15],"texture":"#0"},"east":{"uv":[0,9,1,15],"texture":"#0"},"south":{"uv":[6,9,7,15],"texture":"#0"},"west":{"uv":[5,9,6,15],"texture":"#0"},"up":{"uv":[1,8,2,9],"texture":"#0"},"down":{"uv":[1,8,2,9],"texture":"#0"}}},{"from":[3.4,0.1,15.65],"to":[4.4,1.1,16.65],"rotation":{"angle":-45,"axis":"x","origin":[6,9,0.5]},"faces":{"north":{"uv":[0.25,0.25,0.75,0.75],"rotation":270,"texture":"#1"},"east":{"uv":[0.25,0.25,0.75,0.75],"rotation":90,"texture":"#1"},"south":{"uv":[0.25,0.25,0.75,0.75],"rotation":270,"texture":"#1"},"west":{"uv":[0.25,0.25,0.75,0.75],"rotation":270,"texture":"#1"},"up":{"uv":[0.25,0.25,0.75,0.75],"texture":"#1"},"down":{"uv":[0.25,0.25,0.75,0.75],"rotation":180,"texture":"#1"}}},{"from":[3.4,-0.9,14.65],"to":[4.4,0.1,15.65],"rotation":{"angle":-45,"axis":"x","origin":[6,9,0.5]},"faces":{"north":{"uv":[1.25,0.25,1.75,0.75],"rotation":270,"texture":"#1"},"east":{"uv":[1.25,0.25,1.75,0.75],"rotation":90,"texture":"#1"},"south":{"uv":[1.25,0.25,1.75,0.75],"rotation":270,"texture":"#1"},"west":{"uv":[1.25,0.25,1.75,0.75],"rotation":270,"texture":"#1"},"up":{"uv":[1.25,0.25,1.75,0.75],"texture":"#1"},"down":{"uv":[1.25,0.25,1.75,0.75],"rotation":180,"texture":"#1"}}},{"from":[3.4,0.1,14.65],"to":[4.4,1.1,15.65],"rotation":{"angle":-45,"axis":"x","origin":[6,9,0.5]},"faces":{"north":{"uv":[2.25,0.25,2.75,0.75],"rotation":270,"texture":"#1"},"east":{"uv":[2.25,0.25,2.75,0.75],"rotation":90,"texture":"#1"},"south":{"uv":[2.25,0.25,2.75,0.75],"rotation":270,"texture":"#1"},"west":{"uv":[2.25,0.25,2.75,0.75],"rotation":270,"texture":"#1"},"up":{"uv":[2.25,0.25,2.75,0.75],"texture":"#1"},"down":{"uv":[2.25,0.25,2.75,0.75],"rotation":180,"texture":"#1"}}},{"from":[3.4,1.1,14.65],"to":[4.4,2.1,15.65],"rotation":{"angle":-45,"axis":"x","origin":[6,9,0.5]},"faces":{"north":{"uv":[3.25,0.25,3.75,0.75],"rotation":270,"texture":"#1"},"east":{"uv":[3.25,0.25,3.75,0.75],"rotation":90,"texture":"#1"},"south":{"uv":[3.25,0.25,3.75,0.75],"rotation":270,"texture":"#1"},"west":{"uv":[3.25,0.25,3.75,0.75],"rotation":270,"texture":"#1"},"up":{"uv":[3.25,0.25,3.75,0.75],"texture":"#1"},"down":{"uv":[3.25,0.25,3.75,0.75],"rotation":180,"texture":"#1"}}},{"from":[3.4,2.1,14.65],"to":[4.4,3.1,15.65],"rotation":{"angle":-45,"axis":"x","origin":[6,9,0.5]},"faces":{"north":{"uv":[4.25,0.25,4.75,0.75],"rotation":270,"texture":"#1"},"east":{"uv":[4.25,0.25,4.75,0.75],"rotation":90,"texture":"#1"},"south":{"uv":[4.25,0.25,4.75,0.75],"rotation":270,"texture":"#1"},"west":{"uv":[4.25,0.25,4.75,0.75],"rotation":270,"texture":"#1"},"up":{"uv":[4.25,0.25,4.75,0.75],"texture":"#1"},"down":{"uv":[4.25,0.25,4.75,0.75],"rotation":180,"texture":"#1"}}},{"from":[3.4,-0.9,13.65],"to":[4.4,0.1,14.65],"rotation":{"angle":-45,"axis":"x","origin":[6,9,0.5]},"faces":{"north":{"uv":[5.25,0.25,5.75,0.75],"rotation":270,"texture":"#1"},"east":{"uv":[5.25,0.25,5.75,0.75],"rotation":90,"texture":"#1"},"south":{"uv":[5.25,0.25,5.75,0.75],"rotation":270,"texture":"#1"},"west":{"uv":[5.25,0.25,5.75,0.75],"rotation":270,"texture":"#1"},"up":{"uv":[5.25,0.25,5.75,0.75],"texture":"#1"},"down":{"uv":[5.25,0.25,5.75,0.75],"rotation":180,"texture":"#1"}}},{"from":[3.4,0.1,13.65],"to":[4.4,1.1,14.65],"rotation":{"angle":-45,"axis":"x","origin":[6,9,0.5]},"faces":{"north":{"uv":[6.25,0.25,6.75,0.75],"rotation":270,"texture":"#1"},"east":{"uv":[6.25,0.25,6.75,0.75],"rotation":90,"texture":"#1"},"south":{"uv":[6.25,0.25,6.75,0.75],"rotation":270,"texture":"#1"},"west":{"uv":[6.25,0.25,6.75,0.75],"rotation":270,"texture":"#1"},"up":{"uv":[6.25,0.25,6.75,0.75],"texture":"#1"},"down":{"uv":[6.25,0.25,6.75,0.75],"rotation":180,"texture":"#1"}}},{"from":[3.4,1.1,13.65],"to":[4.4,2.1,14.65],"rotation":{"angle":-45,"axis":"x","origin":[6,9,0.5]},"faces":{"north":{"uv":[7.25,0.25,7.75,0.75],"rotation":270,"texture":"#1"},"east":{"uv":[7.25,0.25,7.75,0.75],"rotation":90,"texture":"#1"},"south":{"uv":[7.25,0.25,7.75,0.75],"rotation":270,"texture":"#1"},"west":{"uv":[7.25,0.25,7.75,0.75],"rotation":270,"texture":"#1"},"up":{"uv":[7.25,0.25,7.75,0.75],"texture":"#1"},"down":{"uv":[7.25,0.25,7.75,0.75],"rotation":180,"texture":"#1"}}},{"from":[3.4,3.1,13.65],"to":[4.4,5.1,14.65],"rotation":{"angle":-45,"axis":"x","origin":[6,9,0.5]},"faces":{"north":{"uv":[4.25,0.25,4.75,0.75],"rotation":270,"texture":"#1"},"east":{"uv":[4.25,0.25,4.75,0.75],"rotation":90,"texture":"#1"},"south":{"uv":[4.25,0.25,4.75,0.75],"rotation":270,"texture":"#1"},"west":{"uv":[4.25,0.25,4.75,0.75],"rotation":270,"texture":"#1"},"up":{"uv":[4.25,0.25,4.75,0.75],"texture":"#1"},"down":{"uv":[4.25,0.25,4.75,0.75],"rotation":180,"texture":"#1"}}},{"from":[3.4,-0.9,12.65],"to":[4.4,0.1,13.65],"rotation":{"angle":-45,"axis":"x","origin":[6,9,0.5]},"faces":{"north":{"uv":[8.25,0.25,8.75,0.75],"rotation":270,"texture":"#1"},"east":{"uv":[8.25,0.25,8.75,0.75],"rotation":90,"texture":"#1"},"south":{"uv":[8.25,0.25,8.75,0.75],"rotation":270,"texture":"#1"},"west":{"uv":[8.25,0.25,8.75,0.75],"rotation":270,"texture":"#1"},"up":{"uv":[8.25,0.25,8.75,0.75],"texture":"#1"},"down":{"uv":[8.25,0.25,8.75,0.75],"rotation":180,"texture":"#1"}}},{"from":[3.4,0.1,12.65],"to":[4.4,1.1,13.65],"rotation":{"angle":-45,"axis":"x","origin":[6,9,0.5]},"faces":{"north":{"uv":[9.25,0.25,9.75,0.75],"rotation":270,"texture":"#1"},"east":{"uv":[9.25,0.25,9.75,0.75],"rotation":90,"texture":"#1"},"south":{"uv":[9.25,0.25,9.75,0.75],"rotation":270,"texture":"#1"},"west":{"uv":[9.25,0.25,9.75,0.75],"rotation":270,"texture":"#1"},"up":{"uv":[9.25,0.25,9.75,0.75],"texture":"#1"},"down":{"uv":[9.25,0.25,9.75,0.75],"rotation":180,"texture":"#1"}}},{"from":[3.4,1.1,12.65],"to":[4.4,2.1,13.65],"rotation":{"angle":-45,"axis":"x","origin":[6,9,0.5]},"faces":{"north":{"uv":[10.25,0.25,10.75,0.75],"rotation":270,"texture":"#1"},"east":{"uv":[10.25,0.25,10.75,0.75],"rotation":90,"texture":"#1"},"south":{"uv":[10.25,0.25,10.75,0.75],"rotation":270,"texture":"#1"},"west":{"uv":[10.25,0.25,10.75,0.75],"rotation":270,"texture":"#1"},"up":{"uv":[10.25,0.25,10.75,0.75],"texture":"#1"},"down":{"uv":[10.25,0.25,10.75,0.75],"rotation":180,"texture":"#1"}}},{"from":[3.4,5.1,12.65],"to":[4.4,6.1,13.65],"rotation":{"angle":-45,"axis":"x","origin":[6,9,0.5]},"faces":{"north":{"uv":[4.25,0.25,4.75,0.75],"rotation":270,"texture":"#1"},"east":{"uv":[4.25,0.25,4.75,0.75],"rotation":90,"texture":"#1"},"south":{"uv":[4.25,0.25,4.75,0.75],"rotation":270,"texture":"#1"},"west":{"uv":[4.25,0.25,4.75,0.75],"rotation":270,"texture":"#1"},"up":{"uv":[4.25,0.25,4.75,0.75],"texture":"#1"},"down":{"uv":[4.25,0.25,4.75,0.75],"rotation":180,"texture":"#1"}}},{"from":[3.4,-0.9,0.65],"to":[4.4,0.1,1.65],"rotation":{"angle":-45,"axis":"x","origin":[6,9,0.5]},"faces":{"north":{"uv":[11.25,0.25,11.75,0.75],"rotation":270,"texture":"#1"},"east":{"uv":[11.25,0.25,11.75,0.75],"rotation":90,"texture":"#1"},"south":{"uv":[11.25,0.25,11.75,0.75],"rotation":270,"texture":"#1"},"west":{"uv":[11.25,0.25,11.75,0.75],"rotation":270,"texture":"#1"},"up":{"uv":[11.25,0.25,11.75,0.75],"texture":"#1"},"down":{"uv":[11.25,0.25,11.75,0.75],"rotation":180,"texture":"#1"}}},{"from":[3.4,-0.9,11.65],"to":[4.4,0.1,12.65],"rotation":{"angle":-45,"axis":"x","origin":[6,9,0.5]},"faces":{"north":{"uv":[12.25,0.25,12.75,0.75],"rotation":270,"texture":"#1"},"east":{"uv":[12.25,0.25,12.75,0.75],"rotation":90,"texture":"#1"},"south":{"uv":[12.25,0.25,12.75,0.75],"rotation":270,"texture":"#1"},"west":{"uv":[12.25,0.25,12.75,0.75],"rotation":270,"texture":"#1"},"up":{"uv":[12.25,0.25,12.75,0.75],"texture":"#1"},"down":{"uv":[12.25,0.25,12.75,0.75],"rotation":180,"texture":"#1"}}},{"from":[3.4,0.1,11.65],"to":[4.4,1.1,12.65],"rotation":{"angle":-45,"axis":"x","origin":[6,9,0.5]},"faces":{"north":{"uv":[13.25,0.25,13.75,0.75],"rotation":270,"texture":"#1"},"east":{"uv":[13.25,0.25,13.75,0.75],"rotation":90,"texture":"#1"},"south":{"uv":[13.25,0.25,13.75,0.75],"rotation":270,"texture":"#1"},"west":{"uv":[13.25,0.25,13.75,0.75],"rotation":270,"texture":"#1"},"up":{"uv":[13.25,0.25,13.75,0.75],"texture":"#1"},"down":{"uv":[13.25,0.25,13.75,0.75],"rotation":180,"texture":"#1"}}},{"from":[3.4,1.1,11.65],"to":[4.4,2.1,12.65],"rotation":{"angle":-45,"axis":"x","origin":[6,9,0.5]},"faces":{"north":{"uv":[0.25,0.25,0.75,0.75],"rotation":270,"texture":"#1"},"east":{"uv":[0.25,0.25,0.75,0.75],"rotation":90,"texture":"#1"},"south":{"uv":[0.25,0.25,0.75,0.75],"rotation":270,"texture":"#1"},"west":{"uv":[0.25,0.25,0.75,0.75],"rotation":270,"texture":"#1"},"up":{"uv":[0.25,0.25,0.75,0.75],"texture":"#1"},"down":{"uv":[0.25,0.25,0.75,0.75],"rotation":180,"texture":"#1"}}},{"from":[3.4,12.1,1.65],"to":[4.4,13.1,2.65],"rotation":{"angle":-45,"axis":"x","origin":[6,9,0.5]},"faces":{"north":{"uv":[14.25,0.25,14.75,0.75],"rotation":270,"texture":"#1"},"east":{"uv":[14.25,0.25,14.75,0.75],"rotation":90,"texture":"#1"},"south":{"uv":[14.25,0.25,14.75,0.75],"rotation":270,"texture":"#1"},"west":{"uv":[14.25,0.25,14.75,0.75],"rotation":270,"texture":"#1"},"up":{"uv":[14.25,0.25,14.75,0.75],"texture":"#1"},"down":{"uv":[14.25,0.25,14.75,0.75],"rotation":180,"texture":"#1"}}},{"from":[3.4,6.1,11.65],"to":[4.4,7.1,12.65],"rotation":{"angle":-45,"axis":"x","origin":[6,9,0.5]},"faces":{"north":{"uv":[15.25,0.25,15.75,0.75],"rotation":270,"texture":"#1"},"east":{"uv":[15.25,0.25,15.75,0.75],"rotation":90,"texture":"#1"},"south":{"uv":[15.25,0.25,15.75,0.75],"rotation":270,"texture":"#1"},"west":{"uv":[15.25,0.25,15.75,0.75],"rotation":270,"texture":"#1"},"up":{"uv":[15.25,0.25,15.75,0.75],"texture":"#1"},"down":{"uv":[15.25,0.25,15.75,0.75],"rotation":180,"texture":"#1"}}},{"from":[3.4,7.1,11.65],"to":[4.4,8.1,12.65],"rotation":{"angle":-45,"axis":"x","origin":[6,9,0.5]},"faces":{"north":{"uv":[4.25,0.25,4.75,0.75],"rotation":270,"texture":"#1"},"east":{"uv":[4.25,0.25,4.75,0.75],"rotation":90,"texture":"#1"},"south":{"uv":[4.25,0.25,4.75,0.75],"rotation":270,"texture":"#1"},"west":{"uv":[4.25,0.25,4.75,0.75],"rotation":270,"texture":"#1"},"up":{"uv":[4.25,0.25,4.75,0.75],"texture":"#1"},"down":{"uv":[4.25,0.25,4.75,0.75],"rotation":180,"texture":"#1"}}},{"from":[3.4,0.1,8.65],"to":[4.4,1.1,11.65],"rotation":{"angle":-45,"axis":"x","origin":[6,9,0.5]},"faces":{"north":{"uv":[12.25,0.25,12.75,0.75],"rotation":270,"texture":"#1"},"east":{"uv":[12.25,0.25,12.75,0.75],"rotation":90,"texture":"#1"},"south":{"uv":[12.25,0.25,12.75,0.75],"rotation":270,"texture":"#1"},"west":{"uv":[12.25,0.25,12.75,0.75],"rotation":270,"texture":"#1"},"up":{"uv":[12.25,0.25,12.75,0.75],"texture":"#1"},"down":{"uv":[12.25,0.25,12.75,0.75],"rotation":180,"texture":"#1"}}},{"from":[3.4,1.1,10.65],"to":[4.4,2.1,11.65],"rotation":{"angle":-45,"axis":"x","origin":[6,9,0.5]},"faces":{"north":{"uv":[13.25,0.25,13.75,0.75],"rotation":270,"texture":"#1"},"east":{"uv":[13.25,0.25,13.75,0.75],"rotation":90,"texture":"#1"},"south":{"uv":[13.25,0.25,13.75,0.75],"rotation":270,"texture":"#1"},"west":{"uv":[13.25,0.25,13.75,0.75],"rotation":270,"texture":"#1"},"up":{"uv":[13.25,0.25,13.75,0.75],"texture":"#1"},"down":{"uv":[13.25,0.25,13.75,0.75],"rotation":180,"texture":"#1"}}},{"from":[3.4,2.1,8.65],"to":[4.4,3.1,11.65],"rotation":{"angle":-45,"axis":"x","origin":[6,9,0.5]},"faces":{"north":{"uv":[0.25,0.25,0.75,0.75],"rotation":270,"texture":"#1"},"east":{"uv":[0.25,0.25,0.75,0.75],"rotation":90,"texture":"#1"},"south":{"uv":[0.25,0.25,0.75,0.75],"rotation":270,"texture":"#1"},"west":{"uv":[0.25,0.25,0.75,0.75],"rotation":270,"texture":"#1"},"up":{"uv":[0.25,0.25,0.75,0.75],"texture":"#1"},"down":{"uv":[0.25,0.25,0.75,0.75],"rotation":180,"texture":"#1"}}},{"from":[3.4,8.1,10.65],"to":[4.4,9.1,11.65],"rotation":{"angle":-45,"axis":"x","origin":[6,9,0.5]},"faces":{"north":{"uv":[4.25,0.25,4.75,0.75],"rotation":270,"texture":"#1"},"east":{"uv":[4.25,0.25,4.75,0.75],"rotation":90,"texture":"#1"},"south":{"uv":[4.25,0.25,4.75,0.75],"rotation":270,"texture":"#1"},"west":{"uv":[4.25,0.25,4.75,0.75],"rotation":270,"texture":"#1"},"up":{"uv":[4.25,0.25,4.75,0.75],"texture":"#1"},"down":{"uv":[4.25,0.25,4.75,0.75],"rotation":180,"texture":"#1"}}},{"from":[3.4,1.1,9.65],"to":[4.4,2.1,10.65],"rotation":{"angle":-45,"axis":"x","origin":[6,9,0.5]},"faces":{"north":{"uv":[0.25,1.25,0.75,1.75],"rotation":270,"texture":"#1"},"east":{"uv":[0.25,1.25,0.75,1.75],"rotation":90,"texture":"#1"},"south":{"uv":[0.25,1.25,0.75,1.75],"rotation":270,"texture":"#1"},"west":{"uv":[0.25,1.25,0.75,1.75],"rotation":270,"texture":"#1"},"up":{"uv":[0.25,1.25,0.75,1.75],"texture":"#1"},"down":{"uv":[0.25,1.25,0.75,1.75],"rotation":180,"texture":"#1"}}},{"from":[3.4,7.1,9.65],"to":[4.4,8.1,10.65],"rotation":{"angle":-45,"axis":"x","origin":[6,9,0.5]},"faces":{"north":{"uv":[0.25,0.25,0.75,0.75],"rotation":270,"texture":"#1"},"east":{"uv":[0.25,0.25,0.75,0.75],"rotation":90,"texture":"#1"},"south":{"uv":[0.25,0.25,0.75,0.75],"rotation":270,"texture":"#1"},"west":{"uv":[0.25,0.25,0.75,0.75],"rotation":270,"texture":"#1"},"up":{"uv":[0.25,0.25,0.75,0.75],"texture":"#1"},"down":{"uv":[0.25,0.25,0.75,0.75],"rotation":180,"texture":"#1"}}},{"from":[3.4,8.1,9.65],"to":[4.4,9.1,10.65],"rotation":{"angle":-45,"axis":"x","origin":[6,9,0.5]},"faces":{"north":{"uv":[13.25,0.25,13.75,0.75],"rotation":270,"texture":"#1"},"east":{"uv":[13.25,0.25,13.75,0.75],"rotation":90,"texture":"#1"},"south":{"uv":[13.25,0.25,13.75,0.75],"rotation":270,"texture":"#1"},"west":{"uv":[13.25,0.25,13.75,0.75],"rotation":270,"texture":"#1"},"up":{"uv":[13.25,0.25,13.75,0.75],"texture":"#1"},"down":{"uv":[13.25,0.25,13.75,0.75],"rotation":180,"texture":"#1"}}},{"from":[3.4,9.1,8.65],"to":[4.4,10.1,10.65],"rotation":{"angle":-45,"axis":"x","origin":[6,9,0.5]},"faces":{"north":{"uv":[4.25,0.25,4.75,0.75],"rotation":270,"texture":"#1"},"east":{"uv":[4.25,0.25,4.75,0.75],"rotation":90,"texture":"#1"},"south":{"uv":[4.25,0.25,4.75,0.75],"rotation":270,"texture":"#1"},"west":{"uv":[4.25,0.25,4.75,0.75],"rotation":270,"texture":"#1"},"up":{"uv":[4.25,0.25,4.75,0.75],"texture":"#1"},"down":{"uv":[4.25,0.25,4.75,0.75],"rotation":180,"texture":"#1"}}},{"from":[3.4,1.1,8.65],"to":[4.4,2.1,9.65],"rotation":{"angle":-45,"axis":"x","origin":[6,9,0.5]},"faces":{"north":{"uv":[13.25,0.25,13.75,0.75],"rotation":270,"texture":"#1"},"east":{"uv":[13.25,0.25,13.75,0.75],"rotation":90,"texture":"#1"},"south":{"uv":[13.25,0.25,13.75,0.75],"rotation":270,"texture":"#1"},"west":{"uv":[13.25,0.25,13.75,0.75],"rotation":270,"texture":"#1"},"up":{"uv":[13.25,0.25,13.75,0.75],"texture":"#1"},"down":{"uv":[13.25,0.25,13.75,0.75],"rotation":180,"texture":"#1"}}},{"from":[3.4,6.1,8.65],"to":[4.4,7.1,9.65],"rotation":{"angle":-45,"axis":"x","origin":[6,9,0.5]},"faces":{"north":{"uv":[0.25,0.25,0.75,0.75],"rotation":270,"texture":"#1"},"east":{"uv":[0.25,0.25,0.75,0.75],"rotation":90,"texture":"#1"},"south":{"uv":[0.25,0.25,0.75,0.75],"rotation":270,"texture":"#1"},"west":{"uv":[0.25,0.25,0.75,0.75],"rotation":270,"texture":"#1"},"up":{"uv":[0.25,0.25,0.75,0.75],"texture":"#1"},"down":{"uv":[0.25,0.25,0.75,0.75],"rotation":180,"texture":"#1"}}},{"from":[3.4,7.1,8.65],"to":[4.4,8.1,9.65],"rotation":{"angle":-45,"axis":"x","origin":[6,9,0.5]},"faces":{"north":{"uv":[13.25,0.25,13.75,0.75],"rotation":270,"texture":"#1"},"east":{"uv":[13.25,0.25,13.75,0.75],"rotation":90,"texture":"#1"},"south":{"uv":[13.25,0.25,13.75,0.75],"rotation":270,"texture":"#1"},"west":{"uv":[13.25,0.25,13.75,0.75],"rotation":270,"texture":"#1"},"up":{"uv":[13.25,0.25,13.75,0.75],"texture":"#1"},"down":{"uv":[13.25,0.25,13.75,0.75],"rotation":180,"texture":"#1"}}},{"from":[3.4,1.1,6.65],"to":[4.4,2.1,8.65],"rotation":{"angle":-45,"axis":"x","origin":[6,9,0.5]},"faces":{"north":{"uv":[12.25,0.25,12.75,0.75],"rotation":270,"texture":"#1"},"east":{"uv":[12.25,0.25,12.75,0.75],"rotation":90,"texture":"#1"},"south":{"uv":[12.25,0.25,12.75,0.75],"rotation":270,"texture":"#1"},"west":{"uv":[12.25,0.25,12.75,0.75],"rotation":270,"texture":"#1"},"up":{"uv":[12.25,0.25,12.75,0.75],"texture":"#1"},"down":{"uv":[12.25,0.25,12.75,0.75],"rotation":180,"texture":"#1"}}},{"from":[3.4,2.1,7.65],"to":[4.4,3.1,8.65],"rotation":{"angle":-45,"axis":"x","origin":[6,9,0.5]},"faces":{"north":{"uv":[1.25,1.25,1.75,1.75],"rotation":270,"texture":"#1"},"east":{"uv":[1.25,1.25,1.75,1.75],"rotation":90,"texture":"#1"},"south":{"uv":[1.25,1.25,1.75,1.75],"rotation":270,"texture":"#1"},"west":{"uv":[1.25,1.25,1.75,1.75],"rotation":270,"texture":"#1"},"up":{"uv":[1.25,1.25,1.75,1.75],"texture":"#1"},"down":{"uv":[1.25,1.25,1.75,1.75],"rotation":180,"texture":"#1"}}},{"from":[3.4,3.1,7.65],"to":[4.4,4.1,8.65],"rotation":{"angle":-45,"axis":"x","origin":[6,9,0.5]},"faces":{"north":{"uv":[2.25,1.25,2.75,1.75],"rotation":270,"texture":"#1"},"east":{"uv":[2.25,1.25,2.75,1.75],"rotation":90,"texture":"#1"},"south":{"uv":[2.25,1.25,2.75,1.75],"rotation":270,"texture":"#1"},"west":{"uv":[2.25,1.25,2.75,1.75],"rotation":270,"texture":"#1"},"up":{"uv":[2.25,1.25,2.75,1.75],"texture":"#1"},"down":{"uv":[2.25,1.25,2.75,1.75],"rotation":180,"texture":"#1"}}},{"from":[3.4,11.1,1.65],"to":[4.4,12.1,2.65],"rotation":{"angle":-45,"axis":"x","origin":[6,9,0.5]},"faces":{"north":{"uv":[3.25,1.25,3.75,1.75],"rotation":270,"texture":"#1"},"east":{"uv":[3.25,1.25,3.75,1.75],"rotation":90,"texture":"#1"},"south":{"uv":[3.25,1.25,3.75,1.75],"rotation":270,"texture":"#1"},"west":{"uv":[3.25,1.25,3.75,1.75],"rotation":270,"texture":"#1"},"up":{"uv":[3.25,1.25,3.75,1.75],"texture":"#1"},"down":{"uv":[3.25,1.25,3.75,1.75],"rotation":180,"texture":"#1"}}},{"from":[3.4,5.1,7.65],"to":[4.4,6.1,8.65],"rotation":{"angle":-45,"axis":"x","origin":[6,9,0.5]},"faces":{"north":{"uv":[0.25,0.25,0.75,0.75],"rotation":270,"texture":"#1"},"east":{"uv":[0.25,0.25,0.75,0.75],"rotation":90,"texture":"#1"},"south":{"uv":[0.25,0.25,0.75,0.75],"rotation":270,"texture":"#1"},"west":{"uv":[0.25,0.25,0.75,0.75],"rotation":270,"texture":"#1"},"up":{"uv":[0.25,0.25,0.75,0.75],"texture":"#1"},"down":{"uv":[0.25,0.25,0.75,0.75],"rotation":180,"texture":"#1"}}},{"from":[3.4,6.1,7.65],"to":[4.4,7.1,8.65],"rotation":{"angle":-45,"axis":"x","origin":[6,9,0.5]},"faces":{"north":{"uv":[13.25,0.25,13.75,0.75],"rotation":270,"texture":"#1"},"east":{"uv":[13.25,0.25,13.75,0.75],"rotation":90,"texture":"#1"},"south":{"uv":[13.25,0.25,13.75,0.75],"rotation":270,"texture":"#1"},"west":{"uv":[13.25,0.25,13.75,0.75],"rotation":270,"texture":"#1"},"up":{"uv":[13.25,0.25,13.75,0.75],"texture":"#1"},"down":{"uv":[13.25,0.25,13.75,0.75],"rotation":180,"texture":"#1"}}},{"from":[3.4,10.1,7.65],"to":[4.4,11.1,8.65],"rotation":{"angle":-45,"axis":"x","origin":[6,9,0.5]},"faces":{"north":{"uv":[4.25,0.25,4.75,0.75],"rotation":270,"texture":"#1"},"east":{"uv":[4.25,0.25,4.75,0.75],"rotation":90,"texture":"#1"},"south":{"uv":[4.25,0.25,4.75,0.75],"rotation":270,"texture":"#1"},"west":{"uv":[4.25,0.25,4.75,0.75],"rotation":270,"texture":"#1"},"up":{"uv":[4.25,0.25,4.75,0.75],"texture":"#1"},"down":{"uv":[4.25,0.25,4.75,0.75],"rotation":180,"texture":"#1"}}},{"from":[3.4,2.1,6.65],"to":[4.4,3.1,7.65],"rotation":{"angle":-45,"axis":"x","origin":[6,9,0.5]},"faces":{"north":{"uv":[4.25,1.25,4.75,1.75],"rotation":270,"texture":"#1"},"east":{"uv":[4.25,1.25,4.75,1.75],"rotation":90,"texture":"#1"},"south":{"uv":[4.25,1.25,4.75,1.75],"rotation":270,"texture":"#1"},"west":{"uv":[4.25,1.25,4.75,1.75],"rotation":270,"texture":"#1"},"up":{"uv":[4.25,1.25,4.75,1.75],"texture":"#1"},"down":{"uv":[4.25,1.25,4.75,1.75],"rotation":180,"texture":"#1"}}},{"from":[3.4,3.1,6.65],"to":[4.4,4.1,7.65],"rotation":{"angle":-45,"axis":"x","origin":[6,9,0.5]},"faces":{"north":{"uv":[5.25,1.25,5.75,1.75],"rotation":270,"texture":"#1"},"east":{"uv":[5.25,1.25,5.75,1.75],"rotation":90,"texture":"#1"},"south":{"uv":[5.25,1.25,5.75,1.75],"rotation":270,"texture":"#1"},"west":{"uv":[5.25,1.25,5.75,1.75],"rotation":270,"texture":"#1"},"up":{"uv":[5.25,1.25,5.75,1.75],"texture":"#1"},"down":{"uv":[5.25,1.25,5.75,1.75],"rotation":180,"texture":"#1"}}},{"from":[3.4,4.1,6.65],"to":[4.4,5.1,7.65],"rotation":{"angle":-45,"axis":"x","origin":[6,9,0.5]},"faces":{"north":{"uv":[7.25,0.25,7.75,0.75],"rotation":270,"texture":"#1"},"east":{"uv":[7.25,0.25,7.75,0.75],"rotation":90,"texture":"#1"},"south":{"uv":[7.25,0.25,7.75,0.75],"rotation":270,"texture":"#1"},"west":{"uv":[7.25,0.25,7.75,0.75],"rotation":270,"texture":"#1"},"up":{"uv":[7.25,0.25,7.75,0.75],"texture":"#1"},"down":{"uv":[7.25,0.25,7.75,0.75],"rotation":180,"texture":"#1"}}},{"from":[3.4,5.1,6.65],"to":[4.4,6.1,7.65],"rotation":{"angle":-45,"axis":"x","origin":[6,9,0.5]},"faces":{"north":{"uv":[13.25,0.25,13.75,0.75],"rotation":270,"texture":"#1"},"east":{"uv":[13.25,0.25,13.75,0.75],"rotation":90,"texture":"#1"},"south":{"uv":[13.25,0.25,13.75,0.75],"rotation":270,"texture":"#1"},"west":{"uv":[13.25,0.25,13.75,0.75],"rotation":270,"texture":"#1"},"up":{"uv":[13.25,0.25,13.75,0.75],"texture":"#1"},"down":{"uv":[13.25,0.25,13.75,0.75],"rotation":180,"texture":"#1"}}},{"from":[3.4,11.1,5.65],"to":[4.4,12.1,7.65],"rotation":{"angle":-45,"axis":"x","origin":[6,9,0.5]},"faces":{"north":{"uv":[4.25,0.25,4.75,0.75],"rotation":270,"texture":"#1"},"east":{"uv":[4.25,0.25,4.75,0.75],"rotation":90,"texture":"#1"},"south":{"uv":[4.25,0.25,4.75,0.75],"rotation":270,"texture":"#1"},"west":{"uv":[4.25,0.25,4.75,0.75],"rotation":270,"texture":"#1"},"up":{"uv":[4.25,0.25,4.75,0.75],"texture":"#1"},"down":{"uv":[4.25,0.25,4.75,0.75],"rotation":180,"texture":"#1"}}},{"from":[3.4,2.1,5.65],"to":[4.4,3.1,6.65],"rotation":{"angle":-45,"axis":"x","origin":[6,9,0.5]},"faces":{"north":{"uv":[6.25,1.25,6.75,1.75],"rotation":270,"texture":"#1"},"east":{"uv":[6.25,1.25,6.75,1.75],"rotation":90,"texture":"#1"},"south":{"uv":[6.25,1.25,6.75,1.75],"rotation":270,"texture":"#1"},"west":{"uv":[6.25,1.25,6.75,1.75],"rotation":270,"texture":"#1"},"up":{"uv":[6.25,1.25,6.75,1.75],"texture":"#1"},"down":{"uv":[6.25,1.25,6.75,1.75],"rotation":180,"texture":"#1"}}},{"from":[3.4,3.1,5.65],"to":[4.4,4.1,6.65],"rotation":{"angle":-45,"axis":"x","origin":[6,9,0.5]},"faces":{"north":{"uv":[7.25,1.25,7.75,1.75],"rotation":270,"texture":"#1"},"east":{"uv":[7.25,1.25,7.75,1.75],"rotation":90,"texture":"#1"},"south":{"uv":[7.25,1.25,7.75,1.75],"rotation":270,"texture":"#1"},"west":{"uv":[7.25,1.25,7.75,1.75],"rotation":270,"texture":"#1"},"up":{"uv":[7.25,1.25,7.75,1.75],"texture":"#1"},"down":{"uv":[7.25,1.25,7.75,1.75],"rotation":180,"texture":"#1"}}},{"from":[3.4,4.1,5.65],"to":[4.4,5.1,6.65],"rotation":{"angle":-45,"axis":"x","origin":[6,9,0.5]},"faces":{"north":{"uv":[4.25,0.25,4.75,0.75],"rotation":270,"texture":"#1"},"east":{"uv":[4.25,0.25,4.75,0.75],"rotation":90,"texture":"#1"},"south":{"uv":[4.25,0.25,4.75,0.75],"rotation":270,"texture":"#1"},"west":{"uv":[4.25,0.25,4.75,0.75],"rotation":270,"texture":"#1"},"up":{"uv":[4.25,0.25,4.75,0.75],"texture":"#1"},"down":{"uv":[4.25,0.25,4.75,0.75],"rotation":180,"texture":"#1"}}},{"from":[3.4,5.1,5.65],"to":[4.4,6.1,6.65],"rotation":{"angle":-45,"axis":"x","origin":[6,9,0.5]},"faces":{"north":{"uv":[8.25,1.25,8.75,1.75],"rotation":270,"texture":"#1"},"east":{"uv":[8.25,1.25,8.75,1.75],"rotation":90,"texture":"#1"},"south":{"uv":[8.25,1.25,8.75,1.75],"rotation":270,"texture":"#1"},"west":{"uv":[8.25,1.25,8.75,1.75],"rotation":270,"texture":"#1"},"up":{"uv":[8.25,1.25,8.75,1.75],"texture":"#1"},"down":{"uv":[8.25,1.25,8.75,1.75],"rotation":180,"texture":"#1"}}},{"from":[3.4,2.1,4.65],"to":[4.4,3.1,5.65],"rotation":{"angle":-45,"axis":"x","origin":[6,9,0.5]},"faces":{"north":{"uv":[0.25,0.25,0.75,0.75],"rotation":270,"texture":"#1"},"east":{"uv":[0.25,0.25,0.75,0.75],"rotation":90,"texture":"#1"},"south":{"uv":[0.25,0.25,0.75,0.75],"rotation":270,"texture":"#1"},"west":{"uv":[0.25,0.25,0.75,0.75],"rotation":270,"texture":"#1"},"up":{"uv":[0.25,0.25,0.75,0.75],"texture":"#1"},"down":{"uv":[0.25,0.25,0.75,0.75],"rotation":180,"texture":"#1"}}},{"from":[3.4,3.1,4.65],"to":[4.4,4.1,5.65],"rotation":{"angle":-45,"axis":"x","origin":[6,9,0.5]},"faces":{"north":{"uv":[13.25,0.25,13.75,0.75],"rotation":270,"texture":"#1"},"east":{"uv":[13.25,0.25,13.75,0.75],"rotation":90,"texture":"#1"},"south":{"uv":[13.25,0.25,13.75,0.75],"rotation":270,"texture":"#1"},"west":{"uv":[13.25,0.25,13.75,0.75],"rotation":270,"texture":"#1"},"up":{"uv":[13.25,0.25,13.75,0.75],"texture":"#1"},"down":{"uv":[13.25,0.25,13.75,0.75],"rotation":180,"texture":"#1"}}},{"from":[3.4,4.1,4.65],"to":[4.4,5.1,5.65],"rotation":{"angle":-45,"axis":"x","origin":[6,9,0.5]},"faces":{"north":{"uv":[9.25,1.25,9.75,1.75],"rotation":270,"texture":"#1"},"east":{"uv":[9.25,1.25,9.75,1.75],"rotation":90,"texture":"#1"},"south":{"uv":[9.25,1.25,9.75,1.75],"rotation":270,"texture":"#1"},"west":{"uv":[9.25,1.25,9.75,1.75],"rotation":270,"texture":"#1"},"up":{"uv":[9.25,1.25,9.75,1.75],"texture":"#1"},"down":{"uv":[9.25,1.25,9.75,1.75],"rotation":180,"texture":"#1"}}},{"from":[3.4,5.1,4.65],"to":[4.4,6.1,5.65],"rotation":{"angle":-45,"axis":"x","origin":[6,9,0.5]},"faces":{"north":{"uv":[10.25,1.25,10.75,1.75],"rotation":270,"texture":"#1"},"east":{"uv":[10.25,1.25,10.75,1.75],"rotation":90,"texture":"#1"},"south":{"uv":[10.25,1.25,10.75,1.75],"rotation":270,"texture":"#1"},"west":{"uv":[10.25,1.25,10.75,1.75],"rotation":270,"texture":"#1"},"up":{"uv":[10.25,1.25,10.75,1.75],"texture":"#1"},"down":{"uv":[10.25,1.25,10.75,1.75],"rotation":180,"texture":"#1"}}},{"from":[3.4,6.1,4.65],"to":[4.4,7.1,5.65],"rotation":{"angle":-45,"axis":"x","origin":[6,9,0.5]},"faces":{"north":{"uv":[11.25,1.25,11.75,1.75],"rotation":270,"texture":"#1"},"east":{"uv":[11.25,1.25,11.75,1.75],"rotation":90,"texture":"#1"},"south":{"uv":[11.25,1.25,11.75,1.75],"rotation":270,"texture":"#1"},"west":{"uv":[11.25,1.25,11.75,1.75],"rotation":270,"texture":"#1"},"up":{"uv":[11.25,1.25,11.75,1.75],"texture":"#1"},"down":{"uv":[11.25,1.25,11.75,1.75],"rotation":180,"texture":"#1"}}},{"from":[3.4,7.1,4.65],"to":[4.4,8.1,5.65],"rotation":{"angle":-45,"axis":"x","origin":[6,9,0.5]},"faces":{"north":{"uv":[12.25,1.25,12.75,1.75],"rotation":270,"texture":"#1"},"east":{"uv":[12.25,1.25,12.75,1.75],"rotation":90,"texture":"#1"},"south":{"uv":[12.25,1.25,12.75,1.75],"rotation":270,"texture":"#1"},"west":{"uv":[12.25,1.25,12.75,1.75],"rotation":270,"texture":"#1"},"up":{"uv":[12.25,1.25,12.75,1.75],"texture":"#1"},"down":{"uv":[12.25,1.25,12.75,1.75],"rotation":180,"texture":"#1"}}},{"from":[3.4,8.1,4.65],"to":[4.4,9.1,5.65],"rotation":{"angle":-45,"axis":"x","origin":[6,9,0.5]},"faces":{"north":{"uv":[0.25,0.25,0.75,0.75],"rotation":270,"texture":"#1"},"east":{"uv":[0.25,0.25,0.75,0.75],"rotation":90,"texture":"#1"},"south":{"uv":[0.25,0.25,0.75,0.75],"rotation":270,"texture":"#1"},"west":{"uv":[0.25,0.25,0.75,0.75],"rotation":270,"texture":"#1"},"up":{"uv":[0.25,0.25,0.75,0.75],"texture":"#1"},"down":{"uv":[0.25,0.25,0.75,0.75],"rotation":180,"texture":"#1"}}},{"from":[3.4,12.1,4.65],"to":[4.4,13.1,5.65],"rotation":{"angle":-45,"axis":"x","origin":[6,9,0.5]},"faces":{"north":{"uv":[4.25,0.25,4.75,0.75],"rotation":270,"texture":"#1"},"east":{"uv":[4.25,0.25,4.75,0.75],"rotation":90,"texture":"#1"},"south":{"uv":[4.25,0.25,4.75,0.75],"rotation":270,"texture":"#1"},"west":{"uv":[4.25,0.25,4.75,0.75],"rotation":270,"texture":"#1"},"up":{"uv":[4.25,0.25,4.75,0.75],"texture":"#1"},"down":{"uv":[4.25,0.25,4.75,0.75],"rotation":180,"texture":"#1"}}},{"from":[3.4,1.1,3.65],"to":[4.4,2.1,4.65],"rotation":{"angle":-45,"axis":"x","origin":[6,9,0.5]},"faces":{"north":{"uv":[0.25,0.25,0.75,0.75],"rotation":270,"texture":"#1"},"east":{"uv":[0.25,0.25,0.75,0.75],"rotation":90,"texture":"#1"},"south":{"uv":[0.25,0.25,0.75,0.75],"rotation":270,"texture":"#1"},"west":{"uv":[0.25,0.25,0.75,0.75],"rotation":270,"texture":"#1"},"up":{"uv":[0.25,0.25,0.75,0.75],"texture":"#1"},"down":{"uv":[0.25,0.25,0.75,0.75],"rotation":180,"texture":"#1"}}},{"from":[3.4,2.1,3.65],"to":[4.4,3.1,4.65],"rotation":{"angle":-45,"axis":"x","origin":[6,9,0.5]},"faces":{"north":{"uv":[13.25,0.25,13.75,0.75],"rotation":270,"texture":"#1"},"east":{"uv":[13.25,0.25,13.75,0.75],"rotation":90,"texture":"#1"},"south":{"uv":[13.25,0.25,13.75,0.75],"rotation":270,"texture":"#1"},"west":{"uv":[13.25,0.25,13.75,0.75],"rotation":270,"texture":"#1"},"up":{"uv":[13.25,0.25,13.75,0.75],"texture":"#1"},"down":{"uv":[13.25,0.25,13.75,0.75],"rotation":180,"texture":"#1"}}},{"from":[3.4,4.1,3.65],"to":[4.4,6.1,4.65],"rotation":{"angle":-45,"axis":"x","origin":[6,9,0.5]},"faces":{"north":{"uv":[12.25,0.25,12.75,0.75],"rotation":270,"texture":"#1"},"east":{"uv":[12.25,0.25,12.75,0.75],"rotation":90,"texture":"#1"},"south":{"uv":[12.25,0.25,12.75,0.75],"rotation":270,"texture":"#1"},"west":{"uv":[12.25,0.25,12.75,0.75],"rotation":270,"texture":"#1"},"up":{"uv":[12.25,0.25,12.75,0.75],"texture":"#1"},"down":{"uv":[12.25,0.25,12.75,0.75],"rotation":180,"texture":"#1"}}},{"from":[3.4,6.1,3.65],"to":[4.4,7.1,4.65],"rotation":{"angle":-45,"axis":"x","origin":[6,9,0.5]},"faces":{"north":{"uv":[13.25,1.25,13.75,1.75],"rotation":270,"texture":"#1"},"east":{"uv":[13.25,1.25,13.75,1.75],"rotation":90,"texture":"#1"},"south":{"uv":[13.25,1.25,13.75,1.75],"rotation":270,"texture":"#1"},"west":{"uv":[13.25,1.25,13.75,1.75],"rotation":270,"texture":"#1"},"up":{"uv":[13.25,1.25,13.75,1.75],"texture":"#1"},"down":{"uv":[13.25,1.25,13.75,1.75],"rotation":180,"texture":"#1"}}},{"from":[3.4,7.1,3.65],"to":[4.4,8.1,4.65],"rotation":{"angle":-45,"axis":"x","origin":[6,9,0.5]},"faces":{"north":{"uv":[14.25,1.25,14.75,1.75],"rotation":270,"texture":"#1"},"east":{"uv":[14.25,1.25,14.75,1.75],"rotation":90,"texture":"#1"},"south":{"uv":[14.25,1.25,14.75,1.75],"rotation":270,"texture":"#1"},"west":{"uv":[14.25,1.25,14.75,1.75],"rotation":270,"texture":"#1"},"up":{"uv":[14.25,1.25,14.75,1.75],"texture":"#1"},"down":{"uv":[14.25,1.25,14.75,1.75],"rotation":180,"texture":"#1"}}},{"from":[3.4,8.1,3.65],"to":[4.4,9.1,4.65],"rotation":{"angle":-45,"axis":"x","origin":[6,9,0.5]},"faces":{"north":{"uv":[15.25,1.25,15.75,1.75],"rotation":270,"texture":"#1"},"east":{"uv":[15.25,1.25,15.75,1.75],"rotation":90,"texture":"#1"},"south":{"uv":[15.25,1.25,15.75,1.75],"rotation":270,"texture":"#1"},"west":{"uv":[15.25,1.25,15.75,1.75],"rotation":270,"texture":"#1"},"up":{"uv":[15.25,1.25,15.75,1.75],"texture":"#1"},"down":{"uv":[15.25,1.25,15.75,1.75],"rotation":180,"texture":"#1"}}},{"from":[3.4,9.1,3.65],"to":[4.4,10.1,4.65],"rotation":{"angle":-45,"axis":"x","origin":[6,9,0.5]},"faces":{"north":{"uv":[0.25,2.25,0.75,2.75],"rotation":270,"texture":"#1"},"east":{"uv":[0.25,2.25,0.75,2.75],"rotation":90,"texture":"#1"},"south":{"uv":[0.25,2.25,0.75,2.75],"rotation":270,"texture":"#1"},"west":{"uv":[0.25,2.25,0.75,2.75],"rotation":270,"texture":"#1"},"up":{"uv":[0.25,2.25,0.75,2.75],"texture":"#1"},"down":{"uv":[0.25,2.25,0.75,2.75],"rotation":180,"texture":"#1"}}},{"from":[3.4,10.1,3.65],"to":[4.4,11.1,4.65],"rotation":{"angle":-45,"axis":"x","origin":[6,9,0.5]},"faces":{"north":{"uv":[1.25,2.25,1.75,2.75],"rotation":270,"texture":"#1"},"east":{"uv":[1.25,2.25,1.75,2.75],"rotation":90,"texture":"#1"},"south":{"uv":[1.25,2.25,1.75,2.75],"rotation":270,"texture":"#1"},"west":{"uv":[1.25,2.25,1.75,2.75],"rotation":270,"texture":"#1"},"up":{"uv":[1.25,2.25,1.75,2.75],"texture":"#1"},"down":{"uv":[1.25,2.25,1.75,2.75],"rotation":180,"texture":"#1"}}},{"from":[3.4,11.1,3.65],"to":[4.4,12.1,4.65],"rotation":{"angle":-45,"axis":"x","origin":[6,9,0.5]},"faces":{"north":{"uv":[2.25,2.25,2.75,2.75],"rotation":270,"texture":"#1"},"east":{"uv":[2.25,2.25,2.75,2.75],"rotation":90,"texture":"#1"},"south":{"uv":[2.25,2.25,2.75,2.75],"rotation":270,"texture":"#1"},"west":{"uv":[2.25,2.25,2.75,2.75],"rotation":270,"texture":"#1"},"up":{"uv":[2.25,2.25,2.75,2.75],"texture":"#1"},"down":{"uv":[2.25,2.25,2.75,2.75],"rotation":180,"texture":"#1"}}},{"from":[3.4,12.1,3.65],"to":[4.4,13.1,4.65],"rotation":{"angle":-45,"axis":"x","origin":[6,9,0.5]},"faces":{"north":{"uv":[3.25,2.25,3.75,2.75],"rotation":270,"texture":"#1"},"east":{"uv":[3.25,2.25,3.75,2.75],"rotation":90,"texture":"#1"},"south":{"uv":[3.25,2.25,3.75,2.75],"rotation":270,"texture":"#1"},"west":{"uv":[3.25,2.25,3.75,2.75],"rotation":270,"texture":"#1"},"up":{"uv":[3.25,2.25,3.75,2.75],"texture":"#1"},"down":{"uv":[3.25,2.25,3.75,2.75],"rotation":180,"texture":"#1"}}},{"from":[3.4,0.1,2.65],"to":[4.4,1.1,3.65],"rotation":{"angle":-45,"axis":"x","origin":[6,9,0.5]},"faces":{"north":{"uv":[0.25,0.25,0.75,0.75],"rotation":270,"texture":"#1"},"east":{"uv":[0.25,0.25,0.75,0.75],"rotation":90,"texture":"#1"},"south":{"uv":[0.25,0.25,0.75,0.75],"rotation":270,"texture":"#1"},"west":{"uv":[0.25,0.25,0.75,0.75],"rotation":270,"texture":"#1"},"up":{"uv":[0.25,0.25,0.75,0.75],"texture":"#1"},"down":{"uv":[0.25,0.25,0.75,0.75],"rotation":180,"texture":"#1"}}},{"from":[3.4,1.1,2.65],"to":[4.4,2.1,3.65],"rotation":{"angle":-45,"axis":"x","origin":[6,9,0.5]},"faces":{"north":{"uv":[13.25,0.25,13.75,0.75],"rotation":270,"texture":"#1"},"east":{"uv":[13.25,0.25,13.75,0.75],"rotation":90,"texture":"#1"},"south":{"uv":[13.25,0.25,13.75,0.75],"rotation":270,"texture":"#1"},"west":{"uv":[13.25,0.25,13.75,0.75],"rotation":270,"texture":"#1"},"up":{"uv":[13.25,0.25,13.75,0.75],"texture":"#1"},"down":{"uv":[13.25,0.25,13.75,0.75],"rotation":180,"texture":"#1"}}},{"from":[3.4,6.1,2.65],"to":[4.4,7.1,3.65],"rotation":{"angle":-45,"axis":"x","origin":[6,9,0.5]},"faces":{"north":{"uv":[12.25,0.25,12.75,0.75],"rotation":270,"texture":"#1"},"east":{"uv":[12.25,0.25,12.75,0.75],"rotation":90,"texture":"#1"},"south":{"uv":[12.25,0.25,12.75,0.75],"rotation":270,"texture":"#1"},"west":{"uv":[12.25,0.25,12.75,0.75],"rotation":270,"texture":"#1"},"up":{"uv":[12.25,0.25,12.75,0.75],"texture":"#1"},"down":{"uv":[12.25,0.25,12.75,0.75],"rotation":180,"texture":"#1"}}},{"from":[3.4,7.1,2.65],"to":[4.4,8.1,3.65],"rotation":{"angle":-45,"axis":"x","origin":[6,9,0.5]},"faces":{"north":{"uv":[4.25,2.25,4.75,2.75],"rotation":270,"texture":"#1"},"east":{"uv":[4.25,2.25,4.75,2.75],"rotation":90,"texture":"#1"},"south":{"uv":[4.25,2.25,4.75,2.75],"rotation":270,"texture":"#1"},"west":{"uv":[4.25,2.25,4.75,2.75],"rotation":270,"texture":"#1"},"up":{"uv":[4.25,2.25,4.75,2.75],"texture":"#1"},"down":{"uv":[4.25,2.25,4.75,2.75],"rotation":180,"texture":"#1"}}},{"from":[3.4,8.1,2.65],"to":[4.4,9.1,3.65],"rotation":{"angle":-45,"axis":"x","origin":[6,9,0.5]},"faces":{"north":{"uv":[5.25,2.25,5.75,2.75],"rotation":270,"texture":"#1"},"east":{"uv":[5.25,2.25,5.75,2.75],"rotation":90,"texture":"#1"},"south":{"uv":[5.25,2.25,5.75,2.75],"rotation":270,"texture":"#1"},"west":{"uv":[5.25,2.25,5.75,2.75],"rotation":270,"texture":"#1"},"up":{"uv":[5.25,2.25,5.75,2.75],"texture":"#1"},"down":{"uv":[5.25,2.25,5.75,2.75],"rotation":180,"texture":"#1"}}},{"from":[3.4,9.1,2.65],"to":[4.4,10.1,3.65],"rotation":{"angle":-45,"axis":"x","origin":[6,9,0.5]},"faces":{"north":{"uv":[15.25,1.25,15.75,1.75],"rotation":270,"texture":"#1"},"east":{"uv":[15.25,1.25,15.75,1.75],"rotation":90,"texture":"#1"},"south":{"uv":[15.25,1.25,15.75,1.75],"rotation":270,"texture":"#1"},"west":{"uv":[15.25,1.25,15.75,1.75],"rotation":270,"texture":"#1"},"up":{"uv":[15.25,1.25,15.75,1.75],"texture":"#1"},"down":{"uv":[15.25,1.25,15.75,1.75],"rotation":180,"texture":"#1"}}},{"from":[3.4,10.1,2.65],"to":[4.4,11.1,3.65],"rotation":{"angle":-45,"axis":"x","origin":[6,9,0.5]},"faces":{"north":{"uv":[7.25,1.25,7.75,1.75],"rotation":270,"texture":"#1"},"east":{"uv":[7.25,1.25,7.75,1.75],"rotation":90,"texture":"#1"},"south":{"uv":[7.25,1.25,7.75,1.75],"rotation":270,"texture":"#1"},"west":{"uv":[7.25,1.25,7.75,1.75],"rotation":270,"texture":"#1"},"up":{"uv":[7.25,1.25,7.75,1.75],"texture":"#1"},"down":{"uv":[7.25,1.25,7.75,1.75],"rotation":180,"texture":"#1"}}},{"from":[3.4,11.1,2.65],"to":[4.4,12.1,3.65],"rotation":{"angle":-45,"axis":"x","origin":[6,9,0.5]},"faces":{"north":{"uv":[9.25,0.25,9.75,0.75],"rotation":270,"texture":"#1"},"east":{"uv":[9.25,0.25,9.75,0.75],"rotation":90,"texture":"#1"},"south":{"uv":[9.25,0.25,9.75,0.75],"rotation":270,"texture":"#1"},"west":{"uv":[9.25,0.25,9.75,0.75],"rotation":270,"texture":"#1"},"up":{"uv":[9.25,0.25,9.75,0.75],"texture":"#1"},"down":{"uv":[9.25,0.25,9.75,0.75],"rotation":180,"texture":"#1"}}},{"from":[3.4,12.1,2.65],"to":[4.4,13.1,3.65],"rotation":{"angle":-45,"axis":"x","origin":[6,9,0.5]},"faces":{"north":{"uv":[6.25,2.25,6.75,2.75],"rotation":270,"texture":"#1"},"east":{"uv":[6.25,2.25,6.75,2.75],"rotation":90,"texture":"#1"},"south":{"uv":[6.25,2.25,6.75,2.75],"rotation":270,"texture":"#1"},"west":{"uv":[6.25,2.25,6.75,2.75],"rotation":270,"texture":"#1"},"up":{"uv":[6.25,2.25,6.75,2.75],"texture":"#1"},"down":{"uv":[6.25,2.25,6.75,2.75],"rotation":180,"texture":"#1"}}},{"from":[3.4,13.1,2.65],"to":[4.4,14.1,3.65],"rotation":{"angle":-45,"axis":"x","origin":[6,9,0.5]},"faces":{"north":{"uv":[7.25,2.25,7.75,2.75],"rotation":270,"texture":"#1"},"east":{"uv":[7.25,2.25,7.75,2.75],"rotation":90,"texture":"#1"},"south":{"uv":[7.25,2.25,7.75,2.75],"rotation":270,"texture":"#1"},"west":{"uv":[7.25,2.25,7.75,2.75],"rotation":270,"texture":"#1"},"up":{"uv":[7.25,2.25,7.75,2.75],"texture":"#1"},"down":{"uv":[7.25,2.25,7.75,2.75],"rotation":180,"texture":"#1"}}},{"from":[3.4,-0.9,1.65],"to":[4.4,0.1,2.65],"rotation":{"angle":-45,"axis":"x","origin":[6,9,0.5]},"faces":{"north":{"uv":[8.25,2.25,8.75,2.75],"rotation":270,"texture":"#1"},"east":{"uv":[8.25,2.25,8.75,2.75],"rotation":90,"texture":"#1"},"south":{"uv":[8.25,2.25,8.75,2.75],"rotation":270,"texture":"#1"},"west":{"uv":[8.25,2.25,8.75,2.75],"rotation":270,"texture":"#1"},"up":{"uv":[8.25,2.25,8.75,2.75],"texture":"#1"},"down":{"uv":[8.25,2.25,8.75,2.75],"rotation":180,"texture":"#1"}}},{"from":[3.4,0.1,1.65],"to":[4.4,1.1,2.65],"rotation":{"angle":-45,"axis":"x","origin":[6,9,0.5]},"faces":{"north":{"uv":[11.25,0.25,11.75,0.75],"rotation":270,"texture":"#1"},"east":{"uv":[11.25,0.25,11.75,0.75],"rotation":90,"texture":"#1"},"south":{"uv":[11.25,0.25,11.75,0.75],"rotation":270,"texture":"#1"},"west":{"uv":[11.25,0.25,11.75,0.75],"rotation":270,"texture":"#1"},"up":{"uv":[11.25,0.25,11.75,0.75],"texture":"#1"},"down":{"uv":[11.25,0.25,11.75,0.75],"rotation":180,"texture":"#1"}}},{"from":[3.4,9.1,1.65],"to":[4.4,10.1,2.65],"rotation":{"angle":-45,"axis":"x","origin":[6,9,0.5]},"faces":{"north":{"uv":[9.25,2.25,9.75,2.75],"rotation":270,"texture":"#1"},"east":{"uv":[9.25,2.25,9.75,2.75],"rotation":90,"texture":"#1"},"south":{"uv":[9.25,2.25,9.75,2.75],"rotation":270,"texture":"#1"},"west":{"uv":[9.25,2.25,9.75,2.75],"rotation":270,"texture":"#1"},"up":{"uv":[9.25,2.25,9.75,2.75],"texture":"#1"},"down":{"uv":[9.25,2.25,9.75,2.75],"rotation":180,"texture":"#1"}}},{"from":[3.4,10.1,1.65],"to":[4.4,11.1,2.65],"rotation":{"angle":-45,"axis":"x","origin":[6,9,0.5]},"faces":{"north":{"uv":[10.25,2.25,10.75,2.75],"rotation":270,"texture":"#1"},"east":{"uv":[10.25,2.25,10.75,2.75],"rotation":90,"texture":"#1"},"south":{"uv":[10.25,2.25,10.75,2.75],"rotation":270,"texture":"#1"},"west":{"uv":[10.25,2.25,10.75,2.75],"rotation":270,"texture":"#1"},"up":{"uv":[10.25,2.25,10.75,2.75],"texture":"#1"},"down":{"uv":[10.25,2.25,10.75,2.75],"rotation":180,"texture":"#1"}}}],"display":{"thirdperson_lefthand":{"rotation":[90,0,0],"translation":[-5,-2,-1]}}}