{
	"textures": {
		"0": "asurvival:mobs/infected_skeleton",
		"1": "asurvival:mobs/jungle_bow_1"
	},
	"elements": [
		{
			"from": [2, 9, 7],
			"to": [4, 21, 9],
			"faces": {
				"north": {"uv": [4.5, 9, 5.5, 15], "texture": "#0"},
				"east": {"uv": [0, 9, 1, 15], "texture": "#0"},
				"south": {"uv": [6, 9, 7, 15], "texture": "#0"},
				"west": {"uv": [5, 9, 6, 15], "texture": "#0"},
				"up": {"uv": [1, 8, 2, 9], "texture": "#0"},
				"down": {"uv": [1, 8, 2, 9], "texture": "#0"}
			}
		},
		{
			"from": [3.36667, 0.11667, 15.65],
			"to": [4.43333, 1.18333, 16.71667],
			"rotation": {"angle": -45, "axis": "x", "origin": [7.5, 9.5, 0.5]},
			"faces": {
				"north": {"uv": [0.25, 0.25, 0.75, 0.75], "rotation": 270, "texture": "#1"},
				"east": {"uv": [0.25, 0.25, 0.75, 0.75], "rotation": 90, "texture": "#1"},
				"south": {"uv": [0.25, 0.25, 0.75, 0.75], "rotation": 270, "texture": "#1"},
				"west": {"uv": [0.25, 0.25, 0.75, 0.75], "rotation": 270, "texture": "#1"},
				"up": {"uv": [0.25, 0.25, 0.75, 0.75], "texture": "#1"},
				"down": {"uv": [0.25, 0.25, 0.75, 0.75], "rotation": 180, "texture": "#1"}
			}
		},
		{
			"from": [3.36667, -0.95, 14.58333],
			"to": [4.43333, 0.11667, 15.65],
			"rotation": {"angle": -45, "axis": "x", "origin": [7.5, 9.5, 0.5]},
			"faces": {
				"north": {"uv": [1.25, 0.25, 1.75, 0.75], "rotation": 270, "texture": "#1"},
				"east": {"uv": [1.25, 0.25, 1.75, 0.75], "rotation": 90, "texture": "#1"},
				"south": {"uv": [1.25, 0.25, 1.75, 0.75], "rotation": 270, "texture": "#1"},
				"west": {"uv": [1.25, 0.25, 1.75, 0.75], "rotation": 270, "texture": "#1"},
				"up": {"uv": [1.25, 0.25, 1.75, 0.75], "texture": "#1"},
				"down": {"uv": [1.25, 0.25, 1.75, 0.75], "rotation": 180, "texture": "#1"}
			}
		},
		{
			"from": [3.36667, 0.11667, 14.58333],
			"to": [4.43333, 1.18333, 15.65],
			"rotation": {"angle": -45, "axis": "x", "origin": [7.5, 9.5, 0.5]},
			"faces": {
				"north": {"uv": [2.25, 0.25, 2.75, 0.75], "rotation": 270, "texture": "#1"},
				"east": {"uv": [2.25, 0.25, 2.75, 0.75], "rotation": 90, "texture": "#1"},
				"south": {"uv": [2.25, 0.25, 2.75, 0.75], "rotation": 270, "texture": "#1"},
				"west": {"uv": [2.25, 0.25, 2.75, 0.75], "rotation": 270, "texture": "#1"},
				"up": {"uv": [2.25, 0.25, 2.75, 0.75], "texture": "#1"},
				"down": {"uv": [2.25, 0.25, 2.75, 0.75], "rotation": 180, "texture": "#1"}
			}
		},
		{
			"from": [3.36667, 1.18333, 14.58333],
			"to": [4.43333, 2.25, 15.65],
			"rotation": {"angle": -45, "axis": "x", "origin": [7.5, 9.5, 0.5]},
			"faces": {
				"north": {"uv": [3.25, 0.25, 3.75, 0.75], "rotation": 270, "texture": "#1"},
				"east": {"uv": [3.25, 0.25, 3.75, 0.75], "rotation": 90, "texture": "#1"},
				"south": {"uv": [3.25, 0.25, 3.75, 0.75], "rotation": 270, "texture": "#1"},
				"west": {"uv": [3.25, 0.25, 3.75, 0.75], "rotation": 270, "texture": "#1"},
				"up": {"uv": [3.25, 0.25, 3.75, 0.75], "texture": "#1"},
				"down": {"uv": [3.25, 0.25, 3.75, 0.75], "rotation": 180, "texture": "#1"}
			}
		},
		{
			"from": [3.36667, 2.25, 14.58333],
			"to": [4.43333, 3.31667, 15.65],
			"rotation": {"angle": -45, "axis": "x", "origin": [7.5, 9.5, 0.5]},
			"faces": {
				"north": {"uv": [4.25, 0.25, 4.75, 0.75], "rotation": 270, "texture": "#1"},
				"east": {"uv": [4.25, 0.25, 4.75, 0.75], "rotation": 90, "texture": "#1"},
				"south": {"uv": [4.25, 0.25, 4.75, 0.75], "rotation": 270, "texture": "#1"},
				"west": {"uv": [4.25, 0.25, 4.75, 0.75], "rotation": 270, "texture": "#1"},
				"up": {"uv": [4.25, 0.25, 4.75, 0.75], "texture": "#1"},
				"down": {"uv": [4.25, 0.25, 4.75, 0.75], "rotation": 180, "texture": "#1"}
			}
		},
		{
			"from": [3.36667, 3.31667, 14.58333],
			"to": [4.43333, 4.38333, 15.65],
			"rotation": {"angle": -45, "axis": "x", "origin": [7.5, 9.5, 0.5]},
			"faces": {
				"north": {"uv": [5.25, 0.25, 5.75, 0.75], "rotation": 270, "texture": "#1"},
				"east": {"uv": [5.25, 0.25, 5.75, 0.75], "rotation": 90, "texture": "#1"},
				"south": {"uv": [5.25, 0.25, 5.75, 0.75], "rotation": 270, "texture": "#1"},
				"west": {"uv": [5.25, 0.25, 5.75, 0.75], "rotation": 270, "texture": "#1"},
				"up": {"uv": [5.25, 0.25, 5.75, 0.75], "texture": "#1"},
				"down": {"uv": [5.25, 0.25, 5.75, 0.75], "rotation": 180, "texture": "#1"}
			}
		},
		{
			"from": [3.36667, -0.95, 13.51667],
			"to": [4.43333, 0.11667, 14.58333],
			"rotation": {"angle": -45, "axis": "x", "origin": [7.5, 9.5, 0.5]},
			"faces": {
				"north": {"uv": [6.25, 0.25, 6.75, 0.75], "rotation": 270, "texture": "#1"},
				"east": {"uv": [6.25, 0.25, 6.75, 0.75], "rotation": 90, "texture": "#1"},
				"south": {"uv": [6.25, 0.25, 6.75, 0.75], "rotation": 270, "texture": "#1"},
				"west": {"uv": [6.25, 0.25, 6.75, 0.75], "rotation": 270, "texture": "#1"},
				"up": {"uv": [6.25, 0.25, 6.75, 0.75], "texture": "#1"},
				"down": {"uv": [6.25, 0.25, 6.75, 0.75], "rotation": 180, "texture": "#1"}
			}
		},
		{
			"from": [3.36667, 0.11667, 13.51667],
			"to": [4.43333, 1.18333, 14.58333],
			"rotation": {"angle": -45, "axis": "x", "origin": [7.5, 9.5, 0.5]},
			"faces": {
				"north": {"uv": [7.25, 0.25, 7.75, 0.75], "rotation": 270, "texture": "#1"},
				"east": {"uv": [7.25, 0.25, 7.75, 0.75], "rotation": 90, "texture": "#1"},
				"south": {"uv": [7.25, 0.25, 7.75, 0.75], "rotation": 270, "texture": "#1"},
				"west": {"uv": [7.25, 0.25, 7.75, 0.75], "rotation": 270, "texture": "#1"},
				"up": {"uv": [7.25, 0.25, 7.75, 0.75], "texture": "#1"},
				"down": {"uv": [7.25, 0.25, 7.75, 0.75], "rotation": 180, "texture": "#1"}
			}
		},
		{
			"from": [3.36667, 1.18333, 13.51667],
			"to": [4.43333, 2.25, 14.58333],
			"rotation": {"angle": -45, "axis": "x", "origin": [7.5, 9.5, 0.5]},
			"faces": {
				"north": {"uv": [8.25, 0.25, 8.75, 0.75], "rotation": 270, "texture": "#1"},
				"east": {"uv": [8.25, 0.25, 8.75, 0.75], "rotation": 90, "texture": "#1"},
				"south": {"uv": [8.25, 0.25, 8.75, 0.75], "rotation": 270, "texture": "#1"},
				"west": {"uv": [8.25, 0.25, 8.75, 0.75], "rotation": 270, "texture": "#1"},
				"up": {"uv": [8.25, 0.25, 8.75, 0.75], "texture": "#1"},
				"down": {"uv": [8.25, 0.25, 8.75, 0.75], "rotation": 180, "texture": "#1"}
			}
		},
		{
			"from": [3.36667, 4.38333, 13.51667],
			"to": [4.43333, 6.51667, 14.58333],
			"rotation": {"angle": -45, "axis": "x", "origin": [7.5, 9.5, 0.5]},
			"faces": {
				"north": {"uv": [5.25, 0.25, 5.75, 0.75], "rotation": 270, "texture": "#1"},
				"east": {"uv": [5.25, 0.25, 5.75, 0.75], "rotation": 90, "texture": "#1"},
				"south": {"uv": [5.25, 0.25, 5.75, 0.75], "rotation": 270, "texture": "#1"},
				"west": {"uv": [5.25, 0.25, 5.75, 0.75], "rotation": 270, "texture": "#1"},
				"up": {"uv": [5.25, 0.25, 5.75, 0.75], "texture": "#1"},
				"down": {"uv": [5.25, 0.25, 5.75, 0.75], "rotation": 180, "texture": "#1"}
			}
		},
		{
			"from": [3.36667, -0.95, 12.45],
			"to": [4.43333, 0.11667, 13.51667],
			"rotation": {"angle": -45, "axis": "x", "origin": [7.5, 9.5, 0.5]},
			"faces": {
				"north": {"uv": [9.25, 0.25, 9.75, 0.75], "rotation": 270, "texture": "#1"},
				"east": {"uv": [9.25, 0.25, 9.75, 0.75], "rotation": 90, "texture": "#1"},
				"south": {"uv": [9.25, 0.25, 9.75, 0.75], "rotation": 270, "texture": "#1"},
				"west": {"uv": [9.25, 0.25, 9.75, 0.75], "rotation": 270, "texture": "#1"},
				"up": {"uv": [9.25, 0.25, 9.75, 0.75], "texture": "#1"},
				"down": {"uv": [9.25, 0.25, 9.75, 0.75], "rotation": 180, "texture": "#1"}
			}
		},
		{
			"from": [3.36667, 0.11667, 12.45],
			"to": [4.43333, 1.18333, 13.51667],
			"rotation": {"angle": -45, "axis": "x", "origin": [7.5, 9.5, 0.5]},
			"faces": {
				"north": {"uv": [10.25, 0.25, 10.75, 0.75], "rotation": 270, "texture": "#1"},
				"east": {"uv": [10.25, 0.25, 10.75, 0.75], "rotation": 90, "texture": "#1"},
				"south": {"uv": [10.25, 0.25, 10.75, 0.75], "rotation": 270, "texture": "#1"},
				"west": {"uv": [10.25, 0.25, 10.75, 0.75], "rotation": 270, "texture": "#1"},
				"up": {"uv": [10.25, 0.25, 10.75, 0.75], "texture": "#1"},
				"down": {"uv": [10.25, 0.25, 10.75, 0.75], "rotation": 180, "texture": "#1"}
			}
		},
		{
			"from": [3.36667, 1.18333, 12.45],
			"to": [4.43333, 2.25, 13.51667],
			"rotation": {"angle": -45, "axis": "x", "origin": [7.5, 9.5, 0.5]},
			"faces": {
				"north": {"uv": [11.25, 0.25, 11.75, 0.75], "rotation": 270, "texture": "#1"},
				"east": {"uv": [11.25, 0.25, 11.75, 0.75], "rotation": 90, "texture": "#1"},
				"south": {"uv": [11.25, 0.25, 11.75, 0.75], "rotation": 270, "texture": "#1"},
				"west": {"uv": [11.25, 0.25, 11.75, 0.75], "rotation": 270, "texture": "#1"},
				"up": {"uv": [11.25, 0.25, 11.75, 0.75], "texture": "#1"},
				"down": {"uv": [11.25, 0.25, 11.75, 0.75], "rotation": 180, "texture": "#1"}
			}
		},
		{
			"from": [3.36667, 6.51667, 12.45],
			"to": [4.43333, 8.65, 13.51667],
			"rotation": {"angle": -45, "axis": "x", "origin": [7.5, 9.5, 0.5]},
			"faces": {
				"north": {"uv": [5.25, 0.25, 5.75, 0.75], "rotation": 270, "texture": "#1"},
				"east": {"uv": [5.25, 0.25, 5.75, 0.75], "rotation": 90, "texture": "#1"},
				"south": {"uv": [5.25, 0.25, 5.75, 0.75], "rotation": 270, "texture": "#1"},
				"west": {"uv": [5.25, 0.25, 5.75, 0.75], "rotation": 270, "texture": "#1"},
				"up": {"uv": [5.25, 0.25, 5.75, 0.75], "texture": "#1"},
				"down": {"uv": [5.25, 0.25, 5.75, 0.75], "rotation": 180, "texture": "#1"}
			}
		},
		{
			"from": [3.36667, 0.11667, 8.18333],
			"to": [4.43333, 1.18333, 12.45],
			"rotation": {"angle": -45, "axis": "x", "origin": [7.5, 9.5, 0.5]},
			"faces": {
				"north": {"uv": [12.25, 0.25, 12.75, 0.75], "rotation": 270, "texture": "#1"},
				"east": {"uv": [12.25, 0.25, 12.75, 0.75], "rotation": 90, "texture": "#1"},
				"south": {"uv": [12.25, 0.25, 12.75, 0.75], "rotation": 270, "texture": "#1"},
				"west": {"uv": [12.25, 0.25, 12.75, 0.75], "rotation": 270, "texture": "#1"},
				"up": {"uv": [12.25, 0.25, 12.75, 0.75], "texture": "#1"},
				"down": {"uv": [12.25, 0.25, 12.75, 0.75], "rotation": 180, "texture": "#1"}
			}
		},
		{
			"from": [3.36667, 1.18333, 10.31667],
			"to": [4.43333, 2.25, 12.45],
			"rotation": {"angle": -45, "axis": "x", "origin": [7.5, 9.5, 0.5]},
			"faces": {
				"north": {"uv": [13.25, 0.25, 13.75, 0.75], "rotation": 270, "texture": "#1"},
				"east": {"uv": [13.25, 0.25, 13.75, 0.75], "rotation": 90, "texture": "#1"},
				"south": {"uv": [13.25, 0.25, 13.75, 0.75], "rotation": 270, "texture": "#1"},
				"west": {"uv": [13.25, 0.25, 13.75, 0.75], "rotation": 270, "texture": "#1"},
				"up": {"uv": [13.25, 0.25, 13.75, 0.75], "texture": "#1"},
				"down": {"uv": [13.25, 0.25, 13.75, 0.75], "rotation": 180, "texture": "#1"}
			}
		},
		{
			"from": [3.36667, 2.25, 8.18333],
			"to": [4.43333, 3.31667, 12.45],
			"rotation": {"angle": -45, "axis": "x", "origin": [7.5, 9.5, 0.5]},
			"faces": {
				"north": {"uv": [0.25, 0.25, 0.75, 0.75], "rotation": 270, "texture": "#1"},
				"east": {"uv": [0.25, 0.25, 0.75, 0.75], "rotation": 90, "texture": "#1"},
				"south": {"uv": [0.25, 0.25, 0.75, 0.75], "rotation": 270, "texture": "#1"},
				"west": {"uv": [0.25, 0.25, 0.75, 0.75], "rotation": 270, "texture": "#1"},
				"up": {"uv": [0.25, 0.25, 0.75, 0.75], "texture": "#1"},
				"down": {"uv": [0.25, 0.25, 0.75, 0.75], "rotation": 180, "texture": "#1"}
			}
		},
		{
			"from": [3.36667, 7.58333, 11.38333],
			"to": [4.43333, 8.65, 12.45],
			"rotation": {"angle": -45, "axis": "x", "origin": [7.5, 9.5, 0.5]},
			"faces": {
				"north": {"uv": [10.25, 0.25, 10.75, 0.75], "rotation": 270, "texture": "#1"},
				"east": {"uv": [10.25, 0.25, 10.75, 0.75], "rotation": 90, "texture": "#1"},
				"south": {"uv": [10.25, 0.25, 10.75, 0.75], "rotation": 270, "texture": "#1"},
				"west": {"uv": [10.25, 0.25, 10.75, 0.75], "rotation": 270, "texture": "#1"},
				"up": {"uv": [10.25, 0.25, 10.75, 0.75], "texture": "#1"},
				"down": {"uv": [10.25, 0.25, 10.75, 0.75], "rotation": 180, "texture": "#1"}
			}
		},
		{
			"from": [3.36667, 8.65, 11.38333],
			"to": [4.43333, 9.71667, 12.45],
			"rotation": {"angle": -45, "axis": "x", "origin": [7.5, 9.5, 0.5]},
			"faces": {
				"north": {"uv": [14.25, 0.25, 14.75, 0.75], "rotation": 270, "texture": "#1"},
				"east": {"uv": [14.25, 0.25, 14.75, 0.75], "rotation": 90, "texture": "#1"},
				"south": {"uv": [14.25, 0.25, 14.75, 0.75], "rotation": 270, "texture": "#1"},
				"west": {"uv": [14.25, 0.25, 14.75, 0.75], "rotation": 270, "texture": "#1"},
				"up": {"uv": [14.25, 0.25, 14.75, 0.75], "texture": "#1"},
				"down": {"uv": [14.25, 0.25, 14.75, 0.75], "rotation": 180, "texture": "#1"}
			}
		},
		{
			"from": [3.36667, 8.65, 10.31667],
			"to": [4.43333, 9.71667, 11.38333],
			"rotation": {"angle": -45, "axis": "x", "origin": [7.5, 9.5, 0.5]},
			"faces": {
				"north": {"uv": [0.25, 0.25, 0.75, 0.75], "rotation": 270, "texture": "#1"},
				"east": {"uv": [0.25, 0.25, 0.75, 0.75], "rotation": 90, "texture": "#1"},
				"south": {"uv": [0.25, 0.25, 0.75, 0.75], "rotation": 270, "texture": "#1"},
				"west": {"uv": [0.25, 0.25, 0.75, 0.75], "rotation": 270, "texture": "#1"},
				"up": {"uv": [0.25, 0.25, 0.75, 0.75], "texture": "#1"},
				"down": {"uv": [0.25, 0.25, 0.75, 0.75], "rotation": 180, "texture": "#1"}
			}
		},
		{
			"from": [3.36667, 9.71667, 10.31667],
			"to": [4.43333, 10.78333, 11.38333],
			"rotation": {"angle": -45, "axis": "x", "origin": [7.5, 9.5, 0.5]},
			"faces": {
				"north": {"uv": [13.25, 0.25, 13.75, 0.75], "rotation": 270, "texture": "#1"},
				"east": {"uv": [13.25, 0.25, 13.75, 0.75], "rotation": 90, "texture": "#1"},
				"south": {"uv": [13.25, 0.25, 13.75, 0.75], "rotation": 270, "texture": "#1"},
				"west": {"uv": [13.25, 0.25, 13.75, 0.75], "rotation": 270, "texture": "#1"},
				"up": {"uv": [13.25, 0.25, 13.75, 0.75], "texture": "#1"},
				"down": {"uv": [13.25, 0.25, 13.75, 0.75], "rotation": 180, "texture": "#1"}
			}
		},
		{
			"from": [3.36667, 1.18333, 9.25],
			"to": [4.43333, 2.25, 10.31667],
			"rotation": {"angle": -45, "axis": "x", "origin": [7.5, 9.5, 0.5]},
			"faces": {
				"north": {"uv": [15.25, 0.25, 15.75, 0.75], "rotation": 270, "texture": "#1"},
				"east": {"uv": [15.25, 0.25, 15.75, 0.75], "rotation": 90, "texture": "#1"},
				"south": {"uv": [15.25, 0.25, 15.75, 0.75], "rotation": 270, "texture": "#1"},
				"west": {"uv": [15.25, 0.25, 15.75, 0.75], "rotation": 270, "texture": "#1"},
				"up": {"uv": [15.25, 0.25, 15.75, 0.75], "texture": "#1"},
				"down": {"uv": [15.25, 0.25, 15.75, 0.75], "rotation": 180, "texture": "#1"}
			}
		},
		{
			"from": [3.36667, 7.58333, 9.25],
			"to": [4.43333, 8.65, 10.31667],
			"rotation": {"angle": -45, "axis": "x", "origin": [7.5, 9.5, 0.5]},
			"faces": {
				"north": {"uv": [0.25, 0.25, 0.75, 0.75], "rotation": 270, "texture": "#1"},
				"east": {"uv": [0.25, 0.25, 0.75, 0.75], "rotation": 90, "texture": "#1"},
				"south": {"uv": [0.25, 0.25, 0.75, 0.75], "rotation": 270, "texture": "#1"},
				"west": {"uv": [0.25, 0.25, 0.75, 0.75], "rotation": 270, "texture": "#1"},
				"up": {"uv": [0.25, 0.25, 0.75, 0.75], "texture": "#1"},
				"down": {"uv": [0.25, 0.25, 0.75, 0.75], "rotation": 180, "texture": "#1"}
			}
		},
		{
			"from": [3.36667, 8.65, 9.25],
			"to": [4.43333, 9.71667, 10.31667],
			"rotation": {"angle": -45, "axis": "x", "origin": [7.5, 9.5, 0.5]},
			"faces": {
				"north": {"uv": [13.25, 0.25, 13.75, 0.75], "rotation": 270, "texture": "#1"},
				"east": {"uv": [13.25, 0.25, 13.75, 0.75], "rotation": 90, "texture": "#1"},
				"south": {"uv": [13.25, 0.25, 13.75, 0.75], "rotation": 270, "texture": "#1"},
				"west": {"uv": [13.25, 0.25, 13.75, 0.75], "rotation": 270, "texture": "#1"},
				"up": {"uv": [13.25, 0.25, 13.75, 0.75], "texture": "#1"},
				"down": {"uv": [13.25, 0.25, 13.75, 0.75], "rotation": 180, "texture": "#1"}
			}
		},
		{
			"from": [3.36667, 10.78333, 8.18333],
			"to": [4.43333, 11.85, 10.31667],
			"rotation": {"angle": -45, "axis": "x", "origin": [7.5, 9.5, 0.5]},
			"faces": {
				"north": {"uv": [5.25, 0.25, 5.75, 0.75], "rotation": 270, "texture": "#1"},
				"east": {"uv": [5.25, 0.25, 5.75, 0.75], "rotation": 90, "texture": "#1"},
				"south": {"uv": [5.25, 0.25, 5.75, 0.75], "rotation": 270, "texture": "#1"},
				"west": {"uv": [5.25, 0.25, 5.75, 0.75], "rotation": 270, "texture": "#1"},
				"up": {"uv": [5.25, 0.25, 5.75, 0.75], "texture": "#1"},
				"down": {"uv": [5.25, 0.25, 5.75, 0.75], "rotation": 180, "texture": "#1"}
			}
		},
		{
			"from": [3.36667, 1.18333, 8.18333],
			"to": [4.43333, 2.25, 9.25],
			"rotation": {"angle": -45, "axis": "x", "origin": [7.5, 9.5, 0.5]},
			"faces": {
				"north": {"uv": [13.25, 0.25, 13.75, 0.75], "rotation": 270, "texture": "#1"},
				"east": {"uv": [13.25, 0.25, 13.75, 0.75], "rotation": 90, "texture": "#1"},
				"south": {"uv": [13.25, 0.25, 13.75, 0.75], "rotation": 270, "texture": "#1"},
				"west": {"uv": [13.25, 0.25, 13.75, 0.75], "rotation": 270, "texture": "#1"},
				"up": {"uv": [13.25, 0.25, 13.75, 0.75], "texture": "#1"},
				"down": {"uv": [13.25, 0.25, 13.75, 0.75], "rotation": 180, "texture": "#1"}
			}
		},
		{
			"from": [3.36667, 6.51667, 8.18333],
			"to": [4.43333, 7.58333, 9.25],
			"rotation": {"angle": -45, "axis": "x", "origin": [7.5, 9.5, 0.5]},
			"faces": {
				"north": {"uv": [0.25, 0.25, 0.75, 0.75], "rotation": 270, "texture": "#1"},
				"east": {"uv": [0.25, 0.25, 0.75, 0.75], "rotation": 90, "texture": "#1"},
				"south": {"uv": [0.25, 0.25, 0.75, 0.75], "rotation": 270, "texture": "#1"},
				"west": {"uv": [0.25, 0.25, 0.75, 0.75], "rotation": 270, "texture": "#1"},
				"up": {"uv": [0.25, 0.25, 0.75, 0.75], "texture": "#1"},
				"down": {"uv": [0.25, 0.25, 0.75, 0.75], "rotation": 180, "texture": "#1"}
			}
		},
		{
			"from": [3.36667, 7.58333, 8.18333],
			"to": [4.43333, 8.65, 9.25],
			"rotation": {"angle": -45, "axis": "x", "origin": [7.5, 9.5, 0.5]},
			"faces": {
				"north": {"uv": [13.25, 0.25, 13.75, 0.75], "rotation": 270, "texture": "#1"},
				"east": {"uv": [13.25, 0.25, 13.75, 0.75], "rotation": 90, "texture": "#1"},
				"south": {"uv": [13.25, 0.25, 13.75, 0.75], "rotation": 270, "texture": "#1"},
				"west": {"uv": [13.25, 0.25, 13.75, 0.75], "rotation": 270, "texture": "#1"},
				"up": {"uv": [13.25, 0.25, 13.75, 0.75], "texture": "#1"},
				"down": {"uv": [13.25, 0.25, 13.75, 0.75], "rotation": 180, "texture": "#1"}
			}
		},
		{
			"from": [3.36667, 1.18333, 6.05],
			"to": [4.43333, 2.25, 8.18333],
			"rotation": {"angle": -45, "axis": "x", "origin": [7.5, 9.5, 0.5]},
			"faces": {
				"north": {"uv": [12.25, 0.25, 12.75, 0.75], "rotation": 270, "texture": "#1"},
				"east": {"uv": [12.25, 0.25, 12.75, 0.75], "rotation": 90, "texture": "#1"},
				"south": {"uv": [12.25, 0.25, 12.75, 0.75], "rotation": 270, "texture": "#1"},
				"west": {"uv": [12.25, 0.25, 12.75, 0.75], "rotation": 270, "texture": "#1"},
				"up": {"uv": [12.25, 0.25, 12.75, 0.75], "texture": "#1"},
				"down": {"uv": [12.25, 0.25, 12.75, 0.75], "rotation": 180, "texture": "#1"}
			}
		},
		{
			"from": [3.36667, 2.25, 7.11667],
			"to": [4.43333, 3.31667, 8.18333],
			"rotation": {"angle": -45, "axis": "x", "origin": [7.5, 9.5, 0.5]},
			"faces": {
				"north": {"uv": [0.25, 1.25, 0.75, 1.75], "rotation": 270, "texture": "#1"},
				"east": {"uv": [0.25, 1.25, 0.75, 1.75], "rotation": 90, "texture": "#1"},
				"south": {"uv": [0.25, 1.25, 0.75, 1.75], "rotation": 270, "texture": "#1"},
				"west": {"uv": [0.25, 1.25, 0.75, 1.75], "rotation": 270, "texture": "#1"},
				"up": {"uv": [0.25, 1.25, 0.75, 1.75], "texture": "#1"},
				"down": {"uv": [0.25, 1.25, 0.75, 1.75], "rotation": 180, "texture": "#1"}
			}
		},
		{
			"from": [3.36667, 3.31667, 7.11667],
			"to": [4.43333, 4.38333, 8.18333],
			"rotation": {"angle": -45, "axis": "x", "origin": [7.5, 9.5, 0.5]},
			"faces": {
				"north": {"uv": [1.25, 1.25, 1.75, 1.75], "rotation": 270, "texture": "#1"},
				"east": {"uv": [1.25, 1.25, 1.75, 1.75], "rotation": 90, "texture": "#1"},
				"south": {"uv": [1.25, 1.25, 1.75, 1.75], "rotation": 270, "texture": "#1"},
				"west": {"uv": [1.25, 1.25, 1.75, 1.75], "rotation": 270, "texture": "#1"},
				"up": {"uv": [1.25, 1.25, 1.75, 1.75], "texture": "#1"},
				"down": {"uv": [1.25, 1.25, 1.75, 1.75], "rotation": 180, "texture": "#1"}
			}
		},
		{
			"from": [3.36667, 12.91667, 0.71667],
			"to": [4.43333, 13.98333, 1.78333],
			"rotation": {"angle": -45, "axis": "x", "origin": [7.5, 9.5, 0.5]},
			"faces": {
				"north": {"uv": [2.25, 1.25, 2.75, 1.75], "rotation": 270, "texture": "#1"},
				"east": {"uv": [2.25, 1.25, 2.75, 1.75], "rotation": 90, "texture": "#1"},
				"south": {"uv": [2.25, 1.25, 2.75, 1.75], "rotation": 270, "texture": "#1"},
				"west": {"uv": [2.25, 1.25, 2.75, 1.75], "rotation": 270, "texture": "#1"},
				"up": {"uv": [2.25, 1.25, 2.75, 1.75], "texture": "#1"},
				"down": {"uv": [2.25, 1.25, 2.75, 1.75], "rotation": 180, "texture": "#1"}
			}
		},
		{
			"from": [3.36667, 5.45, 7.11667],
			"to": [4.43333, 6.51667, 8.18333],
			"rotation": {"angle": -45, "axis": "x", "origin": [7.5, 9.5, 0.5]},
			"faces": {
				"north": {"uv": [0.25, 0.25, 0.75, 0.75], "rotation": 270, "texture": "#1"},
				"east": {"uv": [0.25, 0.25, 0.75, 0.75], "rotation": 90, "texture": "#1"},
				"south": {"uv": [0.25, 0.25, 0.75, 0.75], "rotation": 270, "texture": "#1"},
				"west": {"uv": [0.25, 0.25, 0.75, 0.75], "rotation": 270, "texture": "#1"},
				"up": {"uv": [0.25, 0.25, 0.75, 0.75], "texture": "#1"},
				"down": {"uv": [0.25, 0.25, 0.75, 0.75], "rotation": 180, "texture": "#1"}
			}
		},
		{
			"from": [3.36667, 6.51667, 7.11667],
			"to": [4.43333, 7.58333, 8.18333],
			"rotation": {"angle": -45, "axis": "x", "origin": [7.5, 9.5, 0.5]},
			"faces": {
				"north": {"uv": [13.25, 0.25, 13.75, 0.75], "rotation": 270, "texture": "#1"},
				"east": {"uv": [13.25, 0.25, 13.75, 0.75], "rotation": 90, "texture": "#1"},
				"south": {"uv": [13.25, 0.25, 13.75, 0.75], "rotation": 270, "texture": "#1"},
				"west": {"uv": [13.25, 0.25, 13.75, 0.75], "rotation": 270, "texture": "#1"},
				"up": {"uv": [13.25, 0.25, 13.75, 0.75], "texture": "#1"},
				"down": {"uv": [13.25, 0.25, 13.75, 0.75], "rotation": 180, "texture": "#1"}
			}
		},
		{
			"from": [3.36667, 11.85, 7.11667],
			"to": [4.43333, 12.91667, 8.18333],
			"rotation": {"angle": -45, "axis": "x", "origin": [7.5, 9.5, 0.5]},
			"faces": {
				"north": {"uv": [14.25, 0.25, 14.75, 0.75], "rotation": 270, "texture": "#1"},
				"east": {"uv": [14.25, 0.25, 14.75, 0.75], "rotation": 90, "texture": "#1"},
				"south": {"uv": [14.25, 0.25, 14.75, 0.75], "rotation": 270, "texture": "#1"},
				"west": {"uv": [14.25, 0.25, 14.75, 0.75], "rotation": 270, "texture": "#1"},
				"up": {"uv": [14.25, 0.25, 14.75, 0.75], "texture": "#1"},
				"down": {"uv": [14.25, 0.25, 14.75, 0.75], "rotation": 180, "texture": "#1"}
			}
		},
		{
			"from": [3.36667, 2.25, 6.05],
			"to": [4.43333, 3.31667, 7.11667],
			"rotation": {"angle": -45, "axis": "x", "origin": [7.5, 9.5, 0.5]},
			"faces": {
				"north": {"uv": [3.25, 1.25, 3.75, 1.75], "rotation": 270, "texture": "#1"},
				"east": {"uv": [3.25, 1.25, 3.75, 1.75], "rotation": 90, "texture": "#1"},
				"south": {"uv": [3.25, 1.25, 3.75, 1.75], "rotation": 270, "texture": "#1"},
				"west": {"uv": [3.25, 1.25, 3.75, 1.75], "rotation": 270, "texture": "#1"},
				"up": {"uv": [3.25, 1.25, 3.75, 1.75], "texture": "#1"},
				"down": {"uv": [3.25, 1.25, 3.75, 1.75], "rotation": 180, "texture": "#1"}
			}
		},
		{
			"from": [3.36667, 3.31667, 6.05],
			"to": [4.43333, 4.38333, 7.11667],
			"rotation": {"angle": -45, "axis": "x", "origin": [7.5, 9.5, 0.5]},
			"faces": {
				"north": {"uv": [4.25, 1.25, 4.75, 1.75], "rotation": 270, "texture": "#1"},
				"east": {"uv": [4.25, 1.25, 4.75, 1.75], "rotation": 90, "texture": "#1"},
				"south": {"uv": [4.25, 1.25, 4.75, 1.75], "rotation": 270, "texture": "#1"},
				"west": {"uv": [4.25, 1.25, 4.75, 1.75], "rotation": 270, "texture": "#1"},
				"up": {"uv": [4.25, 1.25, 4.75, 1.75], "texture": "#1"},
				"down": {"uv": [4.25, 1.25, 4.75, 1.75], "rotation": 180, "texture": "#1"}
			}
		},
		{
			"from": [3.36667, 4.38333, 6.05],
			"to": [4.43333, 5.45, 7.11667],
			"rotation": {"angle": -45, "axis": "x", "origin": [7.5, 9.5, 0.5]},
			"faces": {
				"north": {"uv": [8.25, 0.25, 8.75, 0.75], "rotation": 270, "texture": "#1"},
				"east": {"uv": [8.25, 0.25, 8.75, 0.75], "rotation": 90, "texture": "#1"},
				"south": {"uv": [8.25, 0.25, 8.75, 0.75], "rotation": 270, "texture": "#1"},
				"west": {"uv": [8.25, 0.25, 8.75, 0.75], "rotation": 270, "texture": "#1"},
				"up": {"uv": [8.25, 0.25, 8.75, 0.75], "texture": "#1"},
				"down": {"uv": [8.25, 0.25, 8.75, 0.75], "rotation": 180, "texture": "#1"}
			}
		},
		{
			"from": [3.36667, 5.45, 6.05],
			"to": [4.43333, 6.51667, 7.11667],
			"rotation": {"angle": -45, "axis": "x", "origin": [7.5, 9.5, 0.5]},
			"faces": {
				"north": {"uv": [13.25, 0.25, 13.75, 0.75], "rotation": 270, "texture": "#1"},
				"east": {"uv": [13.25, 0.25, 13.75, 0.75], "rotation": 90, "texture": "#1"},
				"south": {"uv": [13.25, 0.25, 13.75, 0.75], "rotation": 270, "texture": "#1"},
				"west": {"uv": [13.25, 0.25, 13.75, 0.75], "rotation": 270, "texture": "#1"},
				"up": {"uv": [13.25, 0.25, 13.75, 0.75], "texture": "#1"},
				"down": {"uv": [13.25, 0.25, 13.75, 0.75], "rotation": 180, "texture": "#1"}
			}
		},
		{
			"from": [3.36667, 11.85, 6.05],
			"to": [4.43333, 12.91667, 7.11667],
			"rotation": {"angle": -45, "axis": "x", "origin": [7.5, 9.5, 0.5]},
			"faces": {
				"north": {"uv": [5.25, 0.25, 5.75, 0.75], "rotation": 270, "texture": "#1"},
				"east": {"uv": [5.25, 0.25, 5.75, 0.75], "rotation": 90, "texture": "#1"},
				"south": {"uv": [5.25, 0.25, 5.75, 0.75], "rotation": 270, "texture": "#1"},
				"west": {"uv": [5.25, 0.25, 5.75, 0.75], "rotation": 270, "texture": "#1"},
				"up": {"uv": [5.25, 0.25, 5.75, 0.75], "texture": "#1"},
				"down": {"uv": [5.25, 0.25, 5.75, 0.75], "rotation": 180, "texture": "#1"}
			}
		},
		{
			"from": [3.36667, 2.25, 4.98333],
			"to": [4.43333, 3.31667, 6.05],
			"rotation": {"angle": -45, "axis": "x", "origin": [7.5, 9.5, 0.5]},
			"faces": {
				"north": {"uv": [5.25, 1.25, 5.75, 1.75], "rotation": 270, "texture": "#1"},
				"east": {"uv": [5.25, 1.25, 5.75, 1.75], "rotation": 90, "texture": "#1"},
				"south": {"uv": [5.25, 1.25, 5.75, 1.75], "rotation": 270, "texture": "#1"},
				"west": {"uv": [5.25, 1.25, 5.75, 1.75], "rotation": 270, "texture": "#1"},
				"up": {"uv": [5.25, 1.25, 5.75, 1.75], "texture": "#1"},
				"down": {"uv": [5.25, 1.25, 5.75, 1.75], "rotation": 180, "texture": "#1"}
			}
		},
		{
			"from": [3.36667, 3.31667, 4.98333],
			"to": [4.43333, 4.38333, 6.05],
			"rotation": {"angle": -45, "axis": "x", "origin": [7.5, 9.5, 0.5]},
			"faces": {
				"north": {"uv": [6.25, 1.25, 6.75, 1.75], "rotation": 270, "texture": "#1"},
				"east": {"uv": [6.25, 1.25, 6.75, 1.75], "rotation": 90, "texture": "#1"},
				"south": {"uv": [6.25, 1.25, 6.75, 1.75], "rotation": 270, "texture": "#1"},
				"west": {"uv": [6.25, 1.25, 6.75, 1.75], "rotation": 270, "texture": "#1"},
				"up": {"uv": [6.25, 1.25, 6.75, 1.75], "texture": "#1"},
				"down": {"uv": [6.25, 1.25, 6.75, 1.75], "rotation": 180, "texture": "#1"}
			}
		},
		{
			"from": [3.36667, 4.38333, 4.98333],
			"to": [4.43333, 5.45, 6.05],
			"rotation": {"angle": -45, "axis": "x", "origin": [7.5, 9.5, 0.5]},
			"faces": {
				"north": {"uv": [5.25, 0.25, 5.75, 0.75], "rotation": 270, "texture": "#1"},
				"east": {"uv": [5.25, 0.25, 5.75, 0.75], "rotation": 90, "texture": "#1"},
				"south": {"uv": [5.25, 0.25, 5.75, 0.75], "rotation": 270, "texture": "#1"},
				"west": {"uv": [5.25, 0.25, 5.75, 0.75], "rotation": 270, "texture": "#1"},
				"up": {"uv": [5.25, 0.25, 5.75, 0.75], "texture": "#1"},
				"down": {"uv": [5.25, 0.25, 5.75, 0.75], "rotation": 180, "texture": "#1"}
			}
		},
		{
			"from": [3.36667, 5.45, 4.98333],
			"to": [4.43333, 6.51667, 6.05],
			"rotation": {"angle": -45, "axis": "x", "origin": [7.5, 9.5, 0.5]},
			"faces": {
				"north": {"uv": [7.25, 1.25, 7.75, 1.75], "rotation": 270, "texture": "#1"},
				"east": {"uv": [7.25, 1.25, 7.75, 1.75], "rotation": 90, "texture": "#1"},
				"south": {"uv": [7.25, 1.25, 7.75, 1.75], "rotation": 270, "texture": "#1"},
				"west": {"uv": [7.25, 1.25, 7.75, 1.75], "rotation": 270, "texture": "#1"},
				"up": {"uv": [7.25, 1.25, 7.75, 1.75], "texture": "#1"},
				"down": {"uv": [7.25, 1.25, 7.75, 1.75], "rotation": 180, "texture": "#1"}
			}
		},
		{
			"from": [3.36667, 11.85, 4.98333],
			"to": [4.43333, 12.91667, 6.05],
			"rotation": {"angle": -45, "axis": "x", "origin": [7.5, 9.5, 0.5]},
			"faces": {
				"north": {"uv": [10.25, 0.25, 10.75, 0.75], "rotation": 270, "texture": "#1"},
				"east": {"uv": [10.25, 0.25, 10.75, 0.75], "rotation": 90, "texture": "#1"},
				"south": {"uv": [10.25, 0.25, 10.75, 0.75], "rotation": 270, "texture": "#1"},
				"west": {"uv": [10.25, 0.25, 10.75, 0.75], "rotation": 270, "texture": "#1"},
				"up": {"uv": [10.25, 0.25, 10.75, 0.75], "texture": "#1"},
				"down": {"uv": [10.25, 0.25, 10.75, 0.75], "rotation": 180, "texture": "#1"}
			}
		},
		{
			"from": [3.36667, 12.91667, 4.98333],
			"to": [4.43333, 13.98333, 6.05],
			"rotation": {"angle": -45, "axis": "x", "origin": [7.5, 9.5, 0.5]},
			"faces": {
				"north": {"uv": [5.25, 0.25, 5.75, 0.75], "rotation": 270, "texture": "#1"},
				"east": {"uv": [5.25, 0.25, 5.75, 0.75], "rotation": 90, "texture": "#1"},
				"south": {"uv": [5.25, 0.25, 5.75, 0.75], "rotation": 270, "texture": "#1"},
				"west": {"uv": [5.25, 0.25, 5.75, 0.75], "rotation": 270, "texture": "#1"},
				"up": {"uv": [5.25, 0.25, 5.75, 0.75], "texture": "#1"},
				"down": {"uv": [5.25, 0.25, 5.75, 0.75], "rotation": 180, "texture": "#1"}
			}
		},
		{
			"from": [3.36667, 2.25, 3.91667],
			"to": [4.43333, 3.31667, 4.98333],
			"rotation": {"angle": -45, "axis": "x", "origin": [7.5, 9.5, 0.5]},
			"faces": {
				"north": {"uv": [0.25, 0.25, 0.75, 0.75], "rotation": 270, "texture": "#1"},
				"east": {"uv": [0.25, 0.25, 0.75, 0.75], "rotation": 90, "texture": "#1"},
				"south": {"uv": [0.25, 0.25, 0.75, 0.75], "rotation": 270, "texture": "#1"},
				"west": {"uv": [0.25, 0.25, 0.75, 0.75], "rotation": 270, "texture": "#1"},
				"up": {"uv": [0.25, 0.25, 0.75, 0.75], "texture": "#1"},
				"down": {"uv": [0.25, 0.25, 0.75, 0.75], "rotation": 180, "texture": "#1"}
			}
		},
		{
			"from": [3.36667, 3.31667, 3.91667],
			"to": [4.43333, 4.38333, 4.98333],
			"rotation": {"angle": -45, "axis": "x", "origin": [7.5, 9.5, 0.5]},
			"faces": {
				"north": {"uv": [13.25, 0.25, 13.75, 0.75], "rotation": 270, "texture": "#1"},
				"east": {"uv": [13.25, 0.25, 13.75, 0.75], "rotation": 90, "texture": "#1"},
				"south": {"uv": [13.25, 0.25, 13.75, 0.75], "rotation": 270, "texture": "#1"},
				"west": {"uv": [13.25, 0.25, 13.75, 0.75], "rotation": 270, "texture": "#1"},
				"up": {"uv": [13.25, 0.25, 13.75, 0.75], "texture": "#1"},
				"down": {"uv": [13.25, 0.25, 13.75, 0.75], "rotation": 180, "texture": "#1"}
			}
		},
		{
			"from": [3.36667, 4.38333, 3.91667],
			"to": [4.43333, 5.45, 4.98333],
			"rotation": {"angle": -45, "axis": "x", "origin": [7.5, 9.5, 0.5]},
			"faces": {
				"north": {"uv": [8.25, 1.25, 8.75, 1.75], "rotation": 270, "texture": "#1"},
				"east": {"uv": [8.25, 1.25, 8.75, 1.75], "rotation": 90, "texture": "#1"},
				"south": {"uv": [8.25, 1.25, 8.75, 1.75], "rotation": 270, "texture": "#1"},
				"west": {"uv": [8.25, 1.25, 8.75, 1.75], "rotation": 270, "texture": "#1"},
				"up": {"uv": [8.25, 1.25, 8.75, 1.75], "texture": "#1"},
				"down": {"uv": [8.25, 1.25, 8.75, 1.75], "rotation": 180, "texture": "#1"}
			}
		},
		{
			"from": [3.36667, 5.45, 3.91667],
			"to": [4.43333, 6.51667, 4.98333],
			"rotation": {"angle": -45, "axis": "x", "origin": [7.5, 9.5, 0.5]},
			"faces": {
				"north": {"uv": [9.25, 1.25, 9.75, 1.75], "rotation": 270, "texture": "#1"},
				"east": {"uv": [9.25, 1.25, 9.75, 1.75], "rotation": 90, "texture": "#1"},
				"south": {"uv": [9.25, 1.25, 9.75, 1.75], "rotation": 270, "texture": "#1"},
				"west": {"uv": [9.25, 1.25, 9.75, 1.75], "rotation": 270, "texture": "#1"},
				"up": {"uv": [9.25, 1.25, 9.75, 1.75], "texture": "#1"},
				"down": {"uv": [9.25, 1.25, 9.75, 1.75], "rotation": 180, "texture": "#1"}
			}
		},
		{
			"from": [3.36667, 6.51667, 3.91667],
			"to": [4.43333, 7.58333, 4.98333],
			"rotation": {"angle": -45, "axis": "x", "origin": [7.5, 9.5, 0.5]},
			"faces": {
				"north": {"uv": [10.25, 1.25, 10.75, 1.75], "rotation": 270, "texture": "#1"},
				"east": {"uv": [10.25, 1.25, 10.75, 1.75], "rotation": 90, "texture": "#1"},
				"south": {"uv": [10.25, 1.25, 10.75, 1.75], "rotation": 270, "texture": "#1"},
				"west": {"uv": [10.25, 1.25, 10.75, 1.75], "rotation": 270, "texture": "#1"},
				"up": {"uv": [10.25, 1.25, 10.75, 1.75], "texture": "#1"},
				"down": {"uv": [10.25, 1.25, 10.75, 1.75], "rotation": 180, "texture": "#1"}
			}
		},
		{
			"from": [3.36667, 7.58333, 3.91667],
			"to": [4.43333, 8.65, 4.98333],
			"rotation": {"angle": -45, "axis": "x", "origin": [7.5, 9.5, 0.5]},
			"faces": {
				"north": {"uv": [11.25, 1.25, 11.75, 1.75], "rotation": 270, "texture": "#1"},
				"east": {"uv": [11.25, 1.25, 11.75, 1.75], "rotation": 90, "texture": "#1"},
				"south": {"uv": [11.25, 1.25, 11.75, 1.75], "rotation": 270, "texture": "#1"},
				"west": {"uv": [11.25, 1.25, 11.75, 1.75], "rotation": 270, "texture": "#1"},
				"up": {"uv": [11.25, 1.25, 11.75, 1.75], "texture": "#1"},
				"down": {"uv": [11.25, 1.25, 11.75, 1.75], "rotation": 180, "texture": "#1"}
			}
		},
		{
			"from": [3.36667, 8.65, 3.91667],
			"to": [4.43333, 10.78333, 4.98333],
			"rotation": {"angle": -45, "axis": "x", "origin": [7.5, 9.5, 0.5]},
			"faces": {
				"north": {"uv": [0.25, 0.25, 0.75, 0.75], "rotation": 270, "texture": "#1"},
				"east": {"uv": [0.25, 0.25, 0.75, 0.75], "rotation": 90, "texture": "#1"},
				"south": {"uv": [0.25, 0.25, 0.75, 0.75], "rotation": 270, "texture": "#1"},
				"west": {"uv": [0.25, 0.25, 0.75, 0.75], "rotation": 270, "texture": "#1"},
				"up": {"uv": [0.25, 0.25, 0.75, 0.75], "texture": "#1"},
				"down": {"uv": [0.25, 0.25, 0.75, 0.75], "rotation": 180, "texture": "#1"}
			}
		},
		{
			"from": [3.36667, 12.91667, 3.91667],
			"to": [4.43333, 13.98333, 4.98333],
			"rotation": {"angle": -45, "axis": "x", "origin": [7.5, 9.5, 0.5]},
			"faces": {
				"north": {"uv": [4.25, 0.25, 4.75, 0.75], "rotation": 270, "texture": "#1"},
				"east": {"uv": [4.25, 0.25, 4.75, 0.75], "rotation": 90, "texture": "#1"},
				"south": {"uv": [4.25, 0.25, 4.75, 0.75], "rotation": 270, "texture": "#1"},
				"west": {"uv": [4.25, 0.25, 4.75, 0.75], "rotation": 270, "texture": "#1"},
				"up": {"uv": [4.25, 0.25, 4.75, 0.75], "texture": "#1"},
				"down": {"uv": [4.25, 0.25, 4.75, 0.75], "rotation": 180, "texture": "#1"}
			}
		},
		{
			"from": [3.36667, 1.18333, 2.85],
			"to": [4.43333, 2.25, 3.91667],
			"rotation": {"angle": -45, "axis": "x", "origin": [7.5, 9.5, 0.5]},
			"faces": {
				"north": {"uv": [0.25, 0.25, 0.75, 0.75], "rotation": 270, "texture": "#1"},
				"east": {"uv": [0.25, 0.25, 0.75, 0.75], "rotation": 90, "texture": "#1"},
				"south": {"uv": [0.25, 0.25, 0.75, 0.75], "rotation": 270, "texture": "#1"},
				"west": {"uv": [0.25, 0.25, 0.75, 0.75], "rotation": 270, "texture": "#1"},
				"up": {"uv": [0.25, 0.25, 0.75, 0.75], "texture": "#1"},
				"down": {"uv": [0.25, 0.25, 0.75, 0.75], "rotation": 180, "texture": "#1"}
			}
		},
		{
			"from": [3.36667, 2.25, 2.85],
			"to": [4.43333, 3.31667, 3.91667],
			"rotation": {"angle": -45, "axis": "x", "origin": [7.5, 9.5, 0.5]},
			"faces": {
				"north": {"uv": [13.25, 0.25, 13.75, 0.75], "rotation": 270, "texture": "#1"},
				"east": {"uv": [13.25, 0.25, 13.75, 0.75], "rotation": 90, "texture": "#1"},
				"south": {"uv": [13.25, 0.25, 13.75, 0.75], "rotation": 270, "texture": "#1"},
				"west": {"uv": [13.25, 0.25, 13.75, 0.75], "rotation": 270, "texture": "#1"},
				"up": {"uv": [13.25, 0.25, 13.75, 0.75], "texture": "#1"},
				"down": {"uv": [13.25, 0.25, 13.75, 0.75], "rotation": 180, "texture": "#1"}
			}
		},
		{
			"from": [3.36667, 4.38333, 2.85],
			"to": [4.43333, 6.51667, 3.91667],
			"rotation": {"angle": -45, "axis": "x", "origin": [7.5, 9.5, 0.5]},
			"faces": {
				"north": {"uv": [12.25, 0.25, 12.75, 0.75], "rotation": 270, "texture": "#1"},
				"east": {"uv": [12.25, 0.25, 12.75, 0.75], "rotation": 90, "texture": "#1"},
				"south": {"uv": [12.25, 0.25, 12.75, 0.75], "rotation": 270, "texture": "#1"},
				"west": {"uv": [12.25, 0.25, 12.75, 0.75], "rotation": 270, "texture": "#1"},
				"up": {"uv": [12.25, 0.25, 12.75, 0.75], "texture": "#1"},
				"down": {"uv": [12.25, 0.25, 12.75, 0.75], "rotation": 180, "texture": "#1"}
			}
		},
		{
			"from": [3.36667, 6.51667, 2.85],
			"to": [4.43333, 7.58333, 3.91667],
			"rotation": {"angle": -45, "axis": "x", "origin": [7.5, 9.5, 0.5]},
			"faces": {
				"north": {"uv": [12.25, 1.25, 12.75, 1.75], "rotation": 270, "texture": "#1"},
				"east": {"uv": [12.25, 1.25, 12.75, 1.75], "rotation": 90, "texture": "#1"},
				"south": {"uv": [12.25, 1.25, 12.75, 1.75], "rotation": 270, "texture": "#1"},
				"west": {"uv": [12.25, 1.25, 12.75, 1.75], "rotation": 270, "texture": "#1"},
				"up": {"uv": [12.25, 1.25, 12.75, 1.75], "texture": "#1"},
				"down": {"uv": [12.25, 1.25, 12.75, 1.75], "rotation": 180, "texture": "#1"}
			}
		},
		{
			"from": [3.36667, 7.58333, 2.85],
			"to": [4.43333, 8.65, 3.91667],
			"rotation": {"angle": -45, "axis": "x", "origin": [7.5, 9.5, 0.5]},
			"faces": {
				"north": {"uv": [13.25, 1.25, 13.75, 1.75], "rotation": 270, "texture": "#1"},
				"east": {"uv": [13.25, 1.25, 13.75, 1.75], "rotation": 90, "texture": "#1"},
				"south": {"uv": [13.25, 1.25, 13.75, 1.75], "rotation": 270, "texture": "#1"},
				"west": {"uv": [13.25, 1.25, 13.75, 1.75], "rotation": 270, "texture": "#1"},
				"up": {"uv": [13.25, 1.25, 13.75, 1.75], "texture": "#1"},
				"down": {"uv": [13.25, 1.25, 13.75, 1.75], "rotation": 180, "texture": "#1"}
			}
		},
		{
			"from": [3.36667, 8.65, 2.85],
			"to": [4.43333, 9.71667, 3.91667],
			"rotation": {"angle": -45, "axis": "x", "origin": [7.5, 9.5, 0.5]},
			"faces": {
				"north": {"uv": [10.25, 0.25, 10.75, 0.75], "rotation": 270, "texture": "#1"},
				"east": {"uv": [10.25, 0.25, 10.75, 0.75], "rotation": 90, "texture": "#1"},
				"south": {"uv": [10.25, 0.25, 10.75, 0.75], "rotation": 270, "texture": "#1"},
				"west": {"uv": [10.25, 0.25, 10.75, 0.75], "rotation": 270, "texture": "#1"},
				"up": {"uv": [10.25, 0.25, 10.75, 0.75], "texture": "#1"},
				"down": {"uv": [10.25, 0.25, 10.75, 0.75], "rotation": 180, "texture": "#1"}
			}
		},
		{
			"from": [3.36667, 9.71667, 2.85],
			"to": [4.43333, 10.78333, 3.91667],
			"rotation": {"angle": -45, "axis": "x", "origin": [7.5, 9.5, 0.5]},
			"faces": {
				"north": {"uv": [12.25, 1.25, 12.75, 1.75], "rotation": 270, "texture": "#1"},
				"east": {"uv": [12.25, 1.25, 12.75, 1.75], "rotation": 90, "texture": "#1"},
				"south": {"uv": [12.25, 1.25, 12.75, 1.75], "rotation": 270, "texture": "#1"},
				"west": {"uv": [12.25, 1.25, 12.75, 1.75], "rotation": 270, "texture": "#1"},
				"up": {"uv": [12.25, 1.25, 12.75, 1.75], "texture": "#1"},
				"down": {"uv": [12.25, 1.25, 12.75, 1.75], "rotation": 180, "texture": "#1"}
			}
		},
		{
			"from": [3.36667, 10.78333, 2.85],
			"to": [4.43333, 11.85, 3.91667],
			"rotation": {"angle": -45, "axis": "x", "origin": [7.5, 9.5, 0.5]},
			"faces": {
				"north": {"uv": [14.25, 1.25, 14.75, 1.75], "rotation": 270, "texture": "#1"},
				"east": {"uv": [14.25, 1.25, 14.75, 1.75], "rotation": 90, "texture": "#1"},
				"south": {"uv": [14.25, 1.25, 14.75, 1.75], "rotation": 270, "texture": "#1"},
				"west": {"uv": [14.25, 1.25, 14.75, 1.75], "rotation": 270, "texture": "#1"},
				"up": {"uv": [14.25, 1.25, 14.75, 1.75], "texture": "#1"},
				"down": {"uv": [14.25, 1.25, 14.75, 1.75], "rotation": 180, "texture": "#1"}
			}
		},
		{
			"from": [3.36667, 11.85, 2.85],
			"to": [4.43333, 12.91667, 3.91667],
			"rotation": {"angle": -45, "axis": "x", "origin": [7.5, 9.5, 0.5]},
			"faces": {
				"north": {"uv": [15.25, 1.25, 15.75, 1.75], "rotation": 270, "texture": "#1"},
				"east": {"uv": [15.25, 1.25, 15.75, 1.75], "rotation": 90, "texture": "#1"},
				"south": {"uv": [15.25, 1.25, 15.75, 1.75], "rotation": 270, "texture": "#1"},
				"west": {"uv": [15.25, 1.25, 15.75, 1.75], "rotation": 270, "texture": "#1"},
				"up": {"uv": [15.25, 1.25, 15.75, 1.75], "texture": "#1"},
				"down": {"uv": [15.25, 1.25, 15.75, 1.75], "rotation": 180, "texture": "#1"}
			}
		},
		{
			"from": [3.36667, 12.91667, 2.85],
			"to": [4.43333, 13.98333, 3.91667],
			"rotation": {"angle": -45, "axis": "x", "origin": [7.5, 9.5, 0.5]},
			"faces": {
				"north": {"uv": [0.25, 2.25, 0.75, 2.75], "rotation": 270, "texture": "#1"},
				"east": {"uv": [0.25, 2.25, 0.75, 2.75], "rotation": 90, "texture": "#1"},
				"south": {"uv": [0.25, 2.25, 0.75, 2.75], "rotation": 270, "texture": "#1"},
				"west": {"uv": [0.25, 2.25, 0.75, 2.75], "rotation": 270, "texture": "#1"},
				"up": {"uv": [0.25, 2.25, 0.75, 2.75], "texture": "#1"},
				"down": {"uv": [0.25, 2.25, 0.75, 2.75], "rotation": 180, "texture": "#1"}
			}
		},
		{
			"from": [3.36667, 0.11667, 1.78333],
			"to": [4.43333, 1.18333, 2.85],
			"rotation": {"angle": -45, "axis": "x", "origin": [7.5, 9.5, 0.5]},
			"faces": {
				"north": {"uv": [1.25, 2.25, 1.75, 2.75], "rotation": 270, "texture": "#1"},
				"east": {"uv": [1.25, 2.25, 1.75, 2.75], "rotation": 90, "texture": "#1"},
				"south": {"uv": [1.25, 2.25, 1.75, 2.75], "rotation": 270, "texture": "#1"},
				"west": {"uv": [1.25, 2.25, 1.75, 2.75], "rotation": 270, "texture": "#1"},
				"up": {"uv": [1.25, 2.25, 1.75, 2.75], "texture": "#1"},
				"down": {"uv": [1.25, 2.25, 1.75, 2.75], "rotation": 180, "texture": "#1"}
			}
		},
		{
			"from": [3.36667, 1.18333, 1.78333],
			"to": [4.43333, 2.25, 2.85],
			"rotation": {"angle": -45, "axis": "x", "origin": [7.5, 9.5, 0.5]},
			"faces": {
				"north": {"uv": [2.25, 2.25, 2.75, 2.75], "rotation": 270, "texture": "#1"},
				"east": {"uv": [2.25, 2.25, 2.75, 2.75], "rotation": 90, "texture": "#1"},
				"south": {"uv": [2.25, 2.25, 2.75, 2.75], "rotation": 270, "texture": "#1"},
				"west": {"uv": [2.25, 2.25, 2.75, 2.75], "rotation": 270, "texture": "#1"},
				"up": {"uv": [2.25, 2.25, 2.75, 2.75], "texture": "#1"},
				"down": {"uv": [2.25, 2.25, 2.75, 2.75], "rotation": 180, "texture": "#1"}
			}
		},
		{
			"from": [3.36667, 6.51667, 1.78333],
			"to": [4.43333, 7.58333, 2.85],
			"rotation": {"angle": -45, "axis": "x", "origin": [7.5, 9.5, 0.5]},
			"faces": {
				"north": {"uv": [12.25, 0.25, 12.75, 0.75], "rotation": 270, "texture": "#1"},
				"east": {"uv": [12.25, 0.25, 12.75, 0.75], "rotation": 90, "texture": "#1"},
				"south": {"uv": [12.25, 0.25, 12.75, 0.75], "rotation": 270, "texture": "#1"},
				"west": {"uv": [12.25, 0.25, 12.75, 0.75], "rotation": 270, "texture": "#1"},
				"up": {"uv": [12.25, 0.25, 12.75, 0.75], "texture": "#1"},
				"down": {"uv": [12.25, 0.25, 12.75, 0.75], "rotation": 180, "texture": "#1"}
			}
		},
		{
			"from": [3.36667, 7.58333, 1.78333],
			"to": [4.43333, 8.65, 2.85],
			"rotation": {"angle": -45, "axis": "x", "origin": [7.5, 9.5, 0.5]},
			"faces": {
				"north": {"uv": [3.25, 2.25, 3.75, 2.75], "rotation": 270, "texture": "#1"},
				"east": {"uv": [3.25, 2.25, 3.75, 2.75], "rotation": 90, "texture": "#1"},
				"south": {"uv": [3.25, 2.25, 3.75, 2.75], "rotation": 270, "texture": "#1"},
				"west": {"uv": [3.25, 2.25, 3.75, 2.75], "rotation": 270, "texture": "#1"},
				"up": {"uv": [3.25, 2.25, 3.75, 2.75], "texture": "#1"},
				"down": {"uv": [3.25, 2.25, 3.75, 2.75], "rotation": 180, "texture": "#1"}
			}
		},
		{
			"from": [3.36667, 8.65, 1.78333],
			"to": [4.43333, 9.71667, 2.85],
			"rotation": {"angle": -45, "axis": "x", "origin": [7.5, 9.5, 0.5]},
			"faces": {
				"north": {"uv": [4.25, 2.25, 4.75, 2.75], "rotation": 270, "texture": "#1"},
				"east": {"uv": [4.25, 2.25, 4.75, 2.75], "rotation": 90, "texture": "#1"},
				"south": {"uv": [4.25, 2.25, 4.75, 2.75], "rotation": 270, "texture": "#1"},
				"west": {"uv": [4.25, 2.25, 4.75, 2.75], "rotation": 270, "texture": "#1"},
				"up": {"uv": [4.25, 2.25, 4.75, 2.75], "texture": "#1"},
				"down": {"uv": [4.25, 2.25, 4.75, 2.75], "rotation": 180, "texture": "#1"}
			}
		},
		{
			"from": [3.36667, 9.71667, 1.78333],
			"to": [4.43333, 10.78333, 2.85],
			"rotation": {"angle": -45, "axis": "x", "origin": [7.5, 9.5, 0.5]},
			"faces": {
				"north": {"uv": [5.25, 2.25, 5.75, 2.75], "rotation": 270, "texture": "#1"},
				"east": {"uv": [5.25, 2.25, 5.75, 2.75], "rotation": 90, "texture": "#1"},
				"south": {"uv": [5.25, 2.25, 5.75, 2.75], "rotation": 270, "texture": "#1"},
				"west": {"uv": [5.25, 2.25, 5.75, 2.75], "rotation": 270, "texture": "#1"},
				"up": {"uv": [5.25, 2.25, 5.75, 2.75], "texture": "#1"},
				"down": {"uv": [5.25, 2.25, 5.75, 2.75], "rotation": 180, "texture": "#1"}
			}
		},
		{
			"from": [3.36667, 10.78333, 1.78333],
			"to": [4.43333, 11.85, 2.85],
			"rotation": {"angle": -45, "axis": "x", "origin": [7.5, 9.5, 0.5]},
			"faces": {
				"north": {"uv": [6.25, 2.25, 6.75, 2.75], "rotation": 270, "texture": "#1"},
				"east": {"uv": [6.25, 2.25, 6.75, 2.75], "rotation": 90, "texture": "#1"},
				"south": {"uv": [6.25, 2.25, 6.75, 2.75], "rotation": 270, "texture": "#1"},
				"west": {"uv": [6.25, 2.25, 6.75, 2.75], "rotation": 270, "texture": "#1"},
				"up": {"uv": [6.25, 2.25, 6.75, 2.75], "texture": "#1"},
				"down": {"uv": [6.25, 2.25, 6.75, 2.75], "rotation": 180, "texture": "#1"}
			}
		},
		{
			"from": [3.36667, 11.85, 1.78333],
			"to": [4.43333, 12.91667, 2.85],
			"rotation": {"angle": -45, "axis": "x", "origin": [7.5, 9.5, 0.5]},
			"faces": {
				"north": {"uv": [7.25, 2.25, 7.75, 2.75], "rotation": 270, "texture": "#1"},
				"east": {"uv": [7.25, 2.25, 7.75, 2.75], "rotation": 90, "texture": "#1"},
				"south": {"uv": [7.25, 2.25, 7.75, 2.75], "rotation": 270, "texture": "#1"},
				"west": {"uv": [7.25, 2.25, 7.75, 2.75], "rotation": 270, "texture": "#1"},
				"up": {"uv": [7.25, 2.25, 7.75, 2.75], "texture": "#1"},
				"down": {"uv": [7.25, 2.25, 7.75, 2.75], "rotation": 180, "texture": "#1"}
			}
		},
		{
			"from": [3.36667, 12.91667, 1.78333],
			"to": [4.43333, 13.98333, 2.85],
			"rotation": {"angle": -45, "axis": "x", "origin": [7.5, 9.5, 0.5]},
			"faces": {
				"north": {"uv": [6.25, 2.25, 6.75, 2.75], "rotation": 270, "texture": "#1"},
				"east": {"uv": [6.25, 2.25, 6.75, 2.75], "rotation": 90, "texture": "#1"},
				"south": {"uv": [6.25, 2.25, 6.75, 2.75], "rotation": 270, "texture": "#1"},
				"west": {"uv": [6.25, 2.25, 6.75, 2.75], "rotation": 270, "texture": "#1"},
				"up": {"uv": [6.25, 2.25, 6.75, 2.75], "texture": "#1"},
				"down": {"uv": [6.25, 2.25, 6.75, 2.75], "rotation": 180, "texture": "#1"}
			}
		},
		{
			"from": [3.36667, 13.98333, 1.78333],
			"to": [4.43333, 15.05, 2.85],
			"rotation": {"angle": -45, "axis": "x", "origin": [7.5, 9.5, 0.5]},
			"faces": {
				"north": {"uv": [8.25, 2.25, 8.75, 2.75], "rotation": 270, "texture": "#1"},
				"east": {"uv": [8.25, 2.25, 8.75, 2.75], "rotation": 90, "texture": "#1"},
				"south": {"uv": [8.25, 2.25, 8.75, 2.75], "rotation": 270, "texture": "#1"},
				"west": {"uv": [8.25, 2.25, 8.75, 2.75], "rotation": 270, "texture": "#1"},
				"up": {"uv": [8.25, 2.25, 8.75, 2.75], "texture": "#1"},
				"down": {"uv": [8.25, 2.25, 8.75, 2.75], "rotation": 180, "texture": "#1"}
			}
		},
		{
			"from": [3.36667, 0.11667, 0.71667],
			"to": [4.43333, 1.18333, 1.78333],
			"rotation": {"angle": -45, "axis": "x", "origin": [7.5, 9.5, 0.5]},
			"faces": {
				"north": {"uv": [2.25, 2.25, 2.75, 2.75], "rotation": 270, "texture": "#1"},
				"east": {"uv": [2.25, 2.25, 2.75, 2.75], "rotation": 90, "texture": "#1"},
				"south": {"uv": [2.25, 2.25, 2.75, 2.75], "rotation": 270, "texture": "#1"},
				"west": {"uv": [2.25, 2.25, 2.75, 2.75], "rotation": 270, "texture": "#1"},
				"up": {"uv": [2.25, 2.25, 2.75, 2.75], "texture": "#1"},
				"down": {"uv": [2.25, 2.25, 2.75, 2.75], "rotation": 180, "texture": "#1"}
			}
		},
		{
			"from": [3.36667, 9.71667, 0.71667],
			"to": [4.43333, 10.78333, 1.78333],
			"rotation": {"angle": -45, "axis": "x", "origin": [7.5, 9.5, 0.5]},
			"faces": {
				"north": {"uv": [8.25, 1.25, 8.75, 1.75], "rotation": 270, "texture": "#1"},
				"east": {"uv": [8.25, 1.25, 8.75, 1.75], "rotation": 90, "texture": "#1"},
				"south": {"uv": [8.25, 1.25, 8.75, 1.75], "rotation": 270, "texture": "#1"},
				"west": {"uv": [8.25, 1.25, 8.75, 1.75], "rotation": 270, "texture": "#1"},
				"up": {"uv": [8.25, 1.25, 8.75, 1.75], "texture": "#1"},
				"down": {"uv": [8.25, 1.25, 8.75, 1.75], "rotation": 180, "texture": "#1"}
			}
		},
		{
			"from": [3.36667, 10.78333, 0.71667],
			"to": [4.43333, 11.85, 1.78333],
			"rotation": {"angle": -45, "axis": "x", "origin": [7.5, 9.5, 0.5]},
			"faces": {
				"north": {"uv": [9.25, 2.25, 9.75, 2.75], "rotation": 270, "texture": "#1"},
				"east": {"uv": [9.25, 2.25, 9.75, 2.75], "rotation": 90, "texture": "#1"},
				"south": {"uv": [9.25, 2.25, 9.75, 2.75], "rotation": 270, "texture": "#1"},
				"west": {"uv": [9.25, 2.25, 9.75, 2.75], "rotation": 270, "texture": "#1"},
				"up": {"uv": [9.25, 2.25, 9.75, 2.75], "texture": "#1"},
				"down": {"uv": [9.25, 2.25, 9.75, 2.75], "rotation": 180, "texture": "#1"}
			}
		},
		{
			"from": [3.36667, 11.85, 0.71667],
			"to": [4.43333, 12.91667, 1.78333],
			"rotation": {"angle": -45, "axis": "x", "origin": [7.5, 9.5, 0.5]},
			"faces": {
				"north": {"uv": [5.25, 2.25, 5.75, 2.75], "rotation": 270, "texture": "#1"},
				"east": {"uv": [5.25, 2.25, 5.75, 2.75], "rotation": 90, "texture": "#1"},
				"south": {"uv": [5.25, 2.25, 5.75, 2.75], "rotation": 270, "texture": "#1"},
				"west": {"uv": [5.25, 2.25, 5.75, 2.75], "rotation": 270, "texture": "#1"},
				"up": {"uv": [5.25, 2.25, 5.75, 2.75], "texture": "#1"},
				"down": {"uv": [5.25, 2.25, 5.75, 2.75], "rotation": 180, "texture": "#1"}
			}
		}
	],
	"display": {
		"thirdperson_lefthand": {
			"rotation": [90, 0, 0],
			"translation": [-5, -2, -1]
		}
	}
}