{"textures":{"0":"asurvival:mobs/infected_skeleton","1":"asurvival:mobs/jungle_bow"},"elements":[{"from":[2,9,7],"to":[4,21,9],"faces":{"north":{"uv":[4.5,9,5.5,15],"texture":"#0"},"east":{"uv":[0,9,1,15],"texture":"#0"},"south":{"uv":[6,9,7,15],"texture":"#0"},"west":{"uv":[5,9,6,15],"texture":"#0"},"up":{"uv":[1,8,2,9],"texture":"#0"},"down":{"uv":[1,8,2,9],"texture":"#0"}}},{"from":[3.41667,-0.2,16.15],"to":[4.48333,0.86667,17.21667],"rotation":{"angle":-45,"axis":"x","origin":[7,9.5,0.5]},"faces":{"north":{"uv":[0.25,0.25,0.75,0.75],"rotation":270,"texture":"#1"},"east":{"uv":[0.25,0.25,0.75,0.75],"rotation":90,"texture":"#1"},"south":{"uv":[0.25,0.25,0.75,0.75],"rotation":270,"texture":"#1"},"west":{"uv":[0.25,0.25,0.75,0.75],"rotation":270,"texture":"#1"},"up":{"uv":[0.25,0.25,0.75,0.75],"texture":"#1"},"down":{"uv":[0.25,0.25,0.75,0.75],"rotation":180,"texture":"#1"}}},{"from":[3.41667,-1.26667,15.08333],"to":[4.48333,-0.2,16.15],"rotation":{"angle":-45,"axis":"x","origin":[7,9.5,0.5]},"faces":{"north":{"uv":[1.25,0.25,1.75,0.75],"rotation":270,"texture":"#1"},"east":{"uv":[1.25,0.25,1.75,0.75],"rotation":90,"texture":"#1"},"south":{"uv":[1.25,0.25,1.75,0.75],"rotation":270,"texture":"#1"},"west":{"uv":[1.25,0.25,1.75,0.75],"rotation":270,"texture":"#1"},"up":{"uv":[1.25,0.25,1.75,0.75],"texture":"#1"},"down":{"uv":[1.25,0.25,1.75,0.75],"rotation":180,"texture":"#1"}}},{"from":[3.41667,-0.2,15.08333],"to":[4.48333,0.86667,16.15],"rotation":{"angle":-45,"axis":"x","origin":[7,9.5,0.5]},"faces":{"north":{"uv":[2.25,0.25,2.75,0.75],"rotation":270,"texture":"#1"},"east":{"uv":[2.25,0.25,2.75,0.75],"rotation":90,"texture":"#1"},"south":{"uv":[2.25,0.25,2.75,0.75],"rotation":270,"texture":"#1"},"west":{"uv":[2.25,0.25,2.75,0.75],"rotation":270,"texture":"#1"},"up":{"uv":[2.25,0.25,2.75,0.75],"texture":"#1"},"down":{"uv":[2.25,0.25,2.75,0.75],"rotation":180,"texture":"#1"}}},{"from":[3.41667,0.86667,15.08333],"to":[4.48333,1.93333,16.15],"rotation":{"angle":-45,"axis":"x","origin":[7,9.5,0.5]},"faces":{"north":{"uv":[3.25,0.25,3.75,0.75],"rotation":270,"texture":"#1"},"east":{"uv":[3.25,0.25,3.75,0.75],"rotation":90,"texture":"#1"},"south":{"uv":[3.25,0.25,3.75,0.75],"rotation":270,"texture":"#1"},"west":{"uv":[3.25,0.25,3.75,0.75],"rotation":270,"texture":"#1"},"up":{"uv":[3.25,0.25,3.75,0.75],"texture":"#1"},"down":{"uv":[3.25,0.25,3.75,0.75],"rotation":180,"texture":"#1"}}},{"from":[3.41667,-1.26667,14.01667],"to":[4.48333,-0.2,15.08333],"rotation":{"angle":-45,"axis":"x","origin":[7,9.5,0.5]},"faces":{"north":{"uv":[4.25,0.25,4.75,0.75],"rotation":270,"texture":"#1"},"east":{"uv":[4.25,0.25,4.75,0.75],"rotation":90,"texture":"#1"},"south":{"uv":[4.25,0.25,4.75,0.75],"rotation":270,"texture":"#1"},"west":{"uv":[4.25,0.25,4.75,0.75],"rotation":270,"texture":"#1"},"up":{"uv":[4.25,0.25,4.75,0.75],"texture":"#1"},"down":{"uv":[4.25,0.25,4.75,0.75],"rotation":180,"texture":"#1"}}},{"from":[3.41667,-0.2,14.01667],"to":[4.48333,0.86667,15.08333],"rotation":{"angle":-45,"axis":"x","origin":[7,9.5,0.5]},"faces":{"north":{"uv":[5.25,0.25,5.75,0.75],"rotation":270,"texture":"#1"},"east":{"uv":[5.25,0.25,5.75,0.75],"rotation":90,"texture":"#1"},"south":{"uv":[5.25,0.25,5.75,0.75],"rotation":270,"texture":"#1"},"west":{"uv":[5.25,0.25,5.75,0.75],"rotation":270,"texture":"#1"},"up":{"uv":[5.25,0.25,5.75,0.75],"texture":"#1"},"down":{"uv":[5.25,0.25,5.75,0.75],"rotation":180,"texture":"#1"}}},{"from":[3.41667,0.86667,14.01667],"to":[4.48333,1.93333,15.08333],"rotation":{"angle":-45,"axis":"x","origin":[7,9.5,0.5]},"faces":{"north":{"uv":[6.25,0.25,6.75,0.75],"rotation":270,"texture":"#1"},"east":{"uv":[6.25,0.25,6.75,0.75],"rotation":90,"texture":"#1"},"south":{"uv":[6.25,0.25,6.75,0.75],"rotation":270,"texture":"#1"},"west":{"uv":[6.25,0.25,6.75,0.75],"rotation":270,"texture":"#1"},"up":{"uv":[6.25,0.25,6.75,0.75],"texture":"#1"},"down":{"uv":[6.25,0.25,6.75,0.75],"rotation":180,"texture":"#1"}}},{"from":[3.41667,1.93333,14.01667],"to":[4.48333,3,15.08333],"rotation":{"angle":-45,"axis":"x","origin":[7,9.5,0.5]},"faces":{"north":{"uv":[7.25,0.25,7.75,0.75],"rotation":270,"texture":"#1"},"east":{"uv":[7.25,0.25,7.75,0.75],"rotation":90,"texture":"#1"},"south":{"uv":[7.25,0.25,7.75,0.75],"rotation":270,"texture":"#1"},"west":{"uv":[7.25,0.25,7.75,0.75],"rotation":270,"texture":"#1"},"up":{"uv":[7.25,0.25,7.75,0.75],"texture":"#1"},"down":{"uv":[7.25,0.25,7.75,0.75],"rotation":180,"texture":"#1"}}},{"from":[3.41667,-1.26667,12.95],"to":[4.48333,-0.2,14.01667],"rotation":{"angle":-45,"axis":"x","origin":[7,9.5,0.5]},"faces":{"north":{"uv":[8.25,0.25,8.75,0.75],"rotation":270,"texture":"#1"},"east":{"uv":[8.25,0.25,8.75,0.75],"rotation":90,"texture":"#1"},"south":{"uv":[8.25,0.25,8.75,0.75],"rotation":270,"texture":"#1"},"west":{"uv":[8.25,0.25,8.75,0.75],"rotation":270,"texture":"#1"},"up":{"uv":[8.25,0.25,8.75,0.75],"texture":"#1"},"down":{"uv":[8.25,0.25,8.75,0.75],"rotation":180,"texture":"#1"}}},{"from":[3.41667,-0.2,12.95],"to":[4.48333,0.86667,14.01667],"rotation":{"angle":-45,"axis":"x","origin":[7,9.5,0.5]},"faces":{"north":{"uv":[9.25,0.25,9.75,0.75],"rotation":270,"texture":"#1"},"east":{"uv":[9.25,0.25,9.75,0.75],"rotation":90,"texture":"#1"},"south":{"uv":[9.25,0.25,9.75,0.75],"rotation":270,"texture":"#1"},"west":{"uv":[9.25,0.25,9.75,0.75],"rotation":270,"texture":"#1"},"up":{"uv":[9.25,0.25,9.75,0.75],"texture":"#1"},"down":{"uv":[9.25,0.25,9.75,0.75],"rotation":180,"texture":"#1"}}},{"from":[3.41667,0.86667,12.95],"to":[4.48333,1.93333,14.01667],"rotation":{"angle":-45,"axis":"x","origin":[7,9.5,0.5]},"faces":{"north":{"uv":[10.25,0.25,10.75,0.75],"rotation":270,"texture":"#1"},"east":{"uv":[10.25,0.25,10.75,0.75],"rotation":90,"texture":"#1"},"south":{"uv":[10.25,0.25,10.75,0.75],"rotation":270,"texture":"#1"},"west":{"uv":[10.25,0.25,10.75,0.75],"rotation":270,"texture":"#1"},"up":{"uv":[10.25,0.25,10.75,0.75],"texture":"#1"},"down":{"uv":[10.25,0.25,10.75,0.75],"rotation":180,"texture":"#1"}}},{"from":[3.41667,3,12.95],"to":[4.48333,4.06667,14.01667],"rotation":{"angle":-45,"axis":"x","origin":[7,9.5,0.5]},"faces":{"north":{"uv":[7.25,0.25,7.75,0.75],"rotation":270,"texture":"#1"},"east":{"uv":[7.25,0.25,7.75,0.75],"rotation":90,"texture":"#1"},"south":{"uv":[7.25,0.25,7.75,0.75],"rotation":270,"texture":"#1"},"west":{"uv":[7.25,0.25,7.75,0.75],"rotation":270,"texture":"#1"},"up":{"uv":[7.25,0.25,7.75,0.75],"texture":"#1"},"down":{"uv":[7.25,0.25,7.75,0.75],"rotation":180,"texture":"#1"}}},{"from":[3.41667,-1.26667,11.88333],"to":[4.48333,-0.2,12.95],"rotation":{"angle":-45,"axis":"x","origin":[7,9.5,0.5]},"faces":{"north":{"uv":[11.25,0.25,11.75,0.75],"rotation":270,"texture":"#1"},"east":{"uv":[11.25,0.25,11.75,0.75],"rotation":90,"texture":"#1"},"south":{"uv":[11.25,0.25,11.75,0.75],"rotation":270,"texture":"#1"},"west":{"uv":[11.25,0.25,11.75,0.75],"rotation":270,"texture":"#1"},"up":{"uv":[11.25,0.25,11.75,0.75],"texture":"#1"},"down":{"uv":[11.25,0.25,11.75,0.75],"rotation":180,"texture":"#1"}}},{"from":[3.41667,-0.2,11.88333],"to":[4.48333,0.86667,12.95],"rotation":{"angle":-45,"axis":"x","origin":[7,9.5,0.5]},"faces":{"north":{"uv":[12.25,0.25,12.75,0.75],"rotation":270,"texture":"#1"},"east":{"uv":[12.25,0.25,12.75,0.75],"rotation":90,"texture":"#1"},"south":{"uv":[12.25,0.25,12.75,0.75],"rotation":270,"texture":"#1"},"west":{"uv":[12.25,0.25,12.75,0.75],"rotation":270,"texture":"#1"},"up":{"uv":[12.25,0.25,12.75,0.75],"texture":"#1"},"down":{"uv":[12.25,0.25,12.75,0.75],"rotation":180,"texture":"#1"}}},{"from":[3.41667,0.86667,11.88333],"to":[4.48333,1.93333,12.95],"rotation":{"angle":-45,"axis":"x","origin":[7,9.5,0.5]},"faces":{"north":{"uv":[0.25,0.25,0.75,0.75],"rotation":270,"texture":"#1"},"east":{"uv":[0.25,0.25,0.75,0.75],"rotation":90,"texture":"#1"},"south":{"uv":[0.25,0.25,0.75,0.75],"rotation":270,"texture":"#1"},"west":{"uv":[0.25,0.25,0.75,0.75],"rotation":270,"texture":"#1"},"up":{"uv":[0.25,0.25,0.75,0.75],"texture":"#1"},"down":{"uv":[0.25,0.25,0.75,0.75],"rotation":180,"texture":"#1"}}},{"from":[3.41667,4.06667,11.88333],"to":[4.48333,5.13333,12.95],"rotation":{"angle":-45,"axis":"x","origin":[7,9.5,0.5]},"faces":{"north":{"uv":[13.25,0.25,13.75,0.75],"rotation":270,"texture":"#1"},"east":{"uv":[13.25,0.25,13.75,0.75],"rotation":90,"texture":"#1"},"south":{"uv":[13.25,0.25,13.75,0.75],"rotation":270,"texture":"#1"},"west":{"uv":[13.25,0.25,13.75,0.75],"rotation":270,"texture":"#1"},"up":{"uv":[13.25,0.25,13.75,0.75],"texture":"#1"},"down":{"uv":[13.25,0.25,13.75,0.75],"rotation":180,"texture":"#1"}}},{"from":[3.41667,-0.2,8.68333],"to":[4.48333,0.86667,11.88333],"rotation":{"angle":-45,"axis":"x","origin":[7,9.5,0.5]},"faces":{"north":{"uv":[11.25,0.25,11.75,0.75],"rotation":270,"texture":"#1"},"east":{"uv":[11.25,0.25,11.75,0.75],"rotation":90,"texture":"#1"},"south":{"uv":[11.25,0.25,11.75,0.75],"rotation":270,"texture":"#1"},"west":{"uv":[11.25,0.25,11.75,0.75],"rotation":270,"texture":"#1"},"up":{"uv":[11.25,0.25,11.75,0.75],"texture":"#1"},"down":{"uv":[11.25,0.25,11.75,0.75],"rotation":180,"texture":"#1"}}},{"from":[3.41667,0.86667,10.81667],"to":[4.48333,1.93333,11.88333],"rotation":{"angle":-45,"axis":"x","origin":[7,9.5,0.5]},"faces":{"north":{"uv":[12.25,0.25,12.75,0.75],"rotation":270,"texture":"#1"},"east":{"uv":[12.25,0.25,12.75,0.75],"rotation":90,"texture":"#1"},"south":{"uv":[12.25,0.25,12.75,0.75],"rotation":270,"texture":"#1"},"west":{"uv":[12.25,0.25,12.75,0.75],"rotation":270,"texture":"#1"},"up":{"uv":[12.25,0.25,12.75,0.75],"texture":"#1"},"down":{"uv":[12.25,0.25,12.75,0.75],"rotation":180,"texture":"#1"}}},{"from":[3.41667,1.93333,8.68333],"to":[4.48333,3,11.88333],"rotation":{"angle":-45,"axis":"x","origin":[7,9.5,0.5]},"faces":{"north":{"uv":[0.25,0.25,0.75,0.75],"rotation":270,"texture":"#1"},"east":{"uv":[0.25,0.25,0.75,0.75],"rotation":90,"texture":"#1"},"south":{"uv":[0.25,0.25,0.75,0.75],"rotation":270,"texture":"#1"},"west":{"uv":[0.25,0.25,0.75,0.75],"rotation":270,"texture":"#1"},"up":{"uv":[0.25,0.25,0.75,0.75],"texture":"#1"},"down":{"uv":[0.25,0.25,0.75,0.75],"rotation":180,"texture":"#1"}}},{"from":[3.41667,5.13333,10.81667],"to":[4.48333,6.2,11.88333],"rotation":{"angle":-45,"axis":"x","origin":[7,9.5,0.5]},"faces":{"north":{"uv":[14.25,0.25,14.75,0.75],"rotation":270,"texture":"#1"},"east":{"uv":[14.25,0.25,14.75,0.75],"rotation":90,"texture":"#1"},"south":{"uv":[14.25,0.25,14.75,0.75],"rotation":270,"texture":"#1"},"west":{"uv":[14.25,0.25,14.75,0.75],"rotation":270,"texture":"#1"},"up":{"uv":[14.25,0.25,14.75,0.75],"texture":"#1"},"down":{"uv":[14.25,0.25,14.75,0.75],"rotation":180,"texture":"#1"}}},{"from":[3.41667,0.86667,9.75],"to":[4.48333,1.93333,10.81667],"rotation":{"angle":-45,"axis":"x","origin":[7,9.5,0.5]},"faces":{"north":{"uv":[15.25,0.25,15.75,0.75],"rotation":270,"texture":"#1"},"east":{"uv":[15.25,0.25,15.75,0.75],"rotation":90,"texture":"#1"},"south":{"uv":[15.25,0.25,15.75,0.75],"rotation":270,"texture":"#1"},"west":{"uv":[15.25,0.25,15.75,0.75],"rotation":270,"texture":"#1"},"up":{"uv":[15.25,0.25,15.75,0.75],"texture":"#1"},"down":{"uv":[15.25,0.25,15.75,0.75],"rotation":180,"texture":"#1"}}},{"from":[3.41667,6.2,9.75],"to":[4.48333,7.26667,10.81667],"rotation":{"angle":-45,"axis":"x","origin":[7,9.5,0.5]},"faces":{"north":{"uv":[7.25,0.25,7.75,0.75],"rotation":270,"texture":"#1"},"east":{"uv":[7.25,0.25,7.75,0.75],"rotation":90,"texture":"#1"},"south":{"uv":[7.25,0.25,7.75,0.75],"rotation":270,"texture":"#1"},"west":{"uv":[7.25,0.25,7.75,0.75],"rotation":270,"texture":"#1"},"up":{"uv":[7.25,0.25,7.75,0.75],"texture":"#1"},"down":{"uv":[7.25,0.25,7.75,0.75],"rotation":180,"texture":"#1"}}},{"from":[3.41667,0.86667,8.68333],"to":[4.48333,1.93333,9.75],"rotation":{"angle":-45,"axis":"x","origin":[7,9.5,0.5]},"faces":{"north":{"uv":[12.25,0.25,12.75,0.75],"rotation":270,"texture":"#1"},"east":{"uv":[12.25,0.25,12.75,0.75],"rotation":90,"texture":"#1"},"south":{"uv":[12.25,0.25,12.75,0.75],"rotation":270,"texture":"#1"},"west":{"uv":[12.25,0.25,12.75,0.75],"rotation":270,"texture":"#1"},"up":{"uv":[12.25,0.25,12.75,0.75],"texture":"#1"},"down":{"uv":[12.25,0.25,12.75,0.75],"rotation":180,"texture":"#1"}}},{"from":[3.41667,7.26667,8.68333],"to":[4.48333,8.33333,9.75],"rotation":{"angle":-45,"axis":"x","origin":[7,9.5,0.5]},"faces":{"north":{"uv":[7.25,0.25,7.75,0.75],"rotation":270,"texture":"#1"},"east":{"uv":[7.25,0.25,7.75,0.75],"rotation":90,"texture":"#1"},"south":{"uv":[7.25,0.25,7.75,0.75],"rotation":270,"texture":"#1"},"west":{"uv":[7.25,0.25,7.75,0.75],"rotation":270,"texture":"#1"},"up":{"uv":[7.25,0.25,7.75,0.75],"texture":"#1"},"down":{"uv":[7.25,0.25,7.75,0.75],"rotation":180,"texture":"#1"}}},{"from":[3.41667,0.86667,6.55],"to":[4.48333,1.93333,8.68333],"rotation":{"angle":-45,"axis":"x","origin":[7,9.5,0.5]},"faces":{"north":{"uv":[11.25,0.25,11.75,0.75],"rotation":270,"texture":"#1"},"east":{"uv":[11.25,0.25,11.75,0.75],"rotation":90,"texture":"#1"},"south":{"uv":[11.25,0.25,11.75,0.75],"rotation":270,"texture":"#1"},"west":{"uv":[11.25,0.25,11.75,0.75],"rotation":270,"texture":"#1"},"up":{"uv":[11.25,0.25,11.75,0.75],"texture":"#1"},"down":{"uv":[11.25,0.25,11.75,0.75],"rotation":180,"texture":"#1"}}},{"from":[3.41667,1.93333,7.61667],"to":[4.48333,3,8.68333],"rotation":{"angle":-45,"axis":"x","origin":[7,9.5,0.5]},"faces":{"north":{"uv":[0.25,1.25,0.75,1.75],"rotation":270,"texture":"#1"},"east":{"uv":[0.25,1.25,0.75,1.75],"rotation":90,"texture":"#1"},"south":{"uv":[0.25,1.25,0.75,1.75],"rotation":270,"texture":"#1"},"west":{"uv":[0.25,1.25,0.75,1.75],"rotation":270,"texture":"#1"},"up":{"uv":[0.25,1.25,0.75,1.75],"texture":"#1"},"down":{"uv":[0.25,1.25,0.75,1.75],"rotation":180,"texture":"#1"}}},{"from":[3.41667,3,7.61667],"to":[4.48333,4.06667,8.68333],"rotation":{"angle":-45,"axis":"x","origin":[7,9.5,0.5]},"faces":{"north":{"uv":[1.25,1.25,1.75,1.75],"rotation":270,"texture":"#1"},"east":{"uv":[1.25,1.25,1.75,1.75],"rotation":90,"texture":"#1"},"south":{"uv":[1.25,1.25,1.75,1.75],"rotation":270,"texture":"#1"},"west":{"uv":[1.25,1.25,1.75,1.75],"rotation":270,"texture":"#1"},"up":{"uv":[1.25,1.25,1.75,1.75],"texture":"#1"},"down":{"uv":[1.25,1.25,1.75,1.75],"rotation":180,"texture":"#1"}}},{"from":[3.41667,8.33333,7.61667],"to":[4.48333,9.4,8.68333],"rotation":{"angle":-45,"axis":"x","origin":[7,9.5,0.5]},"faces":{"north":{"uv":[7.25,0.25,7.75,0.75],"rotation":270,"texture":"#1"},"east":{"uv":[7.25,0.25,7.75,0.75],"rotation":90,"texture":"#1"},"south":{"uv":[7.25,0.25,7.75,0.75],"rotation":270,"texture":"#1"},"west":{"uv":[7.25,0.25,7.75,0.75],"rotation":270,"texture":"#1"},"up":{"uv":[7.25,0.25,7.75,0.75],"texture":"#1"},"down":{"uv":[7.25,0.25,7.75,0.75],"rotation":180,"texture":"#1"}}},{"from":[3.41667,1.93333,6.55],"to":[4.48333,3,7.61667],"rotation":{"angle":-45,"axis":"x","origin":[7,9.5,0.5]},"faces":{"north":{"uv":[2.25,1.25,2.75,1.75],"rotation":270,"texture":"#1"},"east":{"uv":[2.25,1.25,2.75,1.75],"rotation":90,"texture":"#1"},"south":{"uv":[2.25,1.25,2.75,1.75],"rotation":270,"texture":"#1"},"west":{"uv":[2.25,1.25,2.75,1.75],"rotation":270,"texture":"#1"},"up":{"uv":[2.25,1.25,2.75,1.75],"texture":"#1"},"down":{"uv":[2.25,1.25,2.75,1.75],"rotation":180,"texture":"#1"}}},{"from":[3.41667,3,6.55],"to":[4.48333,4.06667,7.61667],"rotation":{"angle":-45,"axis":"x","origin":[7,9.5,0.5]},"faces":{"north":{"uv":[3.25,1.25,3.75,1.75],"rotation":270,"texture":"#1"},"east":{"uv":[3.25,1.25,3.75,1.75],"rotation":90,"texture":"#1"},"south":{"uv":[3.25,1.25,3.75,1.75],"rotation":270,"texture":"#1"},"west":{"uv":[3.25,1.25,3.75,1.75],"rotation":270,"texture":"#1"},"up":{"uv":[3.25,1.25,3.75,1.75],"texture":"#1"},"down":{"uv":[3.25,1.25,3.75,1.75],"rotation":180,"texture":"#1"}}},{"from":[3.41667,4.06667,6.55],"to":[4.48333,5.13333,7.61667],"rotation":{"angle":-45,"axis":"x","origin":[7,9.5,0.5]},"faces":{"north":{"uv":[4.25,1.25,4.75,1.75],"rotation":270,"texture":"#1"},"east":{"uv":[4.25,1.25,4.75,1.75],"rotation":90,"texture":"#1"},"south":{"uv":[4.25,1.25,4.75,1.75],"rotation":270,"texture":"#1"},"west":{"uv":[4.25,1.25,4.75,1.75],"rotation":270,"texture":"#1"},"up":{"uv":[4.25,1.25,4.75,1.75],"texture":"#1"},"down":{"uv":[4.25,1.25,4.75,1.75],"rotation":180,"texture":"#1"}}},{"from":[3.41667,9.4,6.55],"to":[4.48333,10.46667,7.61667],"rotation":{"angle":-45,"axis":"x","origin":[7,9.5,0.5]},"faces":{"north":{"uv":[7.25,0.25,7.75,0.75],"rotation":270,"texture":"#1"},"east":{"uv":[7.25,0.25,7.75,0.75],"rotation":90,"texture":"#1"},"south":{"uv":[7.25,0.25,7.75,0.75],"rotation":270,"texture":"#1"},"west":{"uv":[7.25,0.25,7.75,0.75],"rotation":270,"texture":"#1"},"up":{"uv":[7.25,0.25,7.75,0.75],"texture":"#1"},"down":{"uv":[7.25,0.25,7.75,0.75],"rotation":180,"texture":"#1"}}},{"from":[3.41667,1.93333,5.48333],"to":[4.48333,3,6.55],"rotation":{"angle":-45,"axis":"x","origin":[7,9.5,0.5]},"faces":{"north":{"uv":[5.25,1.25,5.75,1.75],"rotation":270,"texture":"#1"},"east":{"uv":[5.25,1.25,5.75,1.75],"rotation":90,"texture":"#1"},"south":{"uv":[5.25,1.25,5.75,1.75],"rotation":270,"texture":"#1"},"west":{"uv":[5.25,1.25,5.75,1.75],"rotation":270,"texture":"#1"},"up":{"uv":[5.25,1.25,5.75,1.75],"texture":"#1"},"down":{"uv":[5.25,1.25,5.75,1.75],"rotation":180,"texture":"#1"}}},{"from":[3.41667,3,5.48333],"to":[4.48333,4.06667,6.55],"rotation":{"angle":-45,"axis":"x","origin":[7,9.5,0.5]},"faces":{"north":{"uv":[6.25,1.25,6.75,1.75],"rotation":270,"texture":"#1"},"east":{"uv":[6.25,1.25,6.75,1.75],"rotation":90,"texture":"#1"},"south":{"uv":[6.25,1.25,6.75,1.75],"rotation":270,"texture":"#1"},"west":{"uv":[6.25,1.25,6.75,1.75],"rotation":270,"texture":"#1"},"up":{"uv":[6.25,1.25,6.75,1.75],"texture":"#1"},"down":{"uv":[6.25,1.25,6.75,1.75],"rotation":180,"texture":"#1"}}},{"from":[3.41667,4.06667,5.48333],"to":[4.48333,5.13333,6.55],"rotation":{"angle":-45,"axis":"x","origin":[7,9.5,0.5]},"faces":{"north":{"uv":[7.25,1.25,7.75,1.75],"rotation":270,"texture":"#1"},"east":{"uv":[7.25,1.25,7.75,1.75],"rotation":90,"texture":"#1"},"south":{"uv":[7.25,1.25,7.75,1.75],"rotation":270,"texture":"#1"},"west":{"uv":[7.25,1.25,7.75,1.75],"rotation":270,"texture":"#1"},"up":{"uv":[7.25,1.25,7.75,1.75],"texture":"#1"},"down":{"uv":[7.25,1.25,7.75,1.75],"rotation":180,"texture":"#1"}}},{"from":[3.41667,5.13333,5.48333],"to":[4.48333,6.2,6.55],"rotation":{"angle":-45,"axis":"x","origin":[7,9.5,0.5]},"faces":{"north":{"uv":[8.25,1.25,8.75,1.75],"rotation":270,"texture":"#1"},"east":{"uv":[8.25,1.25,8.75,1.75],"rotation":90,"texture":"#1"},"south":{"uv":[8.25,1.25,8.75,1.75],"rotation":270,"texture":"#1"},"west":{"uv":[8.25,1.25,8.75,1.75],"rotation":270,"texture":"#1"},"up":{"uv":[8.25,1.25,8.75,1.75],"texture":"#1"},"down":{"uv":[8.25,1.25,8.75,1.75],"rotation":180,"texture":"#1"}}},{"from":[3.41667,10.46667,5.48333],"to":[4.48333,11.53333,6.55],"rotation":{"angle":-45,"axis":"x","origin":[7,9.5,0.5]},"faces":{"north":{"uv":[7.25,0.25,7.75,0.75],"rotation":270,"texture":"#1"},"east":{"uv":[7.25,0.25,7.75,0.75],"rotation":90,"texture":"#1"},"south":{"uv":[7.25,0.25,7.75,0.75],"rotation":270,"texture":"#1"},"west":{"uv":[7.25,0.25,7.75,0.75],"rotation":270,"texture":"#1"},"up":{"uv":[7.25,0.25,7.75,0.75],"texture":"#1"},"down":{"uv":[7.25,0.25,7.75,0.75],"rotation":180,"texture":"#1"}}},{"from":[3.41667,3,4.41667],"to":[4.48333,4.06667,5.48333],"rotation":{"angle":-45,"axis":"x","origin":[7,9.5,0.5]},"faces":{"north":{"uv":[9.25,1.25,9.75,1.75],"rotation":270,"texture":"#1"},"east":{"uv":[9.25,1.25,9.75,1.75],"rotation":90,"texture":"#1"},"south":{"uv":[9.25,1.25,9.75,1.75],"rotation":270,"texture":"#1"},"west":{"uv":[9.25,1.25,9.75,1.75],"rotation":270,"texture":"#1"},"up":{"uv":[9.25,1.25,9.75,1.75],"texture":"#1"},"down":{"uv":[9.25,1.25,9.75,1.75],"rotation":180,"texture":"#1"}}},{"from":[3.41667,4.06667,4.41667],"to":[4.48333,5.13333,5.48333],"rotation":{"angle":-45,"axis":"x","origin":[7,9.5,0.5]},"faces":{"north":{"uv":[10.25,1.25,10.75,1.75],"rotation":270,"texture":"#1"},"east":{"uv":[10.25,1.25,10.75,1.75],"rotation":90,"texture":"#1"},"south":{"uv":[10.25,1.25,10.75,1.75],"rotation":270,"texture":"#1"},"west":{"uv":[10.25,1.25,10.75,1.75],"rotation":270,"texture":"#1"},"up":{"uv":[10.25,1.25,10.75,1.75],"texture":"#1"},"down":{"uv":[10.25,1.25,10.75,1.75],"rotation":180,"texture":"#1"}}},{"from":[3.41667,5.13333,4.41667],"to":[4.48333,6.2,5.48333],"rotation":{"angle":-45,"axis":"x","origin":[7,9.5,0.5]},"faces":{"north":{"uv":[11.25,1.25,11.75,1.75],"rotation":270,"texture":"#1"},"east":{"uv":[11.25,1.25,11.75,1.75],"rotation":90,"texture":"#1"},"south":{"uv":[11.25,1.25,11.75,1.75],"rotation":270,"texture":"#1"},"west":{"uv":[11.25,1.25,11.75,1.75],"rotation":270,"texture":"#1"},"up":{"uv":[11.25,1.25,11.75,1.75],"texture":"#1"},"down":{"uv":[11.25,1.25,11.75,1.75],"rotation":180,"texture":"#1"}}},{"from":[3.41667,6.2,4.41667],"to":[4.48333,7.26667,5.48333],"rotation":{"angle":-45,"axis":"x","origin":[7,9.5,0.5]},"faces":{"north":{"uv":[12.25,1.25,12.75,1.75],"rotation":270,"texture":"#1"},"east":{"uv":[12.25,1.25,12.75,1.75],"rotation":90,"texture":"#1"},"south":{"uv":[12.25,1.25,12.75,1.75],"rotation":270,"texture":"#1"},"west":{"uv":[12.25,1.25,12.75,1.75],"rotation":270,"texture":"#1"},"up":{"uv":[12.25,1.25,12.75,1.75],"texture":"#1"},"down":{"uv":[12.25,1.25,12.75,1.75],"rotation":180,"texture":"#1"}}},{"from":[3.41667,7.26667,4.41667],"to":[4.48333,8.33333,5.48333],"rotation":{"angle":-45,"axis":"x","origin":[7,9.5,0.5]},"faces":{"north":{"uv":[13.25,1.25,13.75,1.75],"rotation":270,"texture":"#1"},"east":{"uv":[13.25,1.25,13.75,1.75],"rotation":90,"texture":"#1"},"south":{"uv":[13.25,1.25,13.75,1.75],"rotation":270,"texture":"#1"},"west":{"uv":[13.25,1.25,13.75,1.75],"rotation":270,"texture":"#1"},"up":{"uv":[13.25,1.25,13.75,1.75],"texture":"#1"},"down":{"uv":[13.25,1.25,13.75,1.75],"rotation":180,"texture":"#1"}}},{"from":[3.41667,8.33333,4.41667],"to":[4.48333,9.4,5.48333],"rotation":{"angle":-45,"axis":"x","origin":[7,9.5,0.5]},"faces":{"north":{"uv":[0.25,0.25,0.75,0.75],"rotation":270,"texture":"#1"},"east":{"uv":[0.25,0.25,0.75,0.75],"rotation":90,"texture":"#1"},"south":{"uv":[0.25,0.25,0.75,0.75],"rotation":270,"texture":"#1"},"west":{"uv":[0.25,0.25,0.75,0.75],"rotation":270,"texture":"#1"},"up":{"uv":[0.25,0.25,0.75,0.75],"texture":"#1"},"down":{"uv":[0.25,0.25,0.75,0.75],"rotation":180,"texture":"#1"}}},{"from":[3.41667,11.53333,4.41667],"to":[4.48333,12.6,5.48333],"rotation":{"angle":-45,"axis":"x","origin":[7,9.5,0.5]},"faces":{"north":{"uv":[7.25,0.25,7.75,0.75],"rotation":270,"texture":"#1"},"east":{"uv":[7.25,0.25,7.75,0.75],"rotation":90,"texture":"#1"},"south":{"uv":[7.25,0.25,7.75,0.75],"rotation":270,"texture":"#1"},"west":{"uv":[7.25,0.25,7.75,0.75],"rotation":270,"texture":"#1"},"up":{"uv":[7.25,0.25,7.75,0.75],"texture":"#1"},"down":{"uv":[7.25,0.25,7.75,0.75],"rotation":180,"texture":"#1"}}},{"from":[3.41667,4.06667,3.35],"to":[4.48333,6.2,4.41667],"rotation":{"angle":-45,"axis":"x","origin":[7,9.5,0.5]},"faces":{"north":{"uv":[11.25,0.25,11.75,0.75],"rotation":270,"texture":"#1"},"east":{"uv":[11.25,0.25,11.75,0.75],"rotation":90,"texture":"#1"},"south":{"uv":[11.25,0.25,11.75,0.75],"rotation":270,"texture":"#1"},"west":{"uv":[11.25,0.25,11.75,0.75],"rotation":270,"texture":"#1"},"up":{"uv":[11.25,0.25,11.75,0.75],"texture":"#1"},"down":{"uv":[11.25,0.25,11.75,0.75],"rotation":180,"texture":"#1"}}},{"from":[3.41667,6.2,3.35],"to":[4.48333,7.26667,4.41667],"rotation":{"angle":-45,"axis":"x","origin":[7,9.5,0.5]},"faces":{"north":{"uv":[14.25,1.25,14.75,1.75],"rotation":270,"texture":"#1"},"east":{"uv":[14.25,1.25,14.75,1.75],"rotation":90,"texture":"#1"},"south":{"uv":[14.25,1.25,14.75,1.75],"rotation":270,"texture":"#1"},"west":{"uv":[14.25,1.25,14.75,1.75],"rotation":270,"texture":"#1"},"up":{"uv":[14.25,1.25,14.75,1.75],"texture":"#1"},"down":{"uv":[14.25,1.25,14.75,1.75],"rotation":180,"texture":"#1"}}},{"from":[3.41667,7.26667,3.35],"to":[4.48333,8.33333,4.41667],"rotation":{"angle":-45,"axis":"x","origin":[7,9.5,0.5]},"faces":{"north":{"uv":[15.25,1.25,15.75,1.75],"rotation":270,"texture":"#1"},"east":{"uv":[15.25,1.25,15.75,1.75],"rotation":90,"texture":"#1"},"south":{"uv":[15.25,1.25,15.75,1.75],"rotation":270,"texture":"#1"},"west":{"uv":[15.25,1.25,15.75,1.75],"rotation":270,"texture":"#1"},"up":{"uv":[15.25,1.25,15.75,1.75],"texture":"#1"},"down":{"uv":[15.25,1.25,15.75,1.75],"rotation":180,"texture":"#1"}}},{"from":[3.41667,8.33333,3.35],"to":[4.48333,9.4,4.41667],"rotation":{"angle":-45,"axis":"x","origin":[7,9.5,0.5]},"faces":{"north":{"uv":[0.25,2.25,0.75,2.75],"rotation":270,"texture":"#1"},"east":{"uv":[0.25,2.25,0.75,2.75],"rotation":90,"texture":"#1"},"south":{"uv":[0.25,2.25,0.75,2.75],"rotation":270,"texture":"#1"},"west":{"uv":[0.25,2.25,0.75,2.75],"rotation":270,"texture":"#1"},"up":{"uv":[0.25,2.25,0.75,2.75],"texture":"#1"},"down":{"uv":[0.25,2.25,0.75,2.75],"rotation":180,"texture":"#1"}}},{"from":[3.41667,9.4,3.35],"to":[4.48333,10.46667,4.41667],"rotation":{"angle":-45,"axis":"x","origin":[7,9.5,0.5]},"faces":{"north":{"uv":[1.25,2.25,1.75,2.75],"rotation":270,"texture":"#1"},"east":{"uv":[1.25,2.25,1.75,2.75],"rotation":90,"texture":"#1"},"south":{"uv":[1.25,2.25,1.75,2.75],"rotation":270,"texture":"#1"},"west":{"uv":[1.25,2.25,1.75,2.75],"rotation":270,"texture":"#1"},"up":{"uv":[1.25,2.25,1.75,2.75],"texture":"#1"},"down":{"uv":[1.25,2.25,1.75,2.75],"rotation":180,"texture":"#1"}}},{"from":[3.41667,10.46667,3.35],"to":[4.48333,11.53333,4.41667],"rotation":{"angle":-45,"axis":"x","origin":[7,9.5,0.5]},"faces":{"north":{"uv":[2.25,2.25,2.75,2.75],"rotation":270,"texture":"#1"},"east":{"uv":[2.25,2.25,2.75,2.75],"rotation":90,"texture":"#1"},"south":{"uv":[2.25,2.25,2.75,2.75],"rotation":270,"texture":"#1"},"west":{"uv":[2.25,2.25,2.75,2.75],"rotation":270,"texture":"#1"},"up":{"uv":[2.25,2.25,2.75,2.75],"texture":"#1"},"down":{"uv":[2.25,2.25,2.75,2.75],"rotation":180,"texture":"#1"}}},{"from":[3.41667,11.53333,3.35],"to":[4.48333,12.6,4.41667],"rotation":{"angle":-45,"axis":"x","origin":[7,9.5,0.5]},"faces":{"north":{"uv":[3.25,2.25,3.75,2.75],"rotation":270,"texture":"#1"},"east":{"uv":[3.25,2.25,3.75,2.75],"rotation":90,"texture":"#1"},"south":{"uv":[3.25,2.25,3.75,2.75],"rotation":270,"texture":"#1"},"west":{"uv":[3.25,2.25,3.75,2.75],"rotation":270,"texture":"#1"},"up":{"uv":[3.25,2.25,3.75,2.75],"texture":"#1"},"down":{"uv":[3.25,2.25,3.75,2.75],"rotation":180,"texture":"#1"}}},{"from":[3.41667,12.6,3.35],"to":[4.48333,13.66667,4.41667],"rotation":{"angle":-45,"axis":"x","origin":[7,9.5,0.5]},"faces":{"north":{"uv":[4.25,2.25,4.75,2.75],"rotation":270,"texture":"#1"},"east":{"uv":[4.25,2.25,4.75,2.75],"rotation":90,"texture":"#1"},"south":{"uv":[4.25,2.25,4.75,2.75],"rotation":270,"texture":"#1"},"west":{"uv":[4.25,2.25,4.75,2.75],"rotation":270,"texture":"#1"},"up":{"uv":[4.25,2.25,4.75,2.75],"texture":"#1"},"down":{"uv":[4.25,2.25,4.75,2.75],"rotation":180,"texture":"#1"}}},{"from":[3.41667,6.2,2.28333],"to":[4.48333,7.26667,3.35],"rotation":{"angle":-45,"axis":"x","origin":[7,9.5,0.5]},"faces":{"north":{"uv":[11.25,0.25,11.75,0.75],"rotation":270,"texture":"#1"},"east":{"uv":[11.25,0.25,11.75,0.75],"rotation":90,"texture":"#1"},"south":{"uv":[11.25,0.25,11.75,0.75],"rotation":270,"texture":"#1"},"west":{"uv":[11.25,0.25,11.75,0.75],"rotation":270,"texture":"#1"},"up":{"uv":[11.25,0.25,11.75,0.75],"texture":"#1"},"down":{"uv":[11.25,0.25,11.75,0.75],"rotation":180,"texture":"#1"}}},{"from":[3.41667,7.26667,2.28333],"to":[4.48333,8.33333,3.35],"rotation":{"angle":-45,"axis":"x","origin":[7,9.5,0.5]},"faces":{"north":{"uv":[5.25,2.25,5.75,2.75],"rotation":270,"texture":"#1"},"east":{"uv":[5.25,2.25,5.75,2.75],"rotation":90,"texture":"#1"},"south":{"uv":[5.25,2.25,5.75,2.75],"rotation":270,"texture":"#1"},"west":{"uv":[5.25,2.25,5.75,2.75],"rotation":270,"texture":"#1"},"up":{"uv":[5.25,2.25,5.75,2.75],"texture":"#1"},"down":{"uv":[5.25,2.25,5.75,2.75],"rotation":180,"texture":"#1"}}},{"from":[3.41667,8.33333,2.28333],"to":[4.48333,9.4,3.35],"rotation":{"angle":-45,"axis":"x","origin":[7,9.5,0.5]},"faces":{"north":{"uv":[6.25,2.25,6.75,2.75],"rotation":270,"texture":"#1"},"east":{"uv":[6.25,2.25,6.75,2.75],"rotation":90,"texture":"#1"},"south":{"uv":[6.25,2.25,6.75,2.75],"rotation":270,"texture":"#1"},"west":{"uv":[6.25,2.25,6.75,2.75],"rotation":270,"texture":"#1"},"up":{"uv":[6.25,2.25,6.75,2.75],"texture":"#1"},"down":{"uv":[6.25,2.25,6.75,2.75],"rotation":180,"texture":"#1"}}},{"from":[3.41667,9.4,2.28333],"to":[4.48333,10.46667,3.35],"rotation":{"angle":-45,"axis":"x","origin":[7,9.5,0.5]},"faces":{"north":{"uv":[0.25,2.25,0.75,2.75],"rotation":270,"texture":"#1"},"east":{"uv":[0.25,2.25,0.75,2.75],"rotation":90,"texture":"#1"},"south":{"uv":[0.25,2.25,0.75,2.75],"rotation":270,"texture":"#1"},"west":{"uv":[0.25,2.25,0.75,2.75],"rotation":270,"texture":"#1"},"up":{"uv":[0.25,2.25,0.75,2.75],"texture":"#1"},"down":{"uv":[0.25,2.25,0.75,2.75],"rotation":180,"texture":"#1"}}},{"from":[3.41667,10.46667,2.28333],"to":[4.48333,11.53333,3.35],"rotation":{"angle":-45,"axis":"x","origin":[7,9.5,0.5]},"faces":{"north":{"uv":[7.25,2.25,7.75,2.75],"rotation":270,"texture":"#1"},"east":{"uv":[7.25,2.25,7.75,2.75],"rotation":90,"texture":"#1"},"south":{"uv":[7.25,2.25,7.75,2.75],"rotation":270,"texture":"#1"},"west":{"uv":[7.25,2.25,7.75,2.75],"rotation":270,"texture":"#1"},"up":{"uv":[7.25,2.25,7.75,2.75],"texture":"#1"},"down":{"uv":[7.25,2.25,7.75,2.75],"rotation":180,"texture":"#1"}}},{"from":[3.41667,11.53333,2.28333],"to":[4.48333,12.6,3.35],"rotation":{"angle":-45,"axis":"x","origin":[7,9.5,0.5]},"faces":{"north":{"uv":[9.25,0.25,9.75,0.75],"rotation":270,"texture":"#1"},"east":{"uv":[9.25,0.25,9.75,0.75],"rotation":90,"texture":"#1"},"south":{"uv":[9.25,0.25,9.75,0.75],"rotation":270,"texture":"#1"},"west":{"uv":[9.25,0.25,9.75,0.75],"rotation":270,"texture":"#1"},"up":{"uv":[9.25,0.25,9.75,0.75],"texture":"#1"},"down":{"uv":[9.25,0.25,9.75,0.75],"rotation":180,"texture":"#1"}}},{"from":[3.41667,12.6,2.28333],"to":[4.48333,13.66667,3.35],"rotation":{"angle":-45,"axis":"x","origin":[7,9.5,0.5]},"faces":{"north":{"uv":[8.25,2.25,8.75,2.75],"rotation":270,"texture":"#1"},"east":{"uv":[8.25,2.25,8.75,2.75],"rotation":90,"texture":"#1"},"south":{"uv":[8.25,2.25,8.75,2.75],"rotation":270,"texture":"#1"},"west":{"uv":[8.25,2.25,8.75,2.75],"rotation":270,"texture":"#1"},"up":{"uv":[8.25,2.25,8.75,2.75],"texture":"#1"},"down":{"uv":[8.25,2.25,8.75,2.75],"rotation":180,"texture":"#1"}}},{"from":[3.41667,13.66667,2.28333],"to":[4.48333,14.73333,3.35],"rotation":{"angle":-45,"axis":"x","origin":[7,9.5,0.5]},"faces":{"north":{"uv":[9.25,2.25,9.75,2.75],"rotation":270,"texture":"#1"},"east":{"uv":[9.25,2.25,9.75,2.75],"rotation":90,"texture":"#1"},"south":{"uv":[9.25,2.25,9.75,2.75],"rotation":270,"texture":"#1"},"west":{"uv":[9.25,2.25,9.75,2.75],"rotation":270,"texture":"#1"},"up":{"uv":[9.25,2.25,9.75,2.75],"texture":"#1"},"down":{"uv":[9.25,2.25,9.75,2.75],"rotation":180,"texture":"#1"}}},{"from":[3.41667,9.4,1.21667],"to":[4.48333,10.46667,2.28333],"rotation":{"angle":-45,"axis":"x","origin":[7,9.5,0.5]},"faces":{"north":{"uv":[10.25,2.25,10.75,2.75],"rotation":270,"texture":"#1"},"east":{"uv":[10.25,2.25,10.75,2.75],"rotation":90,"texture":"#1"},"south":{"uv":[10.25,2.25,10.75,2.75],"rotation":270,"texture":"#1"},"west":{"uv":[10.25,2.25,10.75,2.75],"rotation":270,"texture":"#1"},"up":{"uv":[10.25,2.25,10.75,2.75],"texture":"#1"},"down":{"uv":[10.25,2.25,10.75,2.75],"rotation":180,"texture":"#1"}}},{"from":[3.41667,10.46667,1.21667],"to":[4.48333,11.53333,2.28333],"rotation":{"angle":-45,"axis":"x","origin":[7,9.5,0.5]},"faces":{"north":{"uv":[11.25,2.25,11.75,2.75],"rotation":270,"texture":"#1"},"east":{"uv":[11.25,2.25,11.75,2.75],"rotation":90,"texture":"#1"},"south":{"uv":[11.25,2.25,11.75,2.75],"rotation":270,"texture":"#1"},"west":{"uv":[11.25,2.25,11.75,2.75],"rotation":270,"texture":"#1"},"up":{"uv":[11.25,2.25,11.75,2.75],"texture":"#1"},"down":{"uv":[11.25,2.25,11.75,2.75],"rotation":180,"texture":"#1"}}},{"from":[3.41667,11.53333,1.21667],"to":[4.48333,12.6,2.28333],"rotation":{"angle":-45,"axis":"x","origin":[7,9.5,0.5]},"faces":{"north":{"uv":[12.25,2.25,12.75,2.75],"rotation":270,"texture":"#1"},"east":{"uv":[12.25,2.25,12.75,2.75],"rotation":90,"texture":"#1"},"south":{"uv":[12.25,2.25,12.75,2.75],"rotation":270,"texture":"#1"},"west":{"uv":[12.25,2.25,12.75,2.75],"rotation":270,"texture":"#1"},"up":{"uv":[12.25,2.25,12.75,2.75],"texture":"#1"},"down":{"uv":[12.25,2.25,12.75,2.75],"rotation":180,"texture":"#1"}}},{"from":[3.41667,12.6,1.21667],"to":[4.48333,13.66667,2.28333],"rotation":{"angle":-45,"axis":"x","origin":[7,9.5,0.5]},"faces":{"north":{"uv":[13.25,2.25,13.75,2.75],"rotation":270,"texture":"#1"},"east":{"uv":[13.25,2.25,13.75,2.75],"rotation":90,"texture":"#1"},"south":{"uv":[13.25,2.25,13.75,2.75],"rotation":270,"texture":"#1"},"west":{"uv":[13.25,2.25,13.75,2.75],"rotation":270,"texture":"#1"},"up":{"uv":[13.25,2.25,13.75,2.75],"texture":"#1"},"down":{"uv":[13.25,2.25,13.75,2.75],"rotation":180,"texture":"#1"}}}],"display":{"thirdperson_lefthand":{"rotation":[90,0,0],"translation":[-5,-2,-1]}}}