{
    "textures": {
        "0": "asurvival:mobs/animations/infected_skeleton_moving"
    },
    "elements": [
        {
            "from": [ 4, 9, 6 ],
            "to":   [ 12, 21, 10 ],
            "faces": {
                "north": { "uv": [ 1.25, 1.25, 1.75, 2 ], "texture": "#0" },
                "east":  { "uv": [ 1.75, 1.25, 2, 2 ], "texture": "#0" },
                "south": { "uv": [ 1.5, 0.25, 2, 1 ], "texture": "#0" },
                "west":  { "uv": [ 1, 1.25, 1.25, 2 ], "texture": "#0" },
                "up":    { "uv": [ 1.40625, 1.09375, 1.65625, 1.21875 ], "rotation":180, "texture": "#0" },
                "down":  { "uv": [ 1.5, 0, 2, 0.25 ], "rotation":180, "texture": "#0" }
            }
        },
        {
            "from": [ 5, 3, 7 ],
            "to":   [ 7, 9, 9 ],
            "faces": {
                "north": { "uv": [ 0.875, 1.5, 1, 1.875 ], "texture": "#0" },
                "east":  { "uv": [ 0.875, 1.5, 1, 1.875 ], "texture": "#0" },
                "south": { "uv": [ 0.875, 1.5, 1, 1.875 ], "texture": "#0" },
                "west":  { "uv": [ 0.875, 1.5, 1, 1.875 ], "texture": "#0" },
                "up":    { "uv": [ 0.875, 1.125, 1, 1.25 ], "texture": "#0" },
                "down":  { "uv": [ 0.875, 1.5, 1, 1.875 ], "texture": "#0" }
            }
        },
        {
            "from": [ 5, -3, 7 ],
            "to":   [ 7, 3, 9 ],
            "faces": {
                "north": { "uv": [ 7, 0.625, 7.125, 1 ], "texture": "#0" },
                "east":  { "uv": [ 7, 0.625, 7.125, 1 ], "texture": "#0" },
                "south": { "uv": [ 7, 0.625, 7.125, 1 ], "texture": "#0" },
                "west":  { "uv": [ 7, 0.625, 7.125, 1 ], "texture": "#0" },
                "up":    { "uv": [ 7, 0.625, 7.125, 1 ], "texture": "#0" },
                "down":  { "uv": [ 7, 0.5, 7.125, 0.625 ], "texture": "#0" }
            }
        },
        {
            "from": [ 9, -3, 7 ],
            "to":   [ 11, 3, 9 ],
            "faces": {
                "north": { "uv": [ 0.125, 1.5, 0.25, 1.875 ], "texture": "#0" },
                "east":  { "uv": [ 0.25, 1.5, 0.375, 1.875 ], "texture": "#0" },
                "south": { "uv": [ 0.375, 1.5, 0.5, 1.875 ], "texture": "#0" },
                "west":  { "uv": [ 0, 1.5, 0.125, 1.875 ], "texture": "#0" },
                "up":    { "uv": [ 0.125, 1, 0.25, 1.125 ], "texture": "#0" },
                "down":  { "uv": [ 0.125, 1, 0.25, 1.125 ], "texture": "#0" }
            }
        },
        {
            "from": [ 9, 3, 7 ],
            "to":   [ 11, 9, 9 ],
            "faces": {
                "north": { "uv": [ 0.125, 1.125, 0.25, 1.5 ], "texture": "#0" },
                "east":  { "uv": [ 0.25, 1.125, 0.375, 1.5 ], "texture": "#0" },
                "south": { "uv": [ 0.375, 1.125, 0.5, 1.5 ], "texture": "#0" },
                "west":  { "uv": [ 0, 1.125, 0.125, 1.5 ], "texture": "#0" },
                "up":    { "uv": [ 0.125, 1, 0.25, 1.125 ], "texture": "#0" },
                "down":  { "uv": [ 0.125, 1, 0.25, 1.125 ], "texture": "#0" }
            }
        },
        {
            "from": [ 4, 9, 10.1 ],
            "to":   [ 12, 21, 10.1 ],
            "faces": {
                "north": { "uv": [ 6.5, 2.25, 7, 3 ], "texture": "#0" },
                "east":  { "uv": [ 1.75, 1.25, 2, 2 ], "texture": "#0" },
                "south": { "uv": [ 6.5, 2.25, 7, 3 ], "texture": "#0" },
                "west":  { "uv": [ 1, 1.25, 1.25, 2 ], "texture": "#0" },
                "up":    { "uv": [ 1.40625, 1.09375, 1.65625, 1.21875 ], "rotation":180, "texture": "#0" },
                "down":  { "uv": [ 1.5, 0, 2, 0.25 ], "rotation":180, "texture": "#0" }
            }
        },
        {
            "from": [ 8, 9, 7.5 ],
            "to":   [ 11, 12, 7.5 ],
            "faces": {
                "north": { "uv": [ 6, 0, 6.5, 0.4375 ], "texture": "#0" },
                "east":  { "uv": [ 4, 0, 4, 1.25 ], "texture": "#0" },
                "south": { "uv": [ 6, 0, 6.5, 0.4375 ], "texture": "#0" },
                "west":  { "uv": [ 4, 0, 4, 1.25 ], "rotation":180, "texture": "#0" },
                "up":    { "uv": [ 4, 0, 5, 0 ], "texture": "#0" },
                "down":  { "uv": [ 4, 0, 5, 0 ], "rotation":180, "texture": "#0" }
            }
        },
        {
            "from": [ 9.5, 9, 6 ],
            "to":   [ 9.5, 12, 9 ],
            "faces": {
                "north": { "uv": [ 4, 0, 4, 1.25 ], "texture": "#0" },
                "east":  { "uv": [ 6, 0, 6.5, 0.4375 ], "texture": "#0" },
                "south": { "uv": [ 4, 0, 4, 1.25 ], "rotation":180, "texture": "#0" },
                "west":  { "uv": [ 6, 0, 6.5, 0.4375 ], "texture": "#0" },
                "up":    { "uv": [ 4, 0, 5, 0 ], "rotation":270, "texture": "#0" },
                "down":  { "uv": [ 4, 0, 5, 0 ], "rotation":270, "texture": "#0" }
            }
        },
        {
            "from": [ 7.7, -2.00003, 8 ],
            "to":   [ 12.7, 2.99997, 8 ],
            "rotation": { "angle": -22.5, "axis": "z", "origin": [11.5, -1.50003, 8] },
            "faces": {
                "north": { "uv": [ 7.5625, 2.625, 7.875, 2.9375 ], "rotation":180, "texture": "#0" },
                "east":  { "uv": [ 4, 0, 4, 1.25 ], "texture": "#0" },
                "south": { "uv": [ 7.5625, 2.625, 7.875, 2.9375 ], "rotation":180, "texture": "#0" },
                "west":  { "uv": [ 4, 0, 4, 1.25 ], "rotation":180, "texture": "#0" },
                "up":    { "uv": [ 4, 0, 5, 0 ], "texture": "#0" },
                "down":  { "uv": [ 4, 0, 5, 0 ], "rotation":180, "texture": "#0" }
            }
        },
        {
            "from": [ 9.7966, -2.00309, 5.55646 ],
            "to":   [ 9.7966, 2.99691, 10.55646 ],
            "faces": {
                "north": { "uv": [ 4, 0, 4, 1.25 ], "texture": "#0" },
                "east":  { "uv": [ 7.5625, 2.625, 7.875, 2.9375 ], "rotation":180, "texture": "#0" },
                "south": { "uv": [ 4, 0, 4, 1.25 ], "rotation":180, "texture": "#0" },
                "west":  { "uv": [ 7.5625, 2.625, 7.875, 2.9375 ], "rotation":180, "texture": "#0" },
                "up":    { "uv": [ 4, 0, 5, 0 ], "rotation":270, "texture": "#0" },
                "down":  { "uv": [ 4, 0, 5, 0 ], "rotation":270, "texture": "#0" }
            }
        },
        {
            "from": [ 9.7966, -2.00309, 5.55646 ],
            "to":   [ 9.7966, 2.99691, 10.55646 ],
            "rotation": { "angle": 45, "axis": "y", "origin": [9.7966, 0.49691, 8.05646] },
            "faces": {
                "north": { "uv": [ 4, 0, 4, 1.25 ], "texture": "#0" },
                "east":  { "uv": [ 7.5625, 2.625, 7.875, 2.9375 ], "rotation":180, "texture": "#0" },
                "south": { "uv": [ 4, 0, 4, 1.25 ], "rotation":180, "texture": "#0" },
                "west":  { "uv": [ 7.5625, 2.625, 7.875, 2.9375 ], "rotation":180, "texture": "#0" },
                "up":    { "uv": [ 4, 0, 5, 0 ], "rotation":270, "texture": "#0" },
                "down":  { "uv": [ 4, 0, 5, 0 ], "rotation":270, "texture": "#0" }
            }
        },
        {
            "from": [ 9.7966, -2.00309, 5.55646 ],
            "to":   [ 9.7966, 2.99691, 10.55646 ],
            "rotation": { "angle": -45, "axis": "y", "origin": [9.7966, 0.49691, 8.05646] },
            "faces": {
                "north": { "uv": [ 4, 0, 4, 1.25 ], "texture": "#0" },
                "east":  { "uv": [ 7.5625, 2.625, 7.875, 2.9375 ], "rotation":180, "texture": "#0" },
                "south": { "uv": [ 4, 0, 4, 1.25 ], "rotation":180, "texture": "#0" },
                "west":  { "uv": [ 7.5625, 2.625, 7.875, 2.9375 ], "rotation":180, "texture": "#0" },
                "up":    { "uv": [ 4, 0, 5, 0 ], "rotation":270, "texture": "#0" },
                "down":  { "uv": [ 4, 0, 5, 0 ], "rotation":270, "texture": "#0" }
            }
        },
        {
            "from": [ 4, 9, 6 ],
            "to":   [ 12, 21, 10 ],
            "faces": {
                "north": { "uv": [ 9.25, 1.25, 9.75, 2 ], "texture": "#0" },
                "east":  { "uv": [ 9.75, 1.25, 10, 2 ], "texture": "#0" },
                "south": { "uv": [ 9.5, 0.25, 10, 1 ], "texture": "#0" },
                "west":  { "uv": [ 9, 1.25, 9.25, 2 ], "texture": "#0" },
                "up":    { "uv": [ 9.40625, 1.09375, 9.65625, 1.21875 ], "rotation":180, "texture": "#0" },
                "down":  { "uv": [ 9.5, 0, 10, 0.25 ], "rotation":180, "texture": "#0" }
            }
        },
        {
            "from": [ 5, 3, 7 ],
            "to":   [ 7, 9, 9 ],
            "rotation": { "angle": 22.5, "axis": "x", "origin": [6, 8.71429, 8] },
            "faces": {
                "north": { "uv": [ 8.875, 1.5, 9, 1.875 ], "texture": "#0" },
                "east":  { "uv": [ 8.875, 1.5, 9, 1.875 ], "texture": "#0" },
                "south": { "uv": [ 8.875, 1.5, 9, 1.875 ], "texture": "#0" },
                "west":  { "uv": [ 8.875, 1.5, 9, 1.875 ], "texture": "#0" },
                "up":    { "uv": [ 8.875, 1.125, 9, 1.25 ], "texture": "#0" },
                "down":  { "uv": [ 8.875, 1.5, 9, 1.875 ], "texture": "#0" }
            }
        },
        {
            "from": [ 5, -3, 7 ],
            "to":   [ 7, 3, 9 ],
            "rotation": { "angle": 22.5, "axis": "x", "origin": [6, 8.71429, 8] },
            "faces": {
                "north": { "uv": [ 15, 0.625, 15.125, 1 ], "texture": "#0" },
                "east":  { "uv": [ 15, 0.625, 15.125, 1 ], "texture": "#0" },
                "south": { "uv": [ 15, 0.625, 15.125, 1 ], "texture": "#0" },
                "west":  { "uv": [ 15, 0.625, 15.125, 1 ], "texture": "#0" },
                "up":    { "uv": [ 15, 0.625, 15.125, 1 ], "texture": "#0" },
                "down":  { "uv": [ 15, 0.5, 15.125, 0.625 ], "texture": "#0" }
            }
        },
        {
            "from": [ 9, -3, 7 ],
            "to":   [ 11, 3, 9 ],
            "rotation": { "angle": -22.5, "axis": "x", "origin": [10.28571, 8.75, 8] },
            "faces": {
                "north": { "uv": [ 8.125, 1.5, 8.25, 1.875 ], "texture": "#0" },
                "east":  { "uv": [ 8.25, 1.5, 8.375, 1.875 ], "texture": "#0" },
                "south": { "uv": [ 8.375, 1.5, 8.5, 1.875 ], "texture": "#0" },
                "west":  { "uv": [ 8, 1.5, 8.125, 1.875 ], "texture": "#0" },
                "up":    { "uv": [ 8.125, 1, 8.25, 1.125 ], "texture": "#0" },
                "down":  { "uv": [ 8.125, 1, 8.25, 1.125 ], "texture": "#0" }
            }
        },
        {
            "from": [ 9, 3, 7 ],
            "to":   [ 11, 9, 9 ],
            "rotation": { "angle": -22.5, "axis": "x", "origin": [10.28571, 8.75, 8] },
            "faces": {
                "north": { "uv": [ 8.125, 1.125, 8.25, 1.5 ], "texture": "#0" },
                "east":  { "uv": [ 8.25, 1.125, 8.375, 1.5 ], "texture": "#0" },
                "south": { "uv": [ 8.375, 1.125, 8.5, 1.5 ], "texture": "#0" },
                "west":  { "uv": [ 8, 1.125, 8.125, 1.5 ], "texture": "#0" },
                "up":    { "uv": [ 8.125, 1, 8.25, 1.125 ], "texture": "#0" },
                "down":  { "uv": [ 8.125, 1, 8.25, 1.125 ], "texture": "#0" }
            }
        },
        {
            "from": [ 10.2966, -2.00309, 5.55646 ],
            "to":   [ 10.2966, 2.99691, 10.55646 ],
            "rotation": { "angle": -22.5, "axis": "x", "origin": [10.28571, 8.75, 8] },
            "faces": {
                "north": { "uv": [ 12, 0, 12, 1.25 ], "texture": "#0" },
                "east":  { "uv": [ 15.5625, 2.625, 15.875, 2.9375 ], "rotation":180, "texture": "#0" },
                "south": { "uv": [ 12, 0, 12, 1.25 ], "rotation":180, "texture": "#0" },
                "west":  { "uv": [ 15.5625, 2.625, 15.875, 2.9375 ], "rotation":180, "texture": "#0" },
                "up":    { "uv": [ 12, 0, 13, 0 ], "rotation":270, "texture": "#0" },
                "down":  { "uv": [ 12, 0, 13, 0 ], "rotation":270, "texture": "#0" }
            }
        },
        {
            "from": [ 9.7966, -2.00309, 5.55646 ],
            "to":   [ 9.7966, 2.99691, 10.55646 ],
            "rotation": { "angle": -22.5, "axis": "x", "origin": [10.28571, 8.75, 8] },
            "faces": {
                "north": { "uv": [ 12, 0, 12, 1.25 ], "texture": "#0" },
                "east":  { "uv": [ 15.5625, 2.625, 15.875, 2.9375 ], "rotation":180, "texture": "#0" },
                "south": { "uv": [ 12, 0, 12, 1.25 ], "rotation":180, "texture": "#0" },
                "west":  { "uv": [ 15.5625, 2.625, 15.875, 2.9375 ], "rotation":180, "texture": "#0" },
                "up":    { "uv": [ 12, 0, 13, 0 ], "rotation":270, "texture": "#0" },
                "down":  { "uv": [ 12, 0, 13, 0 ], "rotation":270, "texture": "#0" }
            }
        },
        {
            "from": [ 7.2966, -2.00309, 7.55646 ],
            "to":   [ 12.2966, 2.99691, 7.55646 ],
            "rotation": { "angle": -22.5, "axis": "x", "origin": [10.28571, 8.75, 8] },
            "faces": {
                "north": { "uv": [ 15.5625, 2.625, 15.875, 2.9375 ], "rotation":180, "texture": "#0" },
                "east":  { "uv": [ 12, 0, 12, 1.25 ], "rotation":180, "texture": "#0" },
                "south": { "uv": [ 15.5625, 2.625, 15.875, 2.9375 ], "rotation":180, "texture": "#0" },
                "west":  { "uv": [ 12, 0, 12, 1.25 ], "texture": "#0" },
                "up":    { "uv": [ 12, 0, 13, 0 ], "rotation":180, "texture": "#0" },
                "down":  { "uv": [ 12, 0, 13, 0 ], "texture": "#0" }
            }
        },
        {
            "from": [ 7.95, -1.50003, 8 ],
            "to":   [ 12.95, 3.49997, 8 ],
            "rotation": { "angle": -22.5, "axis": "x", "origin": [10.28571, 8.75, 8] },
            "faces": {
                "north": { "uv": [ 15.5625, 2.625, 15.875, 2.9375 ], "rotation":180, "texture": "#0" },
                "east":  { "uv": [ 12, 0, 12, 1.25 ], "texture": "#0" },
                "south": { "uv": [ 15.5625, 2.625, 15.875, 2.9375 ], "rotation":180, "texture": "#0" },
                "west":  { "uv": [ 12, 0, 12, 1.25 ], "rotation":180, "texture": "#0" },
                "up":    { "uv": [ 12, 0, 13, 0 ], "texture": "#0" },
                "down":  { "uv": [ 12, 0, 13, 0 ], "rotation":180, "texture": "#0" }
            }
        },
        {
            "from": [ 4, 9, 10.1 ],
            "to":   [ 12, 21, 10.1 ],
            "faces": {
                "north": { "uv": [ 14.5, 2.25, 15, 3 ], "texture": "#0" },
                "east":  { "uv": [ 9.75, 1.25, 10, 2 ], "texture": "#0" },
                "south": { "uv": [ 14.5, 2.25, 15, 3 ], "texture": "#0" },
                "west":  { "uv": [ 9, 1.25, 9.25, 2 ], "texture": "#0" },
                "up":    { "uv": [ 9.40625, 1.09375, 9.65625, 1.21875 ], "rotation":180, "texture": "#0" },
                "down":  { "uv": [ 9.5, 0, 10, 0.25 ], "rotation":180, "texture": "#0" }
            }
        },
        {
            "from": [ 8, 9, 7.5 ],
            "to":   [ 11, 12, 7.5 ],
            "faces": {
                "north": { "uv": [ 14, 0, 14.5, 0.4375 ], "texture": "#0" },
                "east":  { "uv": [ 12, 0, 12, 1.25 ], "texture": "#0" },
                "south": { "uv": [ 14, 0, 14.5, 0.4375 ], "texture": "#0" },
                "west":  { "uv": [ 12, 0, 12, 1.25 ], "rotation":180, "texture": "#0" },
                "up":    { "uv": [ 12, 0, 13, 0 ], "texture": "#0" },
                "down":  { "uv": [ 12, 0, 13, 0 ], "rotation":180, "texture": "#0" }
            }
        },
        {
            "from": [ 9.5, 9, 6 ],
            "to":   [ 9.5, 12, 9 ],
            "faces": {
                "north": { "uv": [ 12, 0, 12, 1.25 ], "texture": "#0" },
                "east":  { "uv": [ 14, 0, 14.5, 0.4375 ], "texture": "#0" },
                "south": { "uv": [ 12, 0, 12, 1.25 ], "rotation":180, "texture": "#0" },
                "west":  { "uv": [ 14, 0, 14.5, 0.4375 ], "texture": "#0" },
                "up":    { "uv": [ 12, 0, 13, 0 ], "rotation":270, "texture": "#0" },
                "down":  { "uv": [ 12, 0, 13, 0 ], "rotation":270, "texture": "#0" }
            }
        },
        {
            "from": [ 4, 9, 6 ],
            "to":   [ 12, 21, 10 ],
            "faces": {
                "north": { "uv": [ 1.25, 9.25, 1.75, 10 ], "texture": "#0" },
                "east":  { "uv": [ 1.75, 9.25, 2, 10 ], "texture": "#0" },
                "south": { "uv": [ 1.5, 8.25, 2, 9 ], "texture": "#0" },
                "west":  { "uv": [ 1, 9.25, 1.25, 10 ], "texture": "#0" },
                "up":    { "uv": [ 1.40625, 9.09375, 1.65625, 9.21875 ], "rotation":180, "texture": "#0" },
                "down":  { "uv": [ 1.5, 8, 2, 8.25 ], "rotation":180, "texture": "#0" }
            }
        },
        {
            "from": [ 5, 3, 7 ],
            "to":   [ 7, 9, 9 ],
            "rotation": { "angle": -22.5, "axis": "x", "origin": [6, 8.71429, 8] },
            "faces": {
                "north": { "uv": [ 0.875, 9.5, 1, 9.875 ], "texture": "#0" },
                "east":  { "uv": [ 0.875, 9.5, 1, 9.875 ], "texture": "#0" },
                "south": { "uv": [ 0.875, 9.5, 1, 9.875 ], "texture": "#0" },
                "west":  { "uv": [ 0.875, 9.5, 1, 9.875 ], "texture": "#0" },
                "up":    { "uv": [ 0.875, 9.125, 1, 9.25 ], "texture": "#0" },
                "down":  { "uv": [ 0.875, 9.5, 1, 9.875 ], "texture": "#0" }
            }
        },
        {
            "from": [ 5, -3, 7 ],
            "to":   [ 7, 3, 9 ],
            "rotation": { "angle": -22.5, "axis": "x", "origin": [6, 8.71429, 8] },
            "faces": {
                "north": { "uv": [ 7, 8.625, 7.125, 9 ], "texture": "#0" },
                "east":  { "uv": [ 7, 8.625, 7.125, 9 ], "texture": "#0" },
                "south": { "uv": [ 7, 8.625, 7.125, 9 ], "texture": "#0" },
                "west":  { "uv": [ 7, 8.625, 7.125, 9 ], "texture": "#0" },
                "up":    { "uv": [ 7, 8.625, 7.125, 9 ], "texture": "#0" },
                "down":  { "uv": [ 7, 8.5, 7.125, 8.625 ], "texture": "#0" }
            }
        },
        {
            "from": [ 9, -3, 7 ],
            "to":   [ 11, 3, 9 ],
            "rotation": { "angle": 22.5, "axis": "x", "origin": [10.28571, 8.75, 8] },
            "faces": {
                "north": { "uv": [ 0.125, 9.5, 0.25, 9.875 ], "texture": "#0" },
                "east":  { "uv": [ 0.25, 9.5, 0.375, 9.875 ], "texture": "#0" },
                "south": { "uv": [ 0.375, 9.5, 0.5, 9.875 ], "texture": "#0" },
                "west":  { "uv": [ 0, 9.5, 0.125, 9.875 ], "texture": "#0" },
                "up":    { "uv": [ 0.125, 9, 0.25, 9.125 ], "texture": "#0" },
                "down":  { "uv": [ 0.125, 9, 0.25, 9.125 ], "texture": "#0" }
            }
        },
        {
            "from": [ 9, 3, 7 ],
            "to":   [ 11, 9, 9 ],
            "rotation": { "angle": 22.5, "axis": "x", "origin": [10.28571, 8.75, 8] },
            "faces": {
                "north": { "uv": [ 0.125, 9.125, 0.25, 9.5 ], "texture": "#0" },
                "east":  { "uv": [ 0.25, 9.125, 0.375, 9.5 ], "texture": "#0" },
                "south": { "uv": [ 0.375, 9.125, 0.5, 9.5 ], "texture": "#0" },
                "west":  { "uv": [ 0, 9.125, 0.125, 9.5 ], "texture": "#0" },
                "up":    { "uv": [ 0.125, 9, 0.25, 9.125 ], "texture": "#0" },
                "down":  { "uv": [ 0.125, 9, 0.25, 9.125 ], "texture": "#0" }
            }
        },
        {
            "from": [ 10.2966, -2.00309, 5.55646 ],
            "to":   [ 10.2966, 2.99691, 10.55646 ],
            "rotation": { "angle": 22.5, "axis": "x", "origin": [10.28571, 8.75, 8] },
            "faces": {
                "north": { "uv": [ 4, 8, 4, 9.25 ], "texture": "#0" },
                "east":  { "uv": [ 7.5625, 10.625, 7.875, 10.9375 ], "rotation":180, "texture": "#0" },
                "south": { "uv": [ 4, 8, 4, 9.25 ], "rotation":180, "texture": "#0" },
                "west":  { "uv": [ 7.5625, 10.625, 7.875, 10.9375 ], "rotation":180, "texture": "#0" },
                "up":    { "uv": [ 4, 8, 5, 8 ], "rotation":270, "texture": "#0" },
                "down":  { "uv": [ 4, 8, 5, 8 ], "rotation":270, "texture": "#0" }
            }
        },
        {
            "from": [ 9.7966, -2.00309, 5.55646 ],
            "to":   [ 9.7966, 2.99691, 10.55646 ],
            "rotation": { "angle": 22.5, "axis": "x", "origin": [10.28571, 8.75, 8] },
            "faces": {
                "north": { "uv": [ 4, 8, 4, 9.25 ], "texture": "#0" },
                "east":  { "uv": [ 7.5625, 10.625, 7.875, 10.9375 ], "rotation":180, "texture": "#0" },
                "south": { "uv": [ 4, 8, 4, 9.25 ], "rotation":180, "texture": "#0" },
                "west":  { "uv": [ 7.5625, 10.625, 7.875, 10.9375 ], "rotation":180, "texture": "#0" },
                "up":    { "uv": [ 4, 8, 5, 8 ], "rotation":270, "texture": "#0" },
                "down":  { "uv": [ 4, 8, 5, 8 ], "rotation":270, "texture": "#0" }
            }
        },
        {
            "from": [ 7.2966, -2.00309, 7.55646 ],
            "to":   [ 12.2966, 2.99691, 7.55646 ],
            "rotation": { "angle": 22.5, "axis": "x", "origin": [10.28571, 8.75, 8] },
            "faces": {
                "north": { "uv": [ 7.5625, 10.625, 7.875, 10.9375 ], "rotation":180, "texture": "#0" },
                "east":  { "uv": [ 4, 8, 4, 9.25 ], "rotation":180, "texture": "#0" },
                "south": { "uv": [ 7.5625, 10.625, 7.875, 10.9375 ], "rotation":180, "texture": "#0" },
                "west":  { "uv": [ 4, 8, 4, 9.25 ], "texture": "#0" },
                "up":    { "uv": [ 4, 8, 5, 8 ], "rotation":180, "texture": "#0" },
                "down":  { "uv": [ 4, 8, 5, 8 ], "texture": "#0" }
            }
        },
        {
            "from": [ 7.95, -1.50003, 8 ],
            "to":   [ 12.95, 3.49997, 8 ],
            "rotation": { "angle": 22.5, "axis": "x", "origin": [10.28571, 8.75, 8] },
            "faces": {
                "north": { "uv": [ 7.5625, 10.625, 7.875, 10.9375 ], "rotation":180, "texture": "#0" },
                "east":  { "uv": [ 4, 8, 4, 9.25 ], "texture": "#0" },
                "south": { "uv": [ 7.5625, 10.625, 7.875, 10.9375 ], "rotation":180, "texture": "#0" },
                "west":  { "uv": [ 4, 8, 4, 9.25 ], "rotation":180, "texture": "#0" },
                "up":    { "uv": [ 4, 8, 5, 8 ], "texture": "#0" },
                "down":  { "uv": [ 4, 8, 5, 8 ], "rotation":180, "texture": "#0" }
            }
        },
        {
            "from": [ 4, 9, 10.1 ],
            "to":   [ 12, 21, 10.1 ],
            "faces": {
                "north": { "uv": [ 6.5, 10.25, 7, 11 ], "texture": "#0" },
                "east":  { "uv": [ 1.75, 9.25, 2, 10 ], "texture": "#0" },
                "south": { "uv": [ 6.5, 10.25, 7, 11 ], "texture": "#0" },
                "west":  { "uv": [ 1, 9.25, 1.25, 10 ], "texture": "#0" },
                "up":    { "uv": [ 1.40625, 9.09375, 1.65625, 9.21875 ], "rotation":180, "texture": "#0" },
                "down":  { "uv": [ 1.5, 8, 2, 8.25 ], "rotation":180, "texture": "#0" }
            }
        },
        {
            "from": [ 8, 9, 7.5 ],
            "to":   [ 11, 12, 7.5 ],
            "faces": {
                "north": { "uv": [ 6, 8, 6.5, 8.4375 ], "texture": "#0" },
                "east":  { "uv": [ 4, 8, 4, 9.25 ], "texture": "#0" },
                "south": { "uv": [ 6, 8, 6.5, 8.4375 ], "texture": "#0" },
                "west":  { "uv": [ 4, 8, 4, 9.25 ], "rotation":180, "texture": "#0" },
                "up":    { "uv": [ 4, 8, 5, 8 ], "texture": "#0" },
                "down":  { "uv": [ 4, 8, 5, 8 ], "rotation":180, "texture": "#0" }
            }
        },
        {
            "from": [ 9.5, 9, 6 ],
            "to":   [ 9.5, 12, 9 ],
            "faces": {
                "north": { "uv": [ 4, 8, 4, 9.25 ], "texture": "#0" },
                "east":  { "uv": [ 6, 8, 6.5, 8.4375 ], "texture": "#0" },
                "south": { "uv": [ 4, 8, 4, 9.25 ], "rotation":180, "texture": "#0" },
                "west":  { "uv": [ 6, 8, 6.5, 8.4375 ], "texture": "#0" },
                "up":    { "uv": [ 4, 8, 5, 8 ], "rotation":270, "texture": "#0" },
                "down":  { "uv": [ 4, 8, 5, 8 ], "rotation":270, "texture": "#0" }
            }
        }
    ],
    "display": {
        "head": {
            "translation": [ 0, -64, 0 ],
            "scale": [ 1.6, 1.6, 1.6 ]
        }
    }
}